{"type":"FeatureCollection","features":[{"type":"Feature","properties":{"fclass":"service","name":"Jones Alley","oneway":"B","bridge":"F","tunnel":"F"},"geometry":{"type":"LineString","coordinates":[[-73.993845,40.726035],[-73.994403,40.726263],[-73.99503,40.72658]]}},{"type":"Feature","properties":{"fclass":"residential","name":"Old Slip","oneway":"F","bridge":"F","tunnel":"F"},"geometry":{"type":"LineString","coordinates":[[-74.0077786,40.7033242],[-74.008325,40.703813],[-74.0084083,40.7038846],[-74.008789,40.704211]]}},{"type":"Feature","properties":{"fclass":"unclassified","name":"Liberty Street","oneway":"B","bridge":"F","tunnel":"F"},"geometry":{"type":"LineString","coordinates":[[-74.0158085,40.7115653],[-74.0147708,40.7111771],[-74.0146456,40.7111301]]}},{"type":"Feature","properties":{"fclass":"footway","oneway":"B","bridge":"F","tunnel":"F"},"geometry":{"type":"LineString","coordinates":[[-74.0151478,40.7062721],[-74.0150882,40.7062574],[-74.015068,40.7062526]]}},{"type":"Feature","properties":{"fclass":"motorway_link","oneway":"F","layer":1,"bridge":"T","tunnel":"F"},"geometry":{"type":"LineString","coordinates":[[-73.9978288,40.7088777],[-73.9978484,40.708873],[-73.9979839,40.7088361],[-73.9981206,40.7087963],[-73.9982494,40.7087547],[-73.998729,40.7085857],[-73.9988023,40.7085595],[-73.9988708,40.7085369],[-73.9989505,40.7085142],[-73.9990178,40.7085],[-73.9990905,40.7084898],[-73.9991658,40.7084857],[-73.999235,40.7084883],[-73.9993088,40.708495]]}},{"type":"Feature","properties":{"fclass":"motorway_link","oneway":"F","bridge":"F","tunnel":"F"},"geometry":{"type":"LineString","coordinates":[[-74.006111,40.7238002],[-74.0062304,40.7238315],[-74.0063345,40.7238605],[-74.006417,40.7238894],[-74.0064736,40.723915],[-74.0065516,40.7239531],[-74.0066204,40.7239903],[-74.0066725,40.7240228],[-74.00672,40.7240552],[-74.0067765,40.7240992],[-74.0068225,40.7241411],[-74.0068913,40.7242105],[-74.0069219,40.7242489],[-74.0069524,40.7242941],[-74.0069754,40.7243358],[-74.0069876,40.7243799],[-74.007029,40.724504]]}},{"type":"Feature","properties":{"fclass":"motorway_link","oneway":"F","layer":4,"bridge":"T","tunnel":"F"},"geometry":{"type":"LineString","coordinates":[[-74.0036668,40.711607],[-74.0040277,40.711929],[-74.0040696,40.7119698],[-74.0041074,40.7120106],[-74.0041357,40.712046]]}},{"type":"Feature","properties":{"fclass":"motorway","ref":"I 78","oneway":"F","bridge":"F","tunnel":"F"},"geometry":{"type":"LineString","coordinates":[[-74.0077631,40.7233638],[-74.0066998,40.7226061],[-74.0066544,40.7225695],[-74.0066172,40.7225355],[-74.0065926,40.7225091],[-74.0065725,40.7224811],[-74.0065514,40.7224462],[-74.0065373,40.7224156],[-74.0065251,40.7223792],[-74.0065141,40.7223218],[-74.0065081,40.7222655],[-74.0065055,40.7222089],[-74.0065081,40.72216],[-74.0065134,40.7221084],[-74.0065254,40.722055],[-74.0065418,40.721998],[-74.0065637,40.7219453],[-74.0065912,40.7218937],[-74.0066223,40.7218484],[-74.0066608,40.7218072],[-74.0067161,40.7217592],[-74.0067668,40.721724]]}},{"type":"Feature","properties":{"fclass":"footway","oneway":"B","bridge":"F","tunnel":"F"},"geometry":{"type":"LineString","coordinates":[[-74.0064374,40.721645],[-74.0066096,40.7216216]]}},{"type":"Feature","properties":{"fclass":"motorway_link","oneway":"F","maxspeed":40,"layer":-1,"bridge":"F","tunnel":"T"},"geometry":{"type":"LineString","coordinates":[[-74.0154267,40.7082794],[-74.0155845,40.7078839],[-74.0156048,40.7078198],[-74.0156213,40.7077505],[-74.0156302,40.707684],[-74.0156322,40.7076215],[-74.0156285,40.7075584],[-74.015617,40.7074935],[-74.015596,40.707426],[-74.015569,40.707372],[-74.0155203,40.7073086],[-74.0154667,40.7072608],[-74.015401,40.707212],[-74.0152333,40.7071138],[-74.0151733,40.707078],[-74.015121,40.7070406],[-74.0150684,40.7069918],[-74.0150234,40.7069397]]}},{"type":"Feature","properties":{"fclass":"motorway_link","oneway":"F","bridge":"F","tunnel":"F"},"geometry":{"type":"LineString","coordinates":[[-74.0080301,40.72077],[-74.0080595,40.7207494],[-74.0081,40.7207315],[-74.0081446,40.7207178],[-74.0081924,40.7207093],[-74.008252,40.720702],[-74.0083182,40.7206909],[-74.0083661,40.7206788],[-74.0084228,40.7206615],[-74.008466,40.7206456]]}},{"type":"Feature","properties":{"fclass":"motorway_link","oneway":"F","bridge":"F","tunnel":"F"},"geometry":{"type":"LineString","coordinates":[[-74.0073701,40.7206384],[-74.0072913,40.7206017],[-74.0071783,40.7205555],[-74.0071051,40.7205279],[-74.0070454,40.7205078],[-74.0069746,40.7204903],[-74.006894,40.7204753],[-74.0068121,40.7204644],[-74.006671,40.7204501]]}},{"type":"Feature","properties":{"fclass":"motorway_link","oneway":"F","bridge":"F","tunnel":"F"},"geometry":{"type":"LineString","coordinates":[[-74.0079297,40.7237578],[-74.0078576,40.7238155],[-74.0077724,40.7238848],[-74.0077113,40.7239334],[-74.0074466,40.7241156],[-74.0073595,40.7241747],[-74.007283,40.7242372],[-74.0072263,40.7242872],[-74.0070993,40.7244054],[-74.007029,40.724504]]}},{"type":"Feature","properties":{"fclass":"motorway_link","oneway":"F","bridge":"F","tunnel":"F"},"geometry":{"type":"LineString","coordinates":[[-74.0060054,40.7244159],[-74.0060972,40.7243741],[-74.006212,40.7243127],[-74.0062701,40.7242814],[-74.0063161,40.7242615],[-74.0063604,40.7242489],[-74.0064093,40.7242396],[-74.0064598,40.724235],[-74.0065241,40.7242338],[-74.0065792,40.7242338],[-74.0066297,40.724236],[-74.0066816,40.7242466],[-74.0067338,40.7242593],[-74.0067688,40.7242732],[-74.0068133,40.724293],[-74.0068392,40.7243057],[-74.0068744,40.7243301],[-74.006905,40.724359],[-74.0069325,40.7243891],[-74.007029,40.724504]]}},{"type":"Feature","properties":{"fclass":"motorway_link","oneway":"F","bridge":"F","tunnel":"F"},"geometry":{"type":"LineString","coordinates":[[-74.001548,40.7096039],[-74.002136,40.7100568]]}},{"type":"Feature","properties":{"fclass":"motorway_link","oneway":"F","bridge":"F","tunnel":"F"},"geometry":{"type":"LineString","coordinates":[[-74.0075182,40.7234375],[-74.0075488,40.7234735],[-74.0075716,40.7235091],[-74.0075917,40.7235432],[-74.0076039,40.7235852],[-74.0076118,40.7236362],[-74.0076123,40.7236785],[-74.0076072,40.7237213],[-74.007598,40.7237618],[-74.0075797,40.7238106],[-74.0075567,40.7238558],[-74.0075216,40.7239091],[-74.0074773,40.723967],[-74.0074313,40.7240182],[-74.007384,40.7240644],[-74.0073242,40.7241167],[-74.0072722,40.7241653],[-74.0072279,40.7242083],[-74.0072003,40.7242408],[-74.0071697,40.7242872],[-74.0070993,40.7244054]]}},{"type":"Feature","properties":{"fclass":"residential","name":"Spruce Street","oneway":"F","bridge":"F","tunnel":"F"},"geometry":{"type":"LineString","coordinates":[[-74.005048,40.710936],[-74.00425,40.710185]]}},{"type":"Feature","properties":{"fclass":"unclassified","name":"Fletcher Street","oneway":"F","bridge":"F","tunnel":"F"},"geometry":{"type":"LineString","coordinates":[[-74.006456,40.706982],[-74.0058001,40.7064617],[-74.005691,40.706375],[-74.0052711,40.7060478],[-74.005218,40.7059869]]}},{"type":"Feature","properties":{"fclass":"motorway_link","oneway":"F","bridge":"F","tunnel":"F"},"geometry":{"type":"LineString","coordinates":[[-74.0048445,40.7124759],[-74.0048532,40.71245],[-74.0048603,40.7124243],[-74.0048577,40.7123974],[-74.0048467,40.7123722],[-74.0048251,40.7123472],[-74.0045724,40.7121422]]}},{"type":"Feature","properties":{"fclass":"residential","name":"Hanover Square","oneway":"F","bridge":"F","tunnel":"F"},"geometry":{"type":"LineString","coordinates":[[-74.009462,40.704545],[-74.009747,40.704775]]}},{"type":"Feature","properties":{"fclass":"secondary","name":"Broadway","oneway":"F","bridge":"F","tunnel":"F"},"geometry":{"type":"LineString","coordinates":[[-73.9967161,40.725502],[-73.9967971,40.7253748],[-73.997785,40.724235],[-73.9987691,40.7230717],[-73.998812,40.723021],[-73.9988489,40.7229774],[-73.999853,40.721792],[-74.000661,40.72084],[-74.001425,40.719938],[-74.0018768,40.7194057],[-74.002091,40.719153],[-74.0025284,40.7186388],[-74.0030296,40.7180267],[-74.003533,40.717449],[-74.004026,40.716871],[-74.0040876,40.7167983]]}},{"type":"Feature","properties":{"fclass":"unclassified","name":"Broadway","oneway":"F","maxspeed":40,"bridge":"F","tunnel":"F"},"geometry":{"type":"LineString","coordinates":[[-74.0132405,40.7058712],[-74.0133444,40.7056558],[-74.01335,40.705503],[-74.01336,40.705347],[-74.013352,40.705184],[-74.0133487,40.7050474],[-74.0133227,40.7048941],[-74.0132813,40.7045991],[-74.013192,40.7040587]]}},{"type":"Feature","properties":{"fclass":"unclassified","name":"Platt Street","oneway":"F","bridge":"F","tunnel":"F"},"geometry":{"type":"LineString","coordinates":[[-74.0076525,40.7083571],[-74.006838,40.707858],[-74.0063842,40.707524],[-74.005951,40.707205]]}},{"type":"Feature","properties":{"fclass":"residential","name":"Hanover Street","oneway":"F","bridge":"F","tunnel":"F"},"geometry":{"type":"LineString","coordinates":[[-74.008831,40.7060175],[-74.0088429,40.7059924],[-74.0090527,40.7055417],[-74.009016,40.705313]]}},{"type":"Feature","properties":{"fclass":"service","name":"Steve Flanders Square","oneway":"B","bridge":"F","tunnel":"F"},"geometry":{"type":"LineString","coordinates":[[-74.0056925,40.7121301],[-74.005742,40.712237]]}},{"type":"Feature","properties":{"fclass":"residential","name":"Murray Street","oneway":"F","bridge":"F","tunnel":"F"},"geometry":{"type":"LineString","coordinates":[[-74.0144913,40.7154213],[-74.0146614,40.7155184],[-74.015383,40.715829]]}},{"type":"Feature","properties":{"fclass":"service","oneway":"B","bridge":"F","tunnel":"F"},"geometry":{"type":"LineString","coordinates":[[-73.99503,40.72658],[-73.99473,40.72694],[-73.99419,40.727564]]}},{"type":"Feature","properties":{"fclass":"primary","name":"Delancey Street","oneway":"F","bridge":"F","tunnel":"F"},"geometry":{"type":"LineString","coordinates":[[-73.9921757,40.7196783],[-73.9913135,40.7194292]]}},{"type":"Feature","properties":{"fclass":"residential","name":"Thomas Street","oneway":"F","bridge":"F","tunnel":"F"},"geometry":{"type":"LineString","coordinates":[[-74.004976,40.71576],[-74.006166,40.716301],[-74.0066843,40.7165367],[-74.007957,40.717122],[-74.009,40.717598]]}},{"type":"Feature","properties":{"fclass":"pedestrian","name":"Pine Street","oneway":"B","bridge":"F","tunnel":"F"},"geometry":{"type":"LineString","coordinates":[[-74.0054084,40.7048198],[-74.006212,40.705307],[-74.006766,40.705624]]}},{"type":"Feature","properties":{"fclass":"residential","name":"Park Place","oneway":"F","bridge":"F","tunnel":"F"},"geometry":{"type":"LineString","coordinates":[[-74.011527,40.714294],[-74.0105665,40.7138543],[-74.0092661,40.7132584],[-74.0076722,40.7125287]]}},{"type":"Feature","properties":{"fclass":"primary","name":"Kenmare Street","oneway":"B","bridge":"F","tunnel":"F"},"geometry":{"type":"LineString","coordinates":[[-73.9941172,40.7203456],[-73.994969,40.720627],[-73.995752,40.720893],[-73.996575,40.721173],[-73.997399,40.721449],[-73.9977853,40.7215815]]}},{"type":"Feature","properties":{"fclass":"service","oneway":"F","bridge":"F","tunnel":"F"},"geometry":{"type":"LineString","coordinates":[[-74.0045512,40.7255633],[-74.0046475,40.7248983]]}},{"type":"Feature","properties":{"fclass":"secondary","name":"6th Avenue","oneway":"F","bridge":"F","tunnel":"F"},"geometry":{"type":"LineString","coordinates":[[-74.0055873,40.7179522],[-74.0055387,40.718021],[-74.0054948,40.7180876],[-74.0053608,40.7182986],[-74.0053206,40.7183838],[-74.00529,40.718461],[-74.005254,40.7185598],[-74.0052271,40.7186536],[-74.005208,40.7187413],[-74.0051949,40.718817],[-74.0051791,40.7189418],[-74.0051716,40.7190194],[-74.0051688,40.719118],[-74.0051933,40.7198568]]}},{"type":"Feature","properties":{"fclass":"residential","name":"Avenue of the Americas","oneway":"F","bridge":"F","tunnel":"F"},"geometry":{"type":"LineString","coordinates":[[-74.0030703,40.7278481],[-74.0031126,40.7280062],[-74.0030985,40.7283367],[-74.0030986,40.7283924]]}},{"type":"Feature","properties":{"fclass":"primary","name":"State Street Plaza","oneway":"B","bridge":"F","tunnel":"F"},"geometry":{"type":"LineString","coordinates":[[-74.012837,40.7024414],[-74.0128875,40.7024195],[-74.0129296,40.7024103],[-74.0135132,40.7023743],[-74.0135658,40.7023739],[-74.0136443,40.7023767],[-74.0137025,40.7023852],[-74.0137607,40.7024036]]}},{"type":"Feature","properties":{"fclass":"residential","name":"Duane Street","oneway":"F","bridge":"F","tunnel":"F"},"geometry":{"type":"LineString","coordinates":[[-74.0106316,40.7174635],[-74.009991,40.717377],[-74.009635,40.717333],[-74.009064,40.717265]]}},{"type":"Feature","properties":{"fclass":"residential","name":"Duane Street","oneway":"F","bridge":"F","tunnel":"F"},"geometry":{"type":"LineString","coordinates":[[-74.009991,40.717377],[-74.009115,40.71692],[-74.008378,40.716587],[-74.0071071,40.7160026],[-74.006586,40.715767],[-74.00542,40.715236]]}},{"type":"Feature","properties":{"fclass":"residential","name":"Great Jones Street","oneway":"F","bridge":"F","tunnel":"F"},"geometry":{"type":"LineString","coordinates":[[-73.9918561,40.726419],[-73.99364,40.727289],[-73.99419,40.727564],[-73.9947584,40.7278217]]}},{"type":"Feature","properties":{"fclass":"service","name":"Freeman Alley","oneway":"B","bridge":"F","tunnel":"F"},"geometry":{"type":"LineString","coordinates":[[-73.9927158,40.7213883],[-73.9925309,40.7217821],[-73.99246,40.721956]]}},{"type":"Feature","properties":{"fclass":"service","name":"Broad Street","oneway":"F","maxspeed":40,"bridge":"F","tunnel":"F"},"geometry":{"type":"LineString","coordinates":[[-74.0115502,40.7049909],[-74.0114142,40.7057178],[-74.0113471,40.7059522],[-74.01119,40.706278],[-74.0109788,40.7066221]]}},{"type":"Feature","properties":{"fclass":"residential","name":"Oliver Street","oneway":"F","bridge":"F","tunnel":"F"},"geometry":{"type":"LineString","coordinates":[[-73.9977746,40.7119726],[-73.9977966,40.7120634],[-73.9979933,40.7127307],[-73.9980958,40.7130929],[-73.9981106,40.713132],[-73.9981283,40.7131657],[-73.9981491,40.7131923],[-73.9981816,40.7132213],[-73.9982255,40.7132537]]}},{"type":"Feature","properties":{"fclass":"residential","name":"Stanton Street","oneway":"F","bridge":"F","tunnel":"F"},"geometry":{"type":"LineString","coordinates":[[-73.990914,40.722181],[-73.990815,40.7221514],[-73.990041,40.721921]]}},{"type":"Feature","properties":{"fclass":"residential","name":"Stanton Street","oneway":"F","bridge":"F","tunnel":"F"},"geometry":{"type":"LineString","coordinates":[[-73.9931526,40.7228281],[-73.9930316,40.7228016],[-73.9916433,40.722412]]}},{"type":"Feature","properties":{"fclass":"residential","name":"Broome Street","oneway":"F","bridge":"F","tunnel":"F"},"geometry":{"type":"LineString","coordinates":[[-73.99336,40.71907],[-73.9942646,40.7193561],[-73.9943905,40.7194567]]}},{"type":"Feature","properties":{"fclass":"residential","name":"Broome Street","oneway":"F","bridge":"F","tunnel":"F"},"geometry":{"type":"LineString","coordinates":[[-73.9943905,40.7194567],[-73.994508,40.7195596],[-73.99526,40.719867],[-73.9960312,40.7201656],[-73.9968211,40.7204863],[-73.997349,40.720705],[-73.997655,40.720836]]}},{"type":"Feature","properties":{"fclass":"residential","name":"Mott Street","oneway":"F","bridge":"F","tunnel":"F"},"geometry":{"type":"LineString","coordinates":[[-73.9937553,40.7256503],[-73.994143,40.7247628],[-73.9942093,40.7246222],[-73.9945674,40.7238123],[-73.9946785,40.7235599],[-73.9948037,40.7232874],[-73.9948856,40.7230917],[-73.994909,40.723036],[-73.9949282,40.7229867],[-73.995464,40.721619],[-73.995752,40.720893],[-73.9960312,40.7201656],[-73.9964742,40.7190525],[-73.996512,40.718962],[-73.996632,40.718691],[-73.996771,40.718417],[-73.996936,40.718133],[-73.997108,40.71787],[-73.997753,40.7168256],[-73.9984928,40.7156297],[-73.998866,40.714995],[-73.9987971,40.7145117],[-73.9986597,40.7136598],[-73.9986573,40.7136194],[-73.9986603,40.7135746],[-73.998681,40.7135191]]}},{"type":"Feature","properties":{"fclass":"service","oneway":"F","bridge":"F","tunnel":"F"},"geometry":{"type":"LineString","coordinates":[[-74.01259,40.7046763],[-74.0122051,40.7047008],[-74.0115571,40.704723]]}},{"type":"Feature","properties":{"fclass":"service","oneway":"B","bridge":"F","tunnel":"F"},"geometry":{"type":"LineString","coordinates":[[-74.0029113,40.7171437],[-74.0024386,40.7177336]]}},{"type":"Feature","properties":{"fclass":"service","name":"Exchange Place","oneway":"F","bridge":"F","tunnel":"F"},"geometry":{"type":"LineString","coordinates":[[-74.01119,40.706278],[-74.009866,40.705797]]}},{"type":"Feature","properties":{"fclass":"residential","name":"Peck Slip","oneway":"F","bridge":"F","tunnel":"F"},"geometry":{"type":"LineString","coordinates":[[-74.0020192,40.7082119],[-74.0016829,40.7077587],[-74.0013072,40.7072755]]}},{"type":"Feature","properties":{"fclass":"residential","name":"Peck Slip","oneway":"F","bridge":"F","tunnel":"F"},"geometry":{"type":"LineString","coordinates":[[-74.001017,40.7074385],[-74.0014687,40.7078765],[-74.0018952,40.7082735]]}},{"type":"Feature","properties":{"fclass":"unclassified","name":"Waverly Place","oneway":"F","bridge":"F","tunnel":"F"},"geometry":{"type":"LineString","coordinates":[[-73.9955714,40.7307232],[-73.9954857,40.7306805],[-73.994822,40.73035],[-73.994064,40.729978],[-73.993262,40.72958]]}},{"type":"Feature","properties":{"fclass":"residential","name":"Cliff Street","oneway":"F","bridge":"F","tunnel":"F"},"geometry":{"type":"LineString","coordinates":[[-74.006021,40.707905],[-74.0055244,40.7081055],[-74.0053321,40.7081817],[-74.0047735,40.7084063]]}},{"type":"Feature","properties":{"fclass":"secondary","name":"East Broadway","oneway":"B","bridge":"F","tunnel":"F"},"geometry":{"type":"LineString","coordinates":[[-73.9980742,40.7137811],[-73.997981,40.7136728]]}},{"type":"Feature","properties":{"fclass":"residential","name":"Wooster Street","oneway":"F","bridge":"F","tunnel":"F"},"geometry":{"type":"LineString","coordinates":[[-73.9990607,40.7266194],[-73.9991678,40.7264918],[-74.000101,40.725382],[-74.001127,40.724166],[-74.002174,40.72293],[-74.002971,40.721995],[-74.0038422,40.7209573],[-74.0039183,40.7208687]]}},{"type":"Feature","properties":{"fclass":"primary","name":"New York Plaza","oneway":"B","bridge":"F","tunnel":"F"},"geometry":{"type":"LineString","coordinates":[[-74.012837,40.7024414],[-74.0127381,40.7024856],[-74.0122142,40.7027392]]}},{"type":"Feature","properties":{"fclass":"residential","name":"Saint Mark's Place","oneway":"F","bridge":"F","tunnel":"F"},"geometry":{"type":"LineString","coordinates":[[-73.989902,40.729558],[-73.9897638,40.7294983],[-73.9877952,40.7286482],[-73.987672,40.728595],[-73.9875992,40.7285644],[-73.9875528,40.7285449],[-73.985415,40.7276445],[-73.985307,40.727599],[-73.9831989,40.7267118],[-73.98309,40.726666]]}},{"type":"Feature","properties":{"fclass":"residential","name":"2nd Place","oneway":"F","bridge":"F","tunnel":"F"},"geometry":{"type":"LineString","coordinates":[[-74.0167435,40.7064989],[-74.0167914,40.7065182],[-74.0170343,40.7066162],[-74.0174796,40.7067959],[-74.0175698,40.7068323]]}},{"type":"Feature","properties":{"fclass":"pedestrian","name":"East 7th Street","oneway":"B","bridge":"F","tunnel":"F"},"geometry":{"type":"LineString","coordinates":[[-73.9909717,40.7292206],[-73.9903443,40.72894]]}},{"type":"Feature","properties":{"fclass":"unclassified","name":"Cedar Street","oneway":"F","bridge":"F","tunnel":"F"},"geometry":{"type":"LineString","coordinates":[[-74.009829,40.708117],[-74.0107441,40.7087288],[-74.010846,40.708797],[-74.011935,40.709306],[-74.012839,40.70971]]}},{"type":"Feature","properties":{"fclass":"unclassified","name":"Cedar Street","oneway":"F","bridge":"F","tunnel":"F"},"geometry":{"type":"LineString","coordinates":[[-74.00713,40.706375],[-74.008645,40.70734]]}},{"type":"Feature","properties":{"fclass":"service","name":"Extra Place","oneway":"B","bridge":"F","tunnel":"F"},"geometry":{"type":"LineString","coordinates":[[-73.9916084,40.724614],[-73.9913923,40.7250584]]}},{"type":"Feature","properties":{"fclass":"residential","name":"Mulberry Street","oneway":"F","bridge":"F","tunnel":"F"},"geometry":{"type":"LineString","coordinates":[[-73.999553,40.7139335],[-73.9995925,40.7144649],[-73.999653,40.715167],[-73.9993215,40.715917],[-73.998586,40.7171185],[-73.9979378,40.7181638],[-73.99774,40.71847],[-73.997559,40.718794],[-73.997373,40.719169],[-73.997303,40.719324],[-73.9968211,40.7204863],[-73.996575,40.721173],[-73.9963867,40.7216506],[-73.996268,40.721952],[-73.9957267,40.7233192],[-73.9957075,40.7233678],[-73.9956793,40.7234263],[-73.9956297,40.7235292],[-73.995501,40.7237958],[-73.995351,40.724072],[-73.9949457,40.7248794],[-73.9948705,40.7250176],[-73.994468,40.7258402]]}},{"type":"Feature","properties":{"fclass":"residential","name":"Henry Street","oneway":"B","bridge":"F","tunnel":"F"},"geometry":{"type":"LineString","coordinates":[[-73.9979933,40.7127307],[-73.9971156,40.7128049],[-73.9959393,40.7128973],[-73.995555,40.7129294],[-73.9952508,40.7129549],[-73.994459,40.713021],[-73.994075,40.7130528],[-73.9936202,40.7130913],[-73.9926692,40.7131741]]}},{"type":"Feature","properties":{"fclass":"residential","name":"Desbrosses Street","oneway":"F","bridge":"F","tunnel":"F"},"geometry":{"type":"LineString","coordinates":[[-74.0080096,40.7232849],[-74.0095373,40.7234428],[-74.010341,40.723513],[-74.0112198,40.723613],[-74.0113645,40.723629]]}},{"type":"Feature","properties":{"fclass":"secondary","name":"Greenwich Street","oneway":"F","bridge":"F","tunnel":"F"},"geometry":{"type":"LineString","coordinates":[[-74.0150061,40.7047334],[-74.0149772,40.7048266]]}},{"type":"Feature","properties":{"fclass":"residential","name":"Hubert Street","oneway":"F","bridge":"F","tunnel":"F"},"geometry":{"type":"LineString","coordinates":[[-74.0117682,40.7216452],[-74.0116287,40.7216306],[-74.0106782,40.7215436],[-74.0098818,40.7214709],[-74.0091785,40.7214065],[-74.0083433,40.72133]]}},{"type":"Feature","properties":{"fclass":"residential","name":"Dominick Street","oneway":"F","bridge":"F","tunnel":"F"},"geometry":{"type":"LineString","coordinates":[[-74.005894,40.725026],[-74.0046475,40.7248983]]}},{"type":"Feature","properties":{"fclass":"residential","name":"Thompson Street","oneway":"F","bridge":"F","tunnel":"F"},"geometry":{"type":"LineString","coordinates":[[-73.998605,40.729685],[-73.9996722,40.7284251],[-74.0005768,40.7273568]]}},{"type":"Feature","properties":{"fclass":"residential","name":"Thompson Street","oneway":"F","bridge":"F","tunnel":"F"},"geometry":{"type":"LineString","coordinates":[[-74.0050504,40.7220398],[-74.0053683,40.7222366]]}},{"type":"Feature","properties":{"fclass":"residential","name":"Minetta Street","oneway":"F","bridge":"F","tunnel":"F"},"geometry":{"type":"LineString","coordinates":[[-74.0021985,40.7296932],[-74.002076,40.7296936],[-74.0020221,40.729705],[-74.001347,40.729887],[-74.00102,40.730246]]}},{"type":"Feature","properties":{"fclass":"residential","name":"Downing Street","oneway":"F","bridge":"F","tunnel":"F"},"geometry":{"type":"LineString","coordinates":[[-74.0021985,40.7296932],[-74.002323,40.7297187],[-74.00241,40.729736],[-74.003657,40.729344],[-74.005269,40.728853]]}},{"type":"Feature","properties":{"fclass":"residential","name":"Catherine Street","oneway":"F","bridge":"F","tunnel":"F"},"geometry":{"type":"LineString","coordinates":[[-73.9975943,40.7140611],[-73.9974921,40.7139962],[-73.997468,40.7139764],[-73.9974492,40.7139587],[-73.9974331,40.7139385],[-73.9974226,40.7139152],[-73.9974135,40.7138926],[-73.9973202,40.7135491],[-73.9972984,40.7134687],[-73.9972737,40.7133777],[-73.9971156,40.7128049],[-73.9969436,40.7121635],[-73.9969391,40.7121329],[-73.9969405,40.7120926],[-73.9969451,40.7120552],[-73.9969527,40.7119951],[-73.9969501,40.7119557],[-73.9969405,40.7119161],[-73.9968053,40.7114516],[-73.996782,40.711364],[-73.9965207,40.7102631],[-73.9965065,40.7102032]]}},{"type":"Feature","properties":{"fclass":"residential","name":"Staple Street","oneway":"F","bridge":"F","tunnel":"F"},"geometry":{"type":"LineString","coordinates":[[-74.009635,40.717333],[-74.009494,40.717995],[-74.00933,40.718692]]}},{"type":"Feature","properties":{"fclass":"residential","name":"Cherry Street","oneway":"F","bridge":"F","tunnel":"F"},"geometry":{"type":"LineString","coordinates":[[-73.9848574,40.7117128],[-73.986753,40.711535],[-73.9876145,40.7114514],[-73.988311,40.711384],[-73.989062,40.71131],[-73.989558,40.7112661],[-73.989734,40.711243],[-73.989938,40.711211],[-73.9919799,40.710923],[-73.9920792,40.7109043],[-73.9921024,40.7109012],[-73.9921273,40.7108978],[-73.992197,40.7108884],[-73.993015,40.71073],[-73.9938185,40.7106061],[-73.994138,40.710557],[-73.9962401,40.7102414],[-73.9963608,40.7102241],[-73.9965065,40.7102032]]}},{"type":"Feature","properties":{"fclass":"residential","name":"South William Street","oneway":"F","bridge":"F","tunnel":"F"},"geometry":{"type":"LineString","coordinates":[[-74.011569,40.704249],[-74.011496,40.704263],[-74.011303,40.70431],[-74.011073,40.704381],[-74.0110035,40.7044081],[-74.0108703,40.7044573],[-74.010697,40.704541],[-74.010513,40.704641],[-74.010327,40.704763],[-74.009984,40.705148]]}},{"type":"Feature","properties":{"fclass":"primary","name":"Bowery","oneway":"F","bridge":"F","tunnel":"F"},"geometry":{"type":"LineString","coordinates":[[-73.9916033,40.7271143],[-73.9918561,40.726419],[-73.9921418,40.7256763],[-73.9922885,40.7252501]]}},{"type":"Feature","properties":{"fclass":"residential","name":"3rd Place","oneway":"F","bridge":"F","tunnel":"F"},"geometry":{"type":"LineString","coordinates":[[-74.0165115,40.7072104],[-74.0170218,40.7074181],[-74.0171174,40.7074569]]}},{"type":"Feature","properties":{"fclass":"service","oneway":"B","bridge":"F","tunnel":"F"},"geometry":{"type":"LineString","coordinates":[[-74.003304,40.716518],[-74.0028128,40.7170954]]}},{"type":"Feature","properties":{"fclass":"primary","name":"Allen Street","oneway":"F","bridge":"F","tunnel":"F"},"geometry":{"type":"LineString","coordinates":[[-73.9925836,40.714389],[-73.992573,40.714652],[-73.9923741,40.7150548]]}},{"type":"Feature","properties":{"fclass":"primary","name":"Allen Street","oneway":"F","bridge":"F","tunnel":"F"},"geometry":{"type":"LineString","coordinates":[[-73.9887308,40.7230355],[-73.9887917,40.7229077]]}},{"type":"Feature","properties":{"fclass":"residential","name":"Joseph P. Ward Street","oneway":"F","bridge":"F","tunnel":"T"},"geometry":{"type":"LineString","coordinates":[[-74.0146923,40.707428],[-74.0152582,40.7076163]]}},{"type":"Feature","properties":{"fclass":"residential","name":"Bayard Street","oneway":"F","bridge":"F","tunnel":"F"},"geometry":{"type":"LineString","coordinates":[[-74.000138,40.7162],[-73.9993215,40.715917],[-73.9984928,40.7156297],[-73.9977161,40.7153606],[-73.9968603,40.7150651],[-73.9967873,40.7150386],[-73.9967565,40.7150273]]}},{"type":"Feature","properties":{"fclass":"unclassified","name":"Cortlandt Street","oneway":"F","bridge":"F","tunnel":"F"},"geometry":{"type":"LineString","coordinates":[[-74.009988,40.709806],[-74.011232,40.710367]]}},{"type":"Feature","properties":{"fclass":"secondary","name":"Dover Street","oneway":"F","bridge":"F","tunnel":"F"},"geometry":{"type":"LineString","coordinates":[[-74.001657,40.7094916],[-74.001643,40.7094494],[-74.0016241,40.7094188],[-74.0015931,40.7093852],[-74.00086,40.708791],[-74.000486,40.708348],[-74.0001126,40.707892]]}},{"type":"Feature","properties":{"fclass":"residential","name":"Saint John's Lane","oneway":"F","bridge":"F","tunnel":"F"},"geometry":{"type":"LineString","coordinates":[[-74.005966,40.7203782],[-74.005845,40.721083],[-74.005718,40.7217538]]}},{"type":"Feature","properties":{"fclass":"residential","name":"Centre Market Place","oneway":"F","bridge":"F","tunnel":"F"},"geometry":{"type":"LineString","coordinates":[[-73.997349,40.720705],[-73.9980646,40.7195803]]}},{"type":"Feature","properties":{"fclass":"residential","name":"Astor Place","oneway":"B","bridge":"F","tunnel":"F"},"geometry":{"type":"LineString","coordinates":[[-73.9914389,40.7298661],[-73.9912656,40.7298405],[-73.9909044,40.7297871],[-73.9908218,40.7297748]]}},{"type":"Feature","properties":{"fclass":"residential","name":"Astor Place","oneway":"F","bridge":"F","tunnel":"F"},"geometry":{"type":"LineString","coordinates":[[-73.9902112,40.7296852],[-73.990045,40.7296173],[-73.989902,40.729558]]}},{"type":"Feature","properties":{"fclass":"residential","name":"Charlton Street","oneway":"F","bridge":"F","tunnel":"F"},"geometry":{"type":"LineString","coordinates":[[-74.003122,40.726878],[-74.003201,40.726916],[-74.003278,40.726941],[-74.0033734,40.7269534],[-74.003445,40.726958],[-74.005545,40.727157],[-74.00732,40.727328],[-74.008845,40.72747]]}},{"type":"Feature","properties":{"fclass":"residential","name":"Sullivan Street","oneway":"F","bridge":"F","tunnel":"F"},"geometry":{"type":"LineString","coordinates":[[-74.004786,40.723625],[-74.00438,40.724055],[-74.004272,40.724184],[-74.003376,40.725252],[-74.00235,40.726496],[-74.0014474,40.7276134],[-74.0013493,40.7277354],[-74.0004308,40.7288005],[-73.999367,40.730058],[-73.9988854,40.7306184],[-73.998842,40.730669]]}},{"type":"Feature","properties":{"fclass":"residential","name":"Sullivan Street","oneway":"F","bridge":"F","tunnel":"F"},"geometry":{"type":"LineString","coordinates":[[-74.0052481,40.7230395],[-74.005915,40.7222808]]}},{"type":"Feature","properties":{"fclass":"residential","name":"Howard Street","oneway":"F","bridge":"F","tunnel":"F"},"geometry":{"type":"LineString","coordinates":[[-73.999234,40.718913],[-73.999841,40.719193],[-74.000622,40.719552],[-74.001425,40.719938],[-74.002221,40.720341]]}},{"type":"Feature","properties":{"fclass":"residential","name":"James Street","oneway":"F","bridge":"F","tunnel":"F"},"geometry":{"type":"LineString","coordinates":[[-73.998888,40.712599],[-73.9988586,40.7124986],[-73.9987028,40.7119642],[-73.9986793,40.711888]]}},{"type":"Feature","properties":{"fclass":"pedestrian","name":"Fulton Street","oneway":"B","bridge":"F","tunnel":"F"},"geometry":{"type":"LineString","coordinates":[[-74.0031771,40.7062072],[-74.0036122,40.7067802],[-74.003736,40.7069336],[-74.0039648,40.7072157]]}},{"type":"Feature","properties":{"fclass":"unclassified","name":"John Street","oneway":"F","bridge":"F","tunnel":"F"},"geometry":{"type":"LineString","coordinates":[[-74.009543,40.710327],[-74.008418,40.70953],[-74.0078052,40.7090899],[-74.0072882,40.7087143],[-74.006531,40.708227],[-74.006021,40.707905],[-74.005482,40.707387]]}},{"type":"Feature","properties":{"fclass":"residential","name":"Clinton Street","oneway":"F","bridge":"F","tunnel":"F"},"geometry":{"type":"LineString","coordinates":[[-73.986586,40.7104935],[-73.9866841,40.7110425],[-73.986753,40.711535],[-73.9869542,40.7129121],[-73.9870592,40.7136306],[-73.987158,40.7143064]]}},{"type":"Feature","properties":{"fclass":"secondary","name":"Clarkson Street","oneway":"F","bridge":"F","tunnel":"F"},"geometry":{"type":"LineString","coordinates":[[-74.0106786,40.7298427],[-74.0104776,40.729823],[-74.0103461,40.7298109],[-74.0092081,40.7297049],[-74.0083996,40.7296297]]}},{"type":"Feature","properties":{"fclass":"residential","name":"West 3rd Street","oneway":"F","bridge":"F","tunnel":"F"},"geometry":{"type":"LineString","coordinates":[[-73.9947584,40.7278217],[-73.995593,40.728194],[-73.9961262,40.7284471],[-73.996345,40.728551],[-73.9971088,40.7289271],[-73.997171,40.7289578],[-73.997886,40.72931],[-73.9981236,40.729434],[-73.998605,40.729685],[-73.999367,40.730058],[-74.000122,40.7304318],[-74.0011158,40.7309192],[-74.0012987,40.7310093],[-74.001413,40.731065]]}},{"type":"Feature","properties":{"fclass":"unclassified","name":"Stone Street","oneway":"F","bridge":"F","tunnel":"F"},"geometry":{"type":"LineString","coordinates":[[-74.013192,40.7040587],[-74.011576,40.7040261]]}},{"type":"Feature","properties":{"fclass":"residential","name":"Ludlow Street","oneway":"F","bridge":"F","tunnel":"F"},"geometry":{"type":"LineString","coordinates":[[-73.9870975,40.7225402],[-73.9871073,40.7225209],[-73.9871645,40.7224092],[-73.9877371,40.721292],[-73.9877696,40.7212285],[-73.9877912,40.7211866],[-73.988359,40.7200782],[-73.988925,40.7189737],[-73.988981,40.7188714],[-73.9890603,40.7187095],[-73.9890977,40.7186362],[-73.9892831,40.7182743],[-73.9894778,40.7178944],[-73.9899505,40.7169719],[-73.990554,40.7157938],[-73.9911306,40.7146683]]}},{"type":"Feature","properties":{"fclass":"residential","name":"Canal Street","oneway":"F","bridge":"F","tunnel":"F"},"geometry":{"type":"LineString","coordinates":[[-73.9893356,40.7141236],[-73.9902457,40.7144101]]}},{"type":"Feature","properties":{"fclass":"primary","name":"Laight Street","oneway":"F","bridge":"F","tunnel":"F"},"geometry":{"type":"LineString","coordinates":[[-74.0064083,40.721815],[-74.005718,40.7217538],[-74.0055097,40.7217353],[-74.0054525,40.7217377],[-74.005407,40.7217463],[-74.005367,40.7217644],[-74.005333,40.7217901],[-74.0052899,40.7218355]]}},{"type":"Feature","properties":{"fclass":"residential","name":"Beaver Street","oneway":"F","maxspeed":40,"bridge":"F","tunnel":"F"},"geometry":{"type":"LineString","coordinates":[[-74.008007,40.705447],[-74.009016,40.705313]]}},{"type":"Feature","properties":{"fclass":"residential","name":"Spring Street","oneway":"B","bridge":"F","tunnel":"F"},"geometry":{"type":"LineString","coordinates":[[-74.0108722,40.726176],[-74.0099015,40.7260807]]}},{"type":"Feature","properties":{"fclass":"primary","name":"2nd Avenue","oneway":"F","bridge":"F","tunnel":"F"},"geometry":{"type":"LineString","coordinates":[[-73.9909044,40.7241854],[-73.9909866,40.723986],[-73.9909913,40.7238322],[-73.9909944,40.7237253]]}},{"type":"Feature","properties":{"fclass":"residential","name":"South End Avenue","oneway":"B","bridge":"F","tunnel":"F"},"geometry":{"type":"LineString","coordinates":[[-74.0177715,40.7079653],[-74.017398,40.708457]]}},{"type":"Feature","properties":{"fclass":"residential","name":"Stuyvesant Street","oneway":"F","bridge":"F","tunnel":"F"},"geometry":{"type":"LineString","coordinates":[[-73.9896775,40.7298638],[-73.9895056,40.7298718],[-73.9891212,40.7298928],[-73.9890296,40.7298978],[-73.9889277,40.7299094],[-73.9888027,40.7299285],[-73.9885803,40.7299275],[-73.987695,40.7299849],[-73.9876009,40.7300151],[-73.987564,40.7300364],[-73.9875128,40.7300663]]}},{"type":"Feature","properties":{"fclass":"residential","name":"East 1st Street","oneway":"F","bridge":"F","tunnel":"F"},"geometry":{"type":"LineString","coordinates":[[-73.9862032,40.7223712],[-73.9869938,40.722704],[-73.9883118,40.7232181],[-73.988451,40.723277],[-73.9885918,40.7233364],[-73.988629,40.723352],[-73.9908276,40.7242892],[-73.9916084,40.724614],[-73.9922644,40.7248794],[-73.992392,40.7249145]]}},{"type":"Feature","properties":{"fclass":"residential","name":"Elk Street","oneway":"F","bridge":"F","tunnel":"F"},"geometry":{"type":"LineString","coordinates":[[-74.0048234,40.7134886],[-74.004403,40.7140044]]}},{"type":"Feature","properties":{"fclass":"residential","name":"Little West Street","oneway":"F","bridge":"F","tunnel":"F"},"geometry":{"type":"LineString","coordinates":[[-74.017352,40.7049176],[-74.0173012,40.7050163],[-74.0170123,40.7057939],[-74.0167435,40.7064989],[-74.0164797,40.7071326],[-74.0164754,40.7071652],[-74.0164869,40.7071925],[-74.0165115,40.7072104]]}},{"type":"Feature","properties":{"fclass":"residential","name":"Taras Shevchenko Place","oneway":"F","bridge":"F","tunnel":"F"},"geometry":{"type":"LineString","coordinates":[[-73.989805,40.728696],[-73.990232,40.728117]]}},{"type":"Feature","properties":{"fclass":"secondary","name":"Centre Street","oneway":"F","bridge":"F","tunnel":"F"},"geometry":{"type":"LineString","coordinates":[[-74.0030248,40.7139499],[-74.0026304,40.7142656],[-74.0026026,40.7142941],[-74.0024323,40.714596],[-74.0023752,40.7147078],[-74.002299,40.7148571]]}},{"type":"Feature","properties":{"fclass":"residential","name":"Rutgers Slip","oneway":"F","bridge":"F","tunnel":"F"},"geometry":{"type":"LineString","coordinates":[[-73.9897845,40.7101313],[-73.989878,40.71076],[-73.989938,40.711211]]}},{"type":"Feature","properties":{"fclass":"service","oneway":"F","bridge":"F","tunnel":"F"},"geometry":{"type":"LineString","coordinates":[[-73.989558,40.7112661],[-73.9893913,40.710174]]}},{"type":"Feature","properties":{"fclass":"primary","name":"South Street","oneway":"B","bridge":"F","tunnel":"F"},"geometry":{"type":"LineString","coordinates":[[-74.0001126,40.707892],[-73.9999518,40.7079783],[-73.9998706,40.708026],[-73.9997711,40.7080883],[-73.9994458,40.708299],[-73.999357,40.7083537],[-73.9992739,40.7084039],[-73.999099,40.708506],[-73.9990087,40.7085585],[-73.9989251,40.7086003],[-73.9988344,40.7086432],[-73.9987422,40.7086836],[-73.998654,40.7087204],[-73.9985723,40.7087501],[-73.9984811,40.7087824],[-73.998384,40.7088169],[-73.9982914,40.7088458],[-73.9982,40.7088727],[-73.9981101,40.708896],[-73.9980184,40.7089165],[-73.9979291,40.7089339],[-73.9978264,40.7089526],[-73.9971758,40.709055],[-73.997054,40.7090724],[-73.9969183,40.7090905],[-73.9962251,40.7091819],[-73.9960642,40.709204],[-73.9959246,40.7092233],[-73.9955441,40.7092753],[-73.995405,40.7092948],[-73.9952598,40.7093172],[-73.9951157,40.709342],[-73.9949696,40.709371],[-73.994856,40.709392],[-73.9947282,40.7094132],[-73.9944043,40.709466],[-73.9942693,40.7094851],[-73.9941624,40.7094986],[-73.994026,40.7095139],[-73.9935824,40.7095611],[-73.9934608,40.709576],[-73.9933366,40.7095928],[-73.9919574,40.7098056],[-73.991777,40.7098319]]}},{"type":"Feature","properties":{"fclass":"primary","name":"South Street","oneway":"F","bridge":"F","tunnel":"F"},"geometry":{"type":"LineString","coordinates":[[-74.0080502,40.7031645],[-74.0089784,40.7025963],[-74.009045,40.7025568],[-74.0091098,40.7025189],[-74.009173,40.7024842],[-74.009245,40.702445],[-74.0093361,40.7023988],[-74.0094262,40.7023566],[-74.0095811,40.7022855],[-74.0097056,40.7022296],[-74.0098094,40.702185],[-74.0099442,40.7021298],[-74.0100881,40.7020751],[-74.0101544,40.7020516],[-74.010224,40.7020301],[-74.0102918,40.70201],[-74.0103754,40.7019867],[-74.0104908,40.7019545],[-74.010613,40.7019228],[-74.0107987,40.7018766],[-74.011156,40.7017938]]}},{"type":"Feature","properties":{"fclass":"service","oneway":"B","bridge":"F","tunnel":"F"},"geometry":{"type":"LineString","coordinates":[[-74.0004595,40.7110335],[-74.0005666,40.7111222],[-74.0006749,40.7112167],[-74.0007448,40.7112955],[-74.0007884,40.7113529],[-74.0008171,40.711402],[-74.0008416,40.7114765],[-74.0008547,40.7115438],[-74.0008601,40.7116136],[-74.000853,40.7116624],[-74.0008396,40.711714],[-74.0008272,40.7117707],[-74.0008215,40.7118312],[-74.0008164,40.7121787],[-74.0008233,40.7127841],[-74.0008275,40.7128836],[-74.0008374,40.7129294],[-74.0008575,40.7130088],[-74.0008727,40.7130664]]}},{"type":"Feature","properties":{"fclass":"track","name":"Pearl Street","oneway":"B","bridge":"F","tunnel":"F"},"geometry":{"type":"LineString","coordinates":[[-74.009747,40.704775],[-74.0089152,40.7049707]]}},{"type":"Feature","properties":{"fclass":"unclassified","name":"Bridge Street","oneway":"F","maxspeed":40,"bridge":"F","tunnel":"F"},"geometry":{"type":"LineString","coordinates":[[-74.0144036,40.7036142],[-74.0132214,40.7035887],[-74.013114,40.703588],[-74.01169,40.7035706],[-74.0115824,40.7035186]]}},{"type":"Feature","properties":{"fclass":"primary","name":"Watts Street","oneway":"F","bridge":"F","tunnel":"F"},"geometry":{"type":"LineString","coordinates":[[-74.002982,40.723308],[-74.00383,40.723449],[-74.004786,40.723625]]}},{"type":"Feature","properties":{"fclass":"residential","name":"York Street","oneway":"B","bridge":"F","tunnel":"F"},"geometry":{"type":"LineString","coordinates":[[-74.005845,40.721083],[-74.005248,40.721025]]}},{"type":"Feature","properties":{"fclass":"residential","name":"River Terrace","oneway":"B","bridge":"F","tunnel":"F"},"geometry":{"type":"LineString","coordinates":[[-74.016677,40.7155286],[-74.01659,40.7157235],[-74.0165307,40.7158726],[-74.0164931,40.7160187],[-74.0164762,40.7161539],[-74.0164692,40.716328],[-74.0164215,40.7166498],[-74.0163426,40.7168823],[-74.0162846,40.7170038],[-74.0162447,40.717087],[-74.016215,40.7171495],[-74.01607,40.7173573],[-74.0159297,40.7175204],[-74.015769,40.717671],[-74.014999,40.718124]]}},{"type":"Feature","properties":{"fclass":"residential","name":"Reade Street","oneway":"F","bridge":"F","tunnel":"F"},"geometry":{"type":"LineString","coordinates":[[-74.0036256,40.7136499],[-74.004403,40.7140044],[-74.0058864,40.7146811],[-74.0075518,40.7154408]]}},{"type":"Feature","properties":{"fclass":"unclassified","name":"Lafayette Street","oneway":"F","bridge":"F","tunnel":"F"},"geometry":{"type":"LineString","coordinates":[[-73.9971275,40.7223037],[-73.9972492,40.7222546],[-73.9977853,40.7215815]]}},{"type":"Feature","properties":{"fclass":"unclassified","name":"Coenties Slip","oneway":"F","bridge":"F","tunnel":"F"},"geometry":{"type":"LineString","coordinates":[[-74.0102042,40.7032931],[-74.0102896,40.7033753],[-74.0104692,40.7035483],[-74.0106367,40.7037097]]}},{"type":"Feature","properties":{"fclass":"residential","name":"Vandam Street","oneway":"F","bridge":"F","tunnel":"F"},"geometry":{"type":"LineString","coordinates":[[-74.008967,40.726746],[-74.007434,40.726601]]}},{"type":"Feature","properties":{"fclass":"residential","name":"Hester Street","oneway":"F","bridge":"F","tunnel":"F"},"geometry":{"type":"LineString","coordinates":[[-73.9944557,40.7169745],[-73.99544,40.7172937],[-73.996327,40.717596],[-73.997108,40.71787],[-73.9979378,40.7181638],[-73.998753,40.718445],[-73.999423,40.71868]]}},{"type":"Feature","properties":{"fclass":"residential","name":"Hester Street","oneway":"F","bridge":"F","tunnel":"F"},"geometry":{"type":"LineString","coordinates":[[-73.9937,40.716748],[-73.992945,40.7164931],[-73.9928475,40.7164601],[-73.992014,40.716235]]}},{"type":"Feature","properties":{"fclass":"residential","name":"North Moore Street","oneway":"F","bridge":"F","tunnel":"F"},"geometry":{"type":"LineString","coordinates":[[-74.0059514,40.7196963],[-74.0068,40.719782],[-74.0085822,40.7199619],[-74.0101206,40.7201172],[-74.0119144,40.7202984],[-74.0120425,40.7203103]]}},{"type":"Feature","properties":{"fclass":"residential","name":"Pell Street","oneway":"F","bridge":"F","tunnel":"F"},"geometry":{"type":"LineString","coordinates":[[-73.9971596,40.7146482],[-73.9980381,40.7148258],[-73.998866,40.714995]]}},{"type":"Feature","properties":{"fclass":"residential","name":"Rector Street","oneway":"F","bridge":"F","tunnel":"F"},"geometry":{"type":"LineString","coordinates":[[-74.0151971,40.7084945],[-74.015133,40.7084745],[-74.0143777,40.708232],[-74.0136833,40.7080099],[-74.0135998,40.7079832],[-74.013494,40.707949],[-74.013062,40.70781],[-74.0129583,40.7077766],[-74.0128636,40.7077461],[-74.011947,40.707452]]}},{"type":"Feature","properties":{"fclass":"residential","name":"North End Avenue","oneway":"F","bridge":"F","tunnel":"F"},"geometry":{"type":"LineString","coordinates":[[-74.014069,40.7177121],[-74.014543,40.717104],[-74.015024,40.716493],[-74.015249,40.716207],[-74.015262,40.716192],[-74.015281,40.716151],[-74.015288,40.7161043],[-74.0152778,40.7160549],[-74.0152314,40.7160084]]}},{"type":"Feature","properties":{"fclass":"unclassified","name":"North End Avenue","oneway":"F","bridge":"F","tunnel":"F"},"geometry":{"type":"LineString","coordinates":[[-74.0152314,40.7160084],[-74.0151524,40.7160091],[-74.0150811,40.7160319],[-74.0150178,40.7160685],[-74.014991,40.716099],[-74.014777,40.716379],[-74.014296,40.716992]]}},{"type":"Feature","properties":{"fclass":"service","oneway":"B","bridge":"F","tunnel":"F"},"geometry":{"type":"LineString","coordinates":[[-74.004154,40.71774],[-74.0036726,40.7183233]]}},{"type":"Feature","properties":{"fclass":"residential","name":"Hogan Place","oneway":"F","bridge":"F","tunnel":"F"},"geometry":{"type":"LineString","coordinates":[[-74.000528,40.71517],[-74.000789,40.715291],[-74.0016906,40.715747]]}},{"type":"Feature","properties":{"fclass":"residential","name":"Ericsson Place","oneway":"F","bridge":"F","tunnel":"F"},"geometry":{"type":"LineString","coordinates":[[-74.008466,40.7206456],[-74.0083953,40.7206205],[-74.0083534,40.7206047],[-74.0083053,40.7205944],[-74.0070217,40.7204672],[-74.0069193,40.7204604],[-74.006826,40.7204552],[-74.006671,40.7204501]]}},{"type":"Feature","properties":{"fclass":"residential","name":"Monroe Street","oneway":"F","bridge":"F","tunnel":"F"},"geometry":{"type":"LineString","coordinates":[[-73.996782,40.711364],[-73.994263,40.711593],[-73.9933835,40.7116847],[-73.9928468,40.711717],[-73.992457,40.711754]]}},{"type":"Feature","properties":{"fclass":"secondary","name":"Park Row","oneway":"F","bridge":"F","tunnel":"F"},"geometry":{"type":"LineString","coordinates":[[-74.0078701,40.71148],[-74.006966,40.7117008],[-74.0068762,40.7117227],[-74.0062091,40.7118856],[-74.0061301,40.7119013],[-74.0060392,40.7119161],[-74.0059882,40.7119206],[-74.0059365,40.7119229],[-74.0057366,40.7119336],[-74.005671,40.7119395],[-74.0056011,40.7119495],[-74.0055128,40.7119664],[-74.005398,40.7119893],[-74.0053584,40.7119955],[-74.005319,40.7119983],[-74.0052764,40.7119967],[-74.0052318,40.7119917],[-74.0051896,40.711983]]}},{"type":"Feature","properties":{"fclass":"secondary","name":"Frankfort Street","oneway":"F","bridge":"F","tunnel":"F"},"geometry":{"type":"LineString","coordinates":[[-74.0051896,40.711983],[-74.0051581,40.7119682],[-74.0051203,40.7119463],[-74.003624,40.710952],[-74.0033933,40.7108105],[-74.0031167,40.7106422]]}},{"type":"Feature","properties":{"fclass":"unclassified","name":"Dutch Street","oneway":"F","bridge":"F","tunnel":"F"},"geometry":{"type":"LineString","coordinates":[[-74.007054,40.709872],[-74.0078052,40.7090899]]}},{"type":"Feature","properties":{"fclass":"residential","name":"Bedford Street","oneway":"F","bridge":"F","tunnel":"F"},"geometry":{"type":"LineString","coordinates":[[-74.0027912,40.7284511],[-74.0029121,40.7285172],[-74.0032615,40.7286872],[-74.003297,40.728713]]}},{"type":"Feature","properties":{"fclass":"primary","name":"West Houston Street","oneway":"F","bridge":"F","tunnel":"F"},"geometry":{"type":"LineString","coordinates":[[-73.9998647,40.727008],[-74.0005768,40.7273568],[-74.0013493,40.7277354],[-74.0020997,40.7281031]]}},{"type":"Feature","properties":{"fclass":"unclassified","name":"William Street","oneway":"F","bridge":"F","tunnel":"F"},"geometry":{"type":"LineString","coordinates":[[-74.009747,40.704775],[-74.009984,40.705148]]}},{"type":"Feature","properties":{"fclass":"primary","name":"Pike Slip","oneway":"F","bridge":"F","tunnel":"F"},"geometry":{"type":"LineString","coordinates":[[-73.991895,40.7106095],[-73.991908,40.7106985],[-73.9919246,40.7107738],[-73.9919523,40.710849],[-73.9919799,40.710923]]}},{"type":"Feature","properties":{"fclass":"primary","name":"Pike Slip","oneway":"F","bridge":"F","tunnel":"F"},"geometry":{"type":"LineString","coordinates":[[-73.992197,40.7108884],[-73.9921785,40.710831],[-73.9921491,40.7107166],[-73.99209,40.7104485]]}},{"type":"Feature","properties":{"fclass":"residential","name":"East 9th Street","oneway":"F","bridge":"F","tunnel":"F"},"geometry":{"type":"LineString","coordinates":[[-73.982657,40.727261],[-73.982768,40.7273076],[-73.984875,40.728194],[-73.9849775,40.7282373],[-73.9871253,40.7291441],[-73.987166,40.7291612],[-73.987239,40.729192],[-73.9873694,40.7292476],[-73.9886316,40.729786],[-73.9889277,40.7299094],[-73.989353,40.7300816],[-73.9894828,40.7301334],[-73.9896212,40.7301897],[-73.990074,40.7303741],[-73.9904252,40.7305224],[-73.9905028,40.730557]]}},{"type":"Feature","properties":{"fclass":"residential","name":"Mercer Street","oneway":"F","bridge":"F","tunnel":"F"},"geometry":{"type":"LineString","coordinates":[[-73.9975705,40.7258746],[-73.9976632,40.725761],[-73.998585,40.724632]]}},{"type":"Feature","properties":{"fclass":"residential","name":"Warren Street","oneway":"B","bridge":"F","tunnel":"F"},"geometry":{"type":"LineString","coordinates":[[-74.015769,40.717671],[-74.0153957,40.7174965],[-74.0151356,40.7173749],[-74.015076,40.717347],[-74.014543,40.717104],[-74.014296,40.716992]]}},{"type":"Feature","properties":{"fclass":"primary","name":"Saint James Place","oneway":"B","bridge":"F","tunnel":"F"},"geometry":{"type":"LineString","coordinates":[[-74.0004595,40.7110335],[-74.0003817,40.71111],[-73.9998157,40.7116815],[-73.9997022,40.7117948]]}},{"type":"Feature","properties":{"fclass":"residential","name":"Washington Square East","oneway":"F","bridge":"F","tunnel":"F"},"geometry":{"type":"LineString","coordinates":[[-73.996569,40.7295628],[-73.9965217,40.7296183],[-73.9961152,40.730094],[-73.996063,40.730155],[-73.9959982,40.7302297],[-73.99562,40.7306699],[-73.9955714,40.7307232]]}},{"type":"Feature","properties":{"fclass":"service","oneway":"F","bridge":"F","tunnel":"F"},"geometry":{"type":"LineString","coordinates":[[-74.0104785,40.7038268],[-74.010706,40.70414]]}},{"type":"Feature","properties":{"fclass":"footway","name":"Battery Park City Greenway","oneway":"B","bridge":"F","tunnel":"F"},"geometry":{"type":"LineString","coordinates":[[-74.017487,40.704875],[-74.0176218,40.7047514],[-74.0181745,40.7046986],[-74.0182094,40.7046154],[-74.0186642,40.7047052],[-74.0187102,40.7047352],[-74.0189337,40.7049512],[-74.0189612,40.7049956],[-74.0192018,40.7057681],[-74.0192952,40.7060742],[-74.0191784,40.7065164],[-74.0191544,40.7065777],[-74.0191271,40.7066056],[-74.0190828,40.7066245],[-74.0189801,40.7066583],[-74.0188803,40.7066818],[-74.0187845,40.7066836],[-74.0187253,40.7066774],[-74.0186736,40.7066721],[-74.0186098,40.7066763],[-74.0185433,40.7066964],[-74.0184837,40.706746],[-74.0184656,40.7067925],[-74.0184656,40.7068156],[-74.0184796,40.7068375],[-74.0184664,40.7068732],[-74.0184421,40.7069382],[-74.0183587,40.7071668],[-74.0181202,40.707863],[-74.018734,40.7081373],[-74.0183843,40.7095769],[-74.0181762,40.710448],[-74.0181441,40.7105824],[-74.0178034,40.7122521]]}},{"type":"Feature","properties":{"fclass":"primary","name":"Norfolk Street","oneway":"F","bridge":"F","tunnel":"F"},"geometry":{"type":"LineString","coordinates":[[-73.9883893,40.7164482],[-73.987879,40.717409],[-73.9875575,40.7180342],[-73.9874601,40.7182205]]}},{"type":"Feature","properties":{"fclass":"residential","name":"Forsyth Street","oneway":"F","bridge":"F","tunnel":"F"},"geometry":{"type":"LineString","coordinates":[[-73.9939451,40.7137474],[-73.9939416,40.7137028],[-73.9939327,40.713668],[-73.993921,40.7136391],[-73.9936202,40.7130913]]}},{"type":"Feature","properties":{"fclass":"residential","name":"Grand Street","oneway":"F","bridge":"F","tunnel":"F"},"geometry":{"type":"LineString","coordinates":[[-74.0062153,40.7231321],[-74.0052481,40.7230395],[-74.0050635,40.7230027],[-74.0048835,40.7229507],[-74.004808,40.7229215],[-74.0044354,40.7227417],[-74.003768,40.722384]]}},{"type":"Feature","properties":{"fclass":"residential","name":"Whitehall Street","oneway":"F","maxspeed":40,"bridge":"F","tunnel":"F"},"geometry":{"type":"LineString","coordinates":[[-74.012837,40.7024414],[-74.0128446,40.7025706],[-74.012982,40.7030412],[-74.013004,40.7031173]]}},{"type":"Feature","properties":{"fclass":"residential","name":"Carlisle Street","oneway":"F","maxspeed":40,"bridge":"F","tunnel":"F"},"geometry":{"type":"LineString","coordinates":[[-74.0132591,40.7087417],[-74.0140486,40.7090879],[-74.0148642,40.7094457]]}},{"type":"Feature","properties":{"fclass":"residential","name":"Washington Square South","oneway":"F","bridge":"F","tunnel":"F"},"geometry":{"type":"LineString","coordinates":[[-73.9996038,40.7310432],[-73.9995478,40.7310157],[-73.9989164,40.7307065],[-73.998842,40.730669],[-73.9987884,40.7306424],[-73.9981432,40.7303233],[-73.9980696,40.7302877],[-73.9980045,40.7302562],[-73.9974702,40.7299982],[-73.9973575,40.7299438],[-73.9972522,40.7298929],[-73.9966375,40.729596],[-73.996569,40.7295628]]}},{"type":"Feature","properties":{"fclass":"residential","name":"Market Slip","oneway":"F","bridge":"F","tunnel":"F"},"geometry":{"type":"LineString","coordinates":[[-73.9941033,40.7100939],[-73.994138,40.710557]]}},{"type":"Feature","properties":{"fclass":"pedestrian","name":"Front Street","oneway":"B","bridge":"F","tunnel":"F"},"geometry":{"type":"LineString","coordinates":[[-74.0036122,40.7067802],[-74.0027936,40.7071909]]}},{"type":"Feature","properties":{"fclass":"pedestrian","name":"Front Street","oneway":"B","bridge":"F","tunnel":"F"},"geometry":{"type":"LineString","coordinates":[[-74.003736,40.7069336],[-74.0042226,40.7066046],[-74.0042973,40.7065614],[-74.0044865,40.7064497],[-74.004558,40.706407]]}},{"type":"Feature","properties":{"fclass":"residential","name":"Worth Street","oneway":"B","bridge":"F","tunnel":"F"},"geometry":{"type":"LineString","coordinates":[[-74.0075333,40.7176679],[-74.0062504,40.7170848],[-74.0045302,40.7162869]]}},{"type":"Feature","properties":{"fclass":"residential","name":"Laguardia Place","oneway":"B","bridge":"F","tunnel":"F"},"geometry":{"type":"LineString","coordinates":[[-73.9998647,40.727008],[-73.9990043,40.7280098],[-73.9989541,40.7280694],[-73.9989223,40.7281073],[-73.9984,40.728734],[-73.9980424,40.7291346],[-73.997886,40.72931],[-73.997401,40.7298917],[-73.9973575,40.7299438]]}},{"type":"Feature","properties":{"fclass":"residential","name":"Morris Street","oneway":"F","bridge":"F","tunnel":"F"},"geometry":{"type":"LineString","coordinates":[[-74.0132405,40.7058712],[-74.0133643,40.7059144],[-74.0141288,40.706181],[-74.0141762,40.7061981],[-74.0142203,40.7062176],[-74.0142514,40.7062373],[-74.014281,40.7062618],[-74.0143096,40.7062924]]}},{"type":"Feature","properties":{"fclass":"residential","name":"Morris Street","oneway":"B","maxspeed":40,"bridge":"F","tunnel":"F"},"geometry":{"type":"LineString","coordinates":[[-74.0159533,40.706677],[-74.0158103,40.7066422],[-74.0151551,40.7064831],[-74.0151287,40.7064728],[-74.0151189,40.7064654],[-74.0151103,40.7064589],[-74.0150992,40.7064386]]}},{"type":"Feature","properties":{"fclass":"residential","name":"Franklin Street","oneway":"F","bridge":"F","tunnel":"F"},"geometry":{"type":"LineString","coordinates":[[-74.0069346,40.7191184],[-74.0068207,40.7189934],[-74.0065861,40.7188732],[-74.0053608,40.7182986],[-74.0052692,40.7182558],[-74.004154,40.71774],[-74.003533,40.717449],[-74.0029113,40.7171437],[-74.0028128,40.7170954],[-74.002078,40.716731]]}},{"type":"Feature","properties":{"fclass":"secondary","name":"4th Avenue","oneway":"F","bridge":"F","tunnel":"F"},"geometry":{"type":"LineString","coordinates":[[-73.9906942,40.7298885],[-73.9906566,40.7299673],[-73.9905202,40.7304953],[-73.9905028,40.730557],[-73.9904793,40.730641],[-73.9904096,40.7310019]]}},{"type":"Feature","properties":{"fclass":"residential","name":"East 5th Street","oneway":"F","bridge":"F","tunnel":"F"},"geometry":{"type":"LineString","coordinates":[[-73.986623,40.725796],[-73.9867261,40.7258394],[-73.98888,40.726748],[-73.9889093,40.7267605],[-73.988984,40.726792],[-73.991219,40.7277093]]}},{"type":"Feature","properties":{"fclass":"primary","name":"Cooper Square","oneway":"T","bridge":"F","tunnel":"F"},"geometry":{"type":"LineString","coordinates":[[-73.9914753,40.7275226],[-73.9913496,40.7277118],[-73.9912627,40.7278596],[-73.991028,40.7281581],[-73.9908357,40.7284023],[-73.9906198,40.7285321]]}},{"type":"Feature","properties":{"fclass":"primary","name":"Cooper Square","oneway":"T","bridge":"F","tunnel":"F"},"geometry":{"type":"LineString","coordinates":[[-73.9916033,40.7271143],[-73.9914753,40.7275226]]}},{"type":"Feature","properties":{"fclass":"residential","name":"Jersey Street","oneway":"B","bridge":"F","tunnel":"F"},"geometry":{"type":"LineString","coordinates":[[-73.996301,40.724662],[-73.995882,40.724403],[-73.995351,40.724072]]}},{"type":"Feature","properties":{"fclass":"trunk","name":"West Street","oneway":"F","maxspeed":56,"bridge":"F","tunnel":"F"},"geometry":{"type":"LineString","coordinates":[[-74.0158047,40.7070531],[-74.0157346,40.7072216],[-74.0156972,40.7073071]]}},{"type":"Feature","properties":{"fclass":"residential","name":"East 2nd Street","oneway":"F","bridge":"F","tunnel":"F"},"geometry":{"type":"LineString","coordinates":[[-73.9919973,40.7256194],[-73.9919025,40.7255822],[-73.9903443,40.724929],[-73.9880825,40.7239895]]}},{"type":"Feature","properties":{"fclass":"residential","name":"Division Street","oneway":"F","bridge":"F","tunnel":"F"},"geometry":{"type":"LineString","coordinates":[[-73.9912886,40.714487],[-73.9921352,40.7144203],[-73.9925836,40.714389]]}},{"type":"Feature","properties":{"fclass":"pedestrian","oneway":"F","bridge":"F","tunnel":"F"},"geometry":{"type":"LineString","coordinates":[[-74.01007,40.704546],[-74.010327,40.704763]]}},{"type":"Feature","properties":{"fclass":"secondary","name":"Cleveland Place","oneway":"F","bridge":"F","tunnel":"F"},"geometry":{"type":"LineString","coordinates":[[-73.997655,40.720836],[-73.997399,40.721449],[-73.9971003,40.7222048],[-73.9971275,40.7223037]]}},{"type":"Feature","properties":{"fclass":"service","oneway":"F","bridge":"F","tunnel":"F"},"geometry":{"type":"LineString","coordinates":[[-73.999932,40.716544],[-74.000818,40.71693]]}},{"type":"Feature","properties":{"fclass":"service","name":"Great Jones Alley","oneway":"B","bridge":"F","tunnel":"F"},"geometry":{"type":"LineString","coordinates":[[-73.99419,40.727564],[-73.9938852,40.727947]]}},{"type":"Feature","properties":{"fclass":"motorway_link","oneway":"F","layer":1,"bridge":"T","tunnel":"F"},"geometry":{"type":"LineString","coordinates":[[-73.9993088,40.708495],[-73.9998161,40.7085804],[-73.9998888,40.7085954],[-73.9999535,40.7086089],[-74.0000138,40.7086218],[-74.0000758,40.7086376],[-74.0001331,40.7086545],[-74.0001884,40.7086713],[-74.000248,40.7086911],[-74.0003078,40.7087133],[-74.0003755,40.7087405],[-74.000441,40.7087704],[-74.0005028,40.7088016],[-74.0005642,40.7088345],[-74.0006783,40.708901],[-74.0007882,40.7089685],[-74.0009198,40.7090515],[-74.0017303,40.7096497],[-74.0018334,40.709729],[-74.0019343,40.709804],[-74.0020344,40.7098818],[-74.0021388,40.7099648],[-74.0030452,40.7106833],[-74.0030961,40.7107216],[-74.0031512,40.7107572],[-74.00321,40.7107898],[-74.0032744,40.7108203],[-74.0033393,40.7108456],[-74.0034057,40.7108675],[-74.0034673,40.7108844],[-74.0035364,40.7109012],[-74.0036797,40.7109282],[-74.0040898,40.7109851]]}},{"type":"Feature","properties":{"fclass":"pedestrian","name":"Wall Street","oneway":"B","bridge":"F","tunnel":"F"},"geometry":{"type":"LineString","coordinates":[[-74.011703,40.707756],[-74.011255,40.707507]]}},{"type":"Feature","properties":{"fclass":"service","name":"New Street","oneway":"F","bridge":"F","tunnel":"F"},"geometry":{"type":"LineString","coordinates":[[-74.012627,40.7050111],[-74.0125672,40.7051324],[-74.011873,40.706552],[-74.011255,40.707507]]}},{"type":"Feature","properties":{"fclass":"secondary","name":"Church Street","oneway":"F","bridge":"F","tunnel":"F"},"geometry":{"type":"LineString","coordinates":[[-74.011232,40.710367],[-74.010801,40.711017],[-74.010465,40.711535],[-74.0101302,40.7120904],[-74.009667,40.712736]]}},{"type":"Feature","properties":{"fclass":"residential","name":"Rutgers Street","oneway":"F","bridge":"F","tunnel":"F"},"geometry":{"type":"LineString","coordinates":[[-73.989734,40.711243],[-73.9898608,40.7119833],[-73.9899728,40.7126587],[-73.9901236,40.7133733],[-73.9902009,40.714051]]}},{"type":"Feature","properties":{"fclass":"residential","name":"Baxter Street","oneway":"F","bridge":"F","tunnel":"F"},"geometry":{"type":"LineString","coordinates":[[-73.9980646,40.7195803],[-73.9981654,40.7195206],[-73.998395,40.718987],[-73.998753,40.718445],[-73.999313,40.71755],[-73.999449,40.71733],[-73.999932,40.716544],[-74.000138,40.7162],[-74.0005871,40.71557],[-74.000789,40.715291]]}},{"type":"Feature","properties":{"fclass":"residential","name":"Baxter Street","oneway":"F","bridge":"F","tunnel":"F"},"geometry":{"type":"LineString","coordinates":[[-74.000454,40.7143698],[-74.000528,40.71517]]}},{"type":"Feature","properties":{"fclass":"secondary","name":"Chrystie Street","oneway":"F","bridge":"F","tunnel":"F"},"geometry":{"type":"LineString","coordinates":[[-73.9949282,40.7158469],[-73.9948471,40.7159365],[-73.9947223,40.7164963]]}},{"type":"Feature","properties":{"fclass":"service","oneway":"B","bridge":"F","tunnel":"F"},"geometry":{"type":"LineString","coordinates":[[-74.010996,40.7133365],[-74.0115983,40.7128392],[-74.0116657,40.7127902]]}},{"type":"Feature","properties":{"fclass":"residential","name":"Doyers Street","oneway":"F","bridge":"F","tunnel":"F"},"geometry":{"type":"LineString","coordinates":[[-73.9980381,40.7148258],[-73.9981118,40.7146186],[-73.9981182,40.7145965],[-73.9981216,40.714571],[-73.9981268,40.7144513],[-73.9981236,40.7144378],[-73.9981126,40.7144261],[-73.9980982,40.7144171],[-73.9980249,40.7143893],[-73.9979874,40.7143723],[-73.9979502,40.714354],[-73.9979138,40.7143345],[-73.9978844,40.714315],[-73.997858,40.7142915],[-73.9978317,40.7142628],[-73.9977645,40.714186],[-73.9977379,40.7141611],[-73.9977108,40.7141404],[-73.9976763,40.7141135],[-73.9976434,40.7140914],[-73.9975943,40.7140611]]}},{"type":"Feature","properties":{"fclass":"residential","name":"Gouverneur Lane","oneway":"F","bridge":"F","tunnel":"F"},"geometry":{"type":"LineString","coordinates":[[-74.008126,40.704672],[-74.007671,40.704285],[-74.0070606,40.7037691]]}},{"type":"Feature","properties":{"fclass":"residential","name":"Jefferson Street","oneway":"F","bridge":"F","tunnel":"F"},"geometry":{"type":"LineString","coordinates":[[-73.9886963,40.7141772],[-73.9885975,40.7135015],[-73.9884925,40.712783]]}},{"type":"Feature","properties":{"fclass":"pedestrian","name":"Jefferson Street","oneway":"B","bridge":"F","tunnel":"F"},"geometry":{"type":"LineString","coordinates":[[-73.988403,40.71189],[-73.988311,40.711384]]}},{"type":"Feature","properties":{"fclass":"secondary","name":"Maiden Lane","oneway":"B","bridge":"F","tunnel":"F"},"geometry":{"type":"LineString","coordinates":[[-74.0047521,40.7052371],[-74.005417,40.7057364],[-74.005522,40.705791],[-74.006021,40.706142]]}},{"type":"Feature","properties":{"fclass":"residential","name":"Renwick Street","oneway":"F","bridge":"F","tunnel":"F"},"geometry":{"type":"LineString","coordinates":[[-74.0083463,40.7259304],[-74.0086074,40.7244313],[-74.0086181,40.7243936],[-74.0086327,40.724362],[-74.0086517,40.7243346],[-74.0086755,40.7243115]]}},{"type":"Feature","properties":{"fclass":"residential","name":"Bond Street","oneway":"F","bridge":"F","tunnel":"F"},"geometry":{"type":"LineString","coordinates":[[-73.99527,40.727211],[-73.99473,40.72694],[-73.994129,40.72664]]}},{"type":"Feature","properties":{"fclass":"residential","name":"King Street","oneway":"F","bridge":"F","tunnel":"F"},"geometry":{"type":"LineString","coordinates":[[-74.002513,40.727601],[-74.003155,40.727664]]}},{"type":"Feature","properties":{"fclass":"residential","name":"Trimble Place","oneway":"F","bridge":"F","tunnel":"F"},"geometry":{"type":"LineString","coordinates":[[-74.006586,40.715767],[-74.006166,40.716301]]}},{"type":"Feature","properties":{"fclass":"primary","name":"1st Avenue","oneway":"F","bridge":"F","tunnel":"F"},"geometry":{"type":"LineString","coordinates":[[-73.9885488,40.7229822],[-73.9885211,40.7230656],[-73.98847,40.7232177],[-73.988451,40.723277]]}},{"type":"Feature","properties":{"fclass":"residential","name":"Greene Street","oneway":"F","bridge":"F","tunnel":"F"},"geometry":{"type":"LineString","coordinates":[[-74.0032495,40.7203895],[-74.002208,40.721621],[-74.001403,40.722556],[-74.000367,40.723795],[-73.999345,40.725008],[-73.9984031,40.7261225],[-73.998303,40.7262407]]}},{"type":"Feature","properties":{"fclass":"residential","name":"Greene Street","oneway":"F","bridge":"F","tunnel":"F"},"geometry":{"type":"LineString","coordinates":[[-73.995812,40.72918],[-73.995308,40.729776],[-73.994822,40.73035],[-73.9940303,40.7312837]]}},{"type":"Feature","properties":{"fclass":"residential","name":"Edgar Street","oneway":"F","bridge":"F","tunnel":"F"},"geometry":{"type":"LineString","coordinates":[[-74.0139686,40.7070863],[-74.0139074,40.7070619],[-74.0136515,40.7069585],[-74.0135458,40.7069158]]}},{"type":"Feature","properties":{"fclass":"residential","name":"Orchard Street","oneway":"F","bridge":"F","tunnel":"F"},"geometry":{"type":"LineString","coordinates":[[-73.9921352,40.7144203],[-73.9918892,40.7148987],[-73.9913111,40.7160237],[-73.9907056,40.7172018],[-73.9902318,40.7181236],[-73.9898117,40.7189506],[-73.9897282,40.7191093]]}},{"type":"Feature","properties":{"fclass":"residential","name":"Washington Place","oneway":"F","bridge":"F","tunnel":"F"},"geometry":{"type":"LineString","coordinates":[[-73.993747,40.729008],[-73.994547,40.729406],[-73.995308,40.729776],[-73.9960166,40.7301318],[-73.996063,40.730155]]}},{"type":"Feature","properties":{"fclass":"residential","name":"Market Street","oneway":"F","bridge":"F","tunnel":"F"},"geometry":{"type":"LineString","coordinates":[[-73.994138,40.710557],[-73.994263,40.711593],[-73.994361,40.712308],[-73.994459,40.713021],[-73.9945593,40.7136968],[-73.9948483,40.7142419]]}},{"type":"Feature","properties":{"fclass":"service","name":"Nassau Street","oneway":"F","bridge":"F","tunnel":"F"},"geometry":{"type":"LineString","coordinates":[[-74.0107327,40.7071541],[-74.0103794,40.7075144]]}},{"type":"Feature","properties":{"fclass":"residential","name":"Carmine Street","oneway":"B","bridge":"F","tunnel":"F"},"geometry":{"type":"LineString","coordinates":[[-74.0051653,40.7294702],[-74.0049872,40.7295395],[-74.0039572,40.7298634],[-74.0024762,40.7303374]]}},{"type":"Feature","properties":{"fclass":"primary","name":"Battery Place","oneway":"F","maxspeed":40,"bridge":"F","tunnel":"F"},"geometry":{"type":"LineString","coordinates":[[-74.0149772,40.7048266],[-74.0150406,40.7048395],[-74.0153645,40.7049052],[-74.0154542,40.7049209],[-74.0155404,40.7049333],[-74.0156375,40.7049447],[-74.0156984,40.7049502],[-74.0157592,40.704953],[-74.01583,40.7049518],[-74.0159086,40.7049489],[-74.0160733,40.7049345]]}},{"type":"Feature","properties":{"fclass":"service","name":"Edens Alley","oneway":"B","bridge":"F","tunnel":"F"},"geometry":{"type":"LineString","coordinates":[[-74.006012,40.708668],[-74.005833,40.708521],[-74.0052415,40.7089346]]}},{"type":"Feature","properties":{"fclass":"primary","name":"Chatham Square","oneway":"F","bridge":"F","tunnel":"F"},"geometry":{"type":"LineString","coordinates":[[-73.997981,40.7136728],[-73.9978708,40.7137235],[-73.9978111,40.7137528],[-73.9977496,40.7137896],[-73.997698,40.7138242],[-73.997646,40.7138627],[-73.9975904,40.7139065],[-73.997535,40.7139521],[-73.9974921,40.7139962]]}},{"type":"Feature","properties":{"fclass":"secondary","name":"Trinity Place","oneway":"F","bridge":"F","tunnel":"F"},"geometry":{"type":"LineString","coordinates":[[-74.0143096,40.7062924],[-74.0142667,40.7063201],[-74.0142277,40.7063404],[-74.0141805,40.7063615],[-74.0141073,40.7063964],[-74.0140382,40.7064347],[-74.0139642,40.70648],[-74.0138914,40.7065325],[-74.0138342,40.7065807],[-74.0137784,40.7066378],[-74.01372,40.7067085],[-74.0136458,40.7067961],[-74.0135458,40.7069158],[-74.0135063,40.7069635],[-74.0134314,40.7070629],[-74.013374,40.707147],[-74.0129877,40.7077318],[-74.0129583,40.7077766],[-74.0129273,40.7078224],[-74.0121442,40.7089802],[-74.0120976,40.7090493],[-74.011935,40.709306],[-74.011674,40.709687],[-74.011232,40.710367]]}},{"type":"Feature","properties":{"fclass":"service","oneway":"B","bridge":"F","tunnel":"F"},"geometry":{"type":"LineString","coordinates":[[-74.00966,40.708756],[-74.009126,40.709294]]}},{"type":"Feature","properties":{"fclass":"service","oneway":"F","bridge":"F","tunnel":"F"},"geometry":{"type":"LineString","coordinates":[[-74.0092986,40.7206968],[-74.0091785,40.7214065],[-74.0090561,40.7220674]]}},{"type":"Feature","properties":{"fclass":"secondary","name":"Robert F. Wagner Sr. Place","oneway":"B","bridge":"F","tunnel":"F"},"geometry":{"type":"LineString","coordinates":[[-73.9990087,40.7085585],[-73.9992642,40.7087704],[-73.9993475,40.7088382]]}},{"type":"Feature","properties":{"fclass":"residential","name":"Moore Street","oneway":"F","maxspeed":40,"bridge":"F","tunnel":"F"},"geometry":{"type":"LineString","coordinates":[[-74.012368,40.7028113],[-74.0125392,40.703151],[-74.01257,40.703207]]}},{"type":"Feature","properties":{"fclass":"residential","name":"Beekman Street","oneway":"F","maxspeed":40,"bridge":"F","tunnel":"F"},"geometry":{"type":"LineString","coordinates":[[-74.0023124,40.7066963],[-74.002744,40.707216]]}},{"type":"Feature","properties":{"fclass":"unclassified","name":"Beekman Street","oneway":"F","maxspeed":40,"bridge":"F","tunnel":"F"},"geometry":{"type":"LineString","coordinates":[[-74.005599,40.710397],[-74.0062022,40.7109694],[-74.006478,40.711231]]}},{"type":"Feature","properties":{"fclass":"primary","name":"East Houston Street","oneway":"T","bridge":"F","tunnel":"F"},"geometry":{"type":"LineString","coordinates":[[-73.9961157,40.7253523],[-73.995812,40.7252742],[-73.995285,40.7251507],[-73.9948705,40.7250176],[-73.994143,40.7247628],[-73.993437,40.7245054],[-73.9926443,40.7242312],[-73.99251,40.724192],[-73.9912601,40.7238048],[-73.9911612,40.7237757],[-73.9909944,40.7237253],[-73.9908853,40.7236937],[-73.9902344,40.7235065],[-73.9887913,40.7230541],[-73.9887308,40.7230355],[-73.9886386,40.7230079],[-73.9885488,40.7229822]]}},{"type":"Feature","properties":{"fclass":"pedestrian","name":"Water Street","oneway":"B","bridge":"F","tunnel":"F"},"geometry":{"type":"LineString","coordinates":[[-74.0039648,40.7072157],[-74.0031605,40.707643],[-74.003108,40.707671]]}},{"type":"Feature","properties":{"fclass":"residential","name":"Water Street","oneway":"F","maxspeed":40,"bridge":"F","tunnel":"F"},"geometry":{"type":"LineString","coordinates":[[-74.0122142,40.7027392],[-74.012323,40.7027711],[-74.012368,40.7028113]]}},{"type":"Feature","properties":{"fclass":"residential","name":"Water Street","oneway":"F","bridge":"F","tunnel":"F"},"geometry":{"type":"LineString","coordinates":[[-73.9963822,40.7097487],[-73.996244,40.7097696],[-73.9960794,40.7097946],[-73.9941033,40.7100939]]}},{"type":"Feature","properties":{"fclass":"primary","name":"Water Street","oneway":"B","bridge":"F","tunnel":"F"},"geometry":{"type":"LineString","coordinates":[[-74.0122142,40.7027392],[-74.0119886,40.7028362],[-74.011505,40.702959]]}},{"type":"Feature","properties":{"fclass":"residential","name":"East 4th Street","oneway":"F","bridge":"F","tunnel":"F"},"geometry":{"type":"LineString","coordinates":[[-73.994252,40.728412],[-73.993724,40.728152],[-73.993147,40.727867],[-73.9916033,40.7271143],[-73.9915399,40.7270874],[-73.991472,40.7270585],[-73.989429,40.726188],[-73.989351,40.7261557],[-73.9871571,40.7252461],[-73.987053,40.725203],[-73.9863135,40.7248914],[-73.984837,40.724269],[-73.982524,40.723278],[-73.9802056,40.7222989],[-73.98017,40.7222838],[-73.9801335,40.7222683],[-73.977788,40.721277]]}},{"type":"Feature","properties":{"fclass":"primary","name":"Pike Street","oneway":"F","bridge":"F","tunnel":"F"},"geometry":{"type":"LineString","coordinates":[[-73.9919799,40.710923],[-73.9920103,40.711016],[-73.9920888,40.7112559],[-73.9921735,40.7117226],[-73.992183,40.711775],[-73.9922303,40.7121474]]}},{"type":"Feature","properties":{"fclass":"primary","name":"Pike Street","oneway":"F","bridge":"F","tunnel":"F"},"geometry":{"type":"LineString","coordinates":[[-73.9927008,40.7134309],[-73.9926779,40.7132405],[-73.9926692,40.7131741]]}},{"type":"Feature","properties":{"fclass":"residential","name":"Pike Street","oneway":"F","bridge":"F","tunnel":"F"},"geometry":{"type":"LineString","coordinates":[[-73.9928572,40.7146736],[-73.993045,40.7143568],[-73.9929764,40.7138282]]}},{"type":"Feature","properties":{"fclass":"service","name":"Exchange Plaza","oneway":"F","bridge":"F","tunnel":"F"},"geometry":{"type":"LineString","coordinates":[[-74.013374,40.707147],[-74.0132985,40.7071138],[-74.012508,40.706767]]}},{"type":"Feature","properties":{"fclass":"residential","name":"Crosby Street","oneway":"F","bridge":"F","tunnel":"F"},"geometry":{"type":"LineString","coordinates":[[-74.000622,40.719552],[-73.999868,40.7204322],[-73.999031,40.721421],[-73.99798,40.722663],[-73.996952,40.72388],[-73.996301,40.724662],[-73.9959026,40.7251607],[-73.995812,40.7252742],[-73.9950575,40.7261336]]}},{"type":"Feature","properties":{"fclass":"unclassified","name":"Dey Street","oneway":"B","bridge":"F","tunnel":"F"},"geometry":{"type":"LineString","coordinates":[[-74.009474,40.710413],[-74.010801,40.711017]]}},{"type":"Feature","properties":{"fclass":"residential","name":"Minetta Lane","oneway":"F","bridge":"F","tunnel":"F"},"geometry":{"type":"LineString","coordinates":[[-74.0004975,40.7299867],[-74.00102,40.730246],[-74.001565,40.730521],[-74.001684,40.730581]]}},{"type":"Feature","properties":{"fclass":"residential","name":"Prince Street","oneway":"F","bridge":"F","tunnel":"F"},"geometry":{"type":"LineString","coordinates":[[-73.9932042,40.7223416],[-73.9933218,40.7223842],[-73.994153,40.722723],[-73.9948551,40.7230136],[-73.994909,40.723036],[-73.994976,40.7230638],[-73.9956453,40.7233421],[-73.9957075,40.7233678],[-73.9957702,40.7233939],[-73.996476,40.723686],[-73.996952,40.72388],[-73.997785,40.724235],[-73.998585,40.724632],[-73.999345,40.725008],[-74.000101,40.725382],[-74.0006263,40.7256397],[-74.000898,40.725773]]}},{"type":"Feature","properties":{"fclass":"secondary","name":"Varick Street","oneway":"F","bridge":"F","tunnel":"F"},"geometry":{"type":"LineString","coordinates":[[-74.0051653,40.7294702],[-74.0051942,40.7293697],[-74.005269,40.728853],[-74.0053146,40.728601]]}},{"type":"Feature","properties":{"fclass":"service","oneway":"B","bridge":"F","tunnel":"F"},"geometry":{"type":"LineString","coordinates":[[-74.002808,40.715886],[-74.0042174,40.7166456]]}},{"type":"Feature","properties":{"fclass":"residential","name":"Essex Street","oneway":"B","bridge":"F","tunnel":"F"},"geometry":{"type":"LineString","coordinates":[[-73.9902457,40.7144101],[-73.990234,40.7145963],[-73.9901696,40.7147752],[-73.989754,40.715553],[-73.989155,40.716708]]}},{"type":"Feature","properties":{"fclass":"secondary","name":"East Broadway","oneway":"B","bridge":"F","tunnel":"F"},"geometry":{"type":"LineString","coordinates":[[-73.9972984,40.7134687],[-73.9972168,40.7134756],[-73.9945593,40.7136968],[-73.9939451,40.7137474],[-73.9929764,40.7138282],[-73.9927506,40.7138471],[-73.9926783,40.7138531],[-73.992618,40.7138581],[-73.992566,40.7138625],[-73.992495,40.7138684]]}},{"type":"Feature","properties":{"fclass":"residential","name":"Jay Street","oneway":"F","bridge":"F","tunnel":"F"},"geometry":{"type":"LineString","coordinates":[[-74.0104744,40.7181127],[-74.009494,40.717995],[-74.008943,40.717925]]}},{"type":"Feature","properties":{"fclass":"service","name":"Cardinal Hayes Place","oneway":"B","bridge":"F","tunnel":"F"},"geometry":{"type":"LineString","coordinates":[[-74.0019718,40.7133247],[-74.001426,40.713452],[-74.001257,40.713496]]}},{"type":"Feature","properties":{"fclass":"secondary","name":"Vesey Street","oneway":"F","bridge":"F","tunnel":"F"},"geometry":{"type":"LineString","coordinates":[[-74.0101302,40.7120904],[-74.0086337,40.7113899]]}},{"type":"Feature","properties":{"fclass":"residential","name":"Vesey Place","oneway":"B","bridge":"F","tunnel":"F"},"geometry":{"type":"LineString","coordinates":[[-74.0159511,40.7151089],[-74.0166661,40.7154264],[-74.0166867,40.7154735],[-74.016677,40.7155286]]}},{"type":"Feature","properties":{"fclass":"unclassified","name":"Gold Street","oneway":"F","bridge":"F","tunnel":"F"},"geometry":{"type":"LineString","coordinates":[[-74.0054738,40.709095],[-74.0055787,40.7090447],[-74.006012,40.708668],[-74.006531,40.708227]]}},{"type":"Feature","properties":{"fclass":"residential","name":"Gold Street","oneway":"F","bridge":"F","tunnel":"F"},"geometry":{"type":"LineString","coordinates":[[-74.0039391,40.7104485],[-74.003616,40.710648],[-74.0035483,40.7106959],[-74.0033933,40.7108105]]}},{"type":"Feature","properties":{"fclass":"residential","name":"Washington Street","oneway":"F","maxspeed":40,"bridge":"F","tunnel":"F"},"geometry":{"type":"LineString","coordinates":[[-74.0150992,40.7064386],[-74.015099,40.7064133],[-74.0151043,40.7063838],[-74.0151478,40.7062721],[-74.015617,40.7050426],[-74.015627,40.7050059],[-74.0156333,40.7049743],[-74.0156375,40.7049447],[-74.0156503,40.7048371]]}},{"type":"Feature","properties":{"fclass":"residential","name":"Washington Street","oneway":"B","bridge":"F","tunnel":"F"},"geometry":{"type":"LineString","coordinates":[[-74.0123386,40.7139475],[-74.0124798,40.7133274]]}},{"type":"Feature","properties":{"fclass":"residential","name":"West 4th Street","oneway":"F","bridge":"F","tunnel":"F"},"geometry":{"type":"LineString","coordinates":[[-73.996569,40.7295628],[-73.9965062,40.7295311]]}},{"type":"Feature","properties":{"fclass":"unclassified","name":"Thames Street","oneway":"F","bridge":"F","tunnel":"F"},"geometry":{"type":"LineString","coordinates":[[-74.0121442,40.7089802],[-74.012992,40.709354]]}},{"type":"Feature","properties":{"fclass":"motorway","name":"Hugh L. Carey Tunnel","oneway":"F","maxspeed":40,"layer":-2,"bridge":"F","tunnel":"T"},"geometry":{"type":"LineString","coordinates":[[-74.0152649,40.705292],[-74.0154782,40.7047446],[-74.0155512,40.7045129],[-74.0156043,40.7042801],[-74.0156488,40.7040036],[-74.0156732,40.7037408],[-74.0156898,40.7035047],[-74.0156925,40.703219],[-74.0156886,40.7029053],[-74.0156676,40.7026066],[-74.0156365,40.7023578],[-74.015602,40.7020807],[-74.0155615,40.7018024],[-74.0155244,40.7015304],[-74.0154712,40.7012533],[-74.0153948,40.7009736],[-74.015309,40.7006708],[-74.0118041,40.6911446],[-74.0117017,40.6908748],[-74.0115855,40.6906272],[-74.0114458,40.6903693],[-74.0113067,40.6901446],[-74.0111432,40.6899044],[-74.0065811,40.683499],[-74.0065331,40.6834216],[-74.0064877,40.6833497],[-74.0064434,40.6832695],[-74.0063996,40.6831911],[-74.0063643,40.6831208],[-74.0063271,40.6830409],[-74.0060008,40.682241],[-74.0059612,40.6821521],[-74.0059154,40.6820581],[-74.005863,40.681964],[-74.0058142,40.681881],[-74.0057594,40.6817897]]}},{"type":"Feature","properties":{"fclass":"primary_link","oneway":"F","bridge":"F","tunnel":"F"},"geometry":{"type":"LineString","coordinates":[[-73.9954538,40.7160164],[-73.9954847,40.7160731],[-73.9958254,40.7166488]]}},{"type":"Feature","properties":{"fclass":"motorway","name":"FDR Drive","oneway":"F","layer":1,"bridge":"T","tunnel":"F"},"geometry":{"type":"LineString","coordinates":[[-73.9835385,40.7107024],[-73.98528,40.7105538],[-73.985987,40.7104777],[-73.9889052,40.7101394],[-73.9898836,40.7100158],[-73.9911625,40.7098271],[-73.9935744,40.7094693],[-73.9947073,40.709326]]}},{"type":"Feature","properties":{"fclass":"secondary","name":"South Street","oneway":"F","bridge":"F","tunnel":"F"},"geometry":{"type":"LineString","coordinates":[[-73.9978264,40.7089526],[-73.9981326,40.7089312],[-73.9982175,40.7089234],[-73.9982995,40.7089143],[-73.9983846,40.7089038],[-73.998645,40.7088653],[-73.9992642,40.7087704]]}},{"type":"Feature","properties":{"fclass":"motorway","name":"FDR Drive","ref":"NY 907L","oneway":"F","bridge":"F","tunnel":"F"},"geometry":{"type":"LineString","coordinates":[[-74.0119425,40.7014428],[-74.0099696,40.7018957],[-74.0098576,40.7019256],[-74.0097732,40.70195]]}},{"type":"Feature","properties":{"fclass":"residential","name":"Church Street","oneway":"F","bridge":"F","tunnel":"F"},"geometry":{"type":"LineString","coordinates":[[-74.0055873,40.7179522],[-74.00554,40.7179751],[-74.0054951,40.7180022],[-74.0054546,40.7180308],[-74.0054175,40.7180669],[-74.0053833,40.7181077],[-74.0052692,40.7182558],[-74.0048351,40.7188592],[-74.0043701,40.7194841],[-74.0039145,40.7200394],[-74.0034833,40.720557]]}},{"type":"Feature","properties":{"fclass":"footway","oneway":"B","bridge":"F","tunnel":"F"},"geometry":{"type":"LineString","coordinates":[[-74.0103787,40.7387697],[-74.010394,40.7384906],[-74.0104229,40.7382095],[-74.0104706,40.7376276],[-74.010477,40.7374944],[-74.0105734,40.7363547],[-74.010575,40.7363182],[-74.0105935,40.7360911],[-74.0105955,40.7360586],[-74.0106454,40.7354611],[-74.0106686,40.7351868],[-74.0106915,40.7348671],[-74.010759,40.7342583],[-74.0107825,40.7340517],[-74.0107861,40.7340063],[-74.010809,40.7337835],[-74.0108311,40.733629],[-74.0107487,40.7336047],[-74.0106896,40.7335462],[-74.0106673,40.7334742],[-74.0106807,40.7334091],[-74.0107498,40.7333419],[-74.0108611,40.7332954],[-74.0108777,40.7330135],[-74.01088,40.7326933],[-74.010928,40.7322764],[-74.0110058,40.7318311],[-74.0110302,40.7313995],[-74.0110447,40.7312345],[-74.0110925,40.7305829],[-74.01118,40.7297967],[-74.0112818,40.7287715],[-74.0113988,40.7277008],[-74.0115126,40.7264229],[-74.0116457,40.7257448],[-74.011706,40.7254538],[-74.0117296,40.7253391],[-74.0117491,40.7252449],[-74.011769,40.7251488],[-74.0118926,40.7244518],[-74.0119013,40.7243991],[-74.0120598,40.7235985],[-74.012188,40.7229521],[-74.0122634,40.7226142],[-74.0122925,40.722487],[-74.0123087,40.7224036],[-74.0123274,40.7223061],[-74.0125095,40.7214801],[-74.0125126,40.7214652],[-74.0125203,40.7214349],[-74.012571,40.7212446],[-74.0126312,40.7209048],[-74.0128258,40.7209252],[-74.0129385,40.7203895],[-74.012959,40.7202894],[-74.0128054,40.7201255],[-74.0128787,40.719781],[-74.0129722,40.7192315],[-74.0130136,40.7190409],[-74.0131748,40.7182801]]}},{"type":"Feature","properties":{"fclass":"footway","oneway":"B","bridge":"F","tunnel":"F"},"geometry":{"type":"LineString","coordinates":[[-74.01118,40.7297967],[-74.0109761,40.7297848],[-74.010931,40.7297597],[-74.0108422,40.7297517],[-74.0106884,40.7297476],[-74.0104845,40.7297312]]}},{"type":"Feature","properties":{"fclass":"tertiary","name":"West Houston Street","oneway":"F","bridge":"F","tunnel":"F"},"geometry":{"type":"LineString","coordinates":[[-74.0070905,40.7287681],[-74.0085939,40.7289096],[-74.0093501,40.7289809]]}},{"type":"Feature","properties":{"fclass":"footway","oneway":"B","bridge":"F","tunnel":"F"},"geometry":{"type":"LineString","coordinates":[[-74.011769,40.7251488],[-74.0114908,40.7251167],[-74.0114381,40.7251107],[-74.0113076,40.7250951]]}},{"type":"Feature","properties":{"fclass":"footway","oneway":"B","bridge":"F","tunnel":"F"},"geometry":{"type":"LineString","coordinates":[[-74.0118926,40.7244518],[-74.011565,40.7244148],[-74.01144,40.7243991]]}},{"type":"Feature","properties":{"fclass":"footway","oneway":"B","bridge":"F","tunnel":"F"},"geometry":{"type":"LineString","coordinates":[[-74.0119013,40.7243991],[-74.0117627,40.7243198],[-74.0116011,40.7242334],[-74.0114745,40.7242167]]}},{"type":"Feature","properties":{"fclass":"footway","oneway":"B","bridge":"F","tunnel":"F"},"geometry":{"type":"LineString","coordinates":[[-74.012188,40.7229521],[-74.0120477,40.722937],[-74.0118716,40.722918],[-74.0117392,40.7229015]]}},{"type":"Feature","properties":{"fclass":"footway","oneway":"B","bridge":"F","tunnel":"F"},"geometry":{"type":"LineString","coordinates":[[-74.0122925,40.722487],[-74.0120134,40.7224594],[-74.0119652,40.7224546],[-74.0118351,40.7224419]]}},{"type":"Feature","properties":{"fclass":"footway","oneway":"B","bridge":"F","tunnel":"F"},"geometry":{"type":"LineString","coordinates":[[-74.0123274,40.7223061],[-74.0120497,40.7222688],[-74.0120011,40.7222623],[-74.0118762,40.7222452]]}},{"type":"Feature","properties":{"fclass":"residential","name":"Laight Street","oneway":"F","bridge":"F","tunnel":"F"},"geometry":{"type":"LineString","coordinates":[[-74.0067853,40.7218793],[-74.006808,40.7218632],[-74.0068373,40.721851],[-74.0068695,40.7218442],[-74.0069105,40.7218435],[-74.007101,40.7218618],[-74.0076795,40.72192],[-74.0077404,40.7219277],[-74.0077956,40.7219384],[-74.0078951,40.7219657],[-74.0079461,40.721974],[-74.0080405,40.7219828],[-74.0080911,40.7219852],[-74.0081488,40.7219844],[-74.0081914,40.721983],[-74.0082308,40.7219848]]}},{"type":"Feature","properties":{"fclass":"residential","name":"Vestry Street","oneway":"F","bridge":"F","tunnel":"F"},"geometry":{"type":"LineString","coordinates":[[-74.0117187,40.7229993],[-74.0114958,40.7229768],[-74.0113692,40.7229632],[-74.0104495,40.7228729],[-74.009651,40.7227945],[-74.0081186,40.722644],[-74.0068462,40.7225191],[-74.0068033,40.7225144],[-74.0067702,40.7225056],[-74.0067446,40.7224915],[-74.0067245,40.7224747]]}},{"type":"Feature","properties":{"fclass":"residential","name":"Varick Street","oneway":"F","bridge":"F","tunnel":"F"},"geometry":{"type":"LineString","coordinates":[[-74.0067245,40.7224747],[-74.0067065,40.7224534],[-74.0066965,40.7224307],[-74.0066881,40.7224022],[-74.0066804,40.7223582],[-74.0066757,40.7223027],[-74.0066766,40.7222546],[-74.0066821,40.7222014],[-74.0067103,40.7220318],[-74.0067185,40.7219961],[-74.0067307,40.7219581],[-74.0067461,40.7219251],[-74.006765,40.7218982],[-74.0067853,40.7218793]]}},{"type":"Feature","properties":{"fclass":"residential","name":"Washington Street","oneway":"F","bridge":"F","tunnel":"F"},"geometry":{"type":"LineString","coordinates":[[-74.0106782,40.7215436],[-74.010558,40.7222177],[-74.0104495,40.7228729],[-74.010341,40.723513],[-74.0102257,40.7241745],[-74.0100723,40.7250652]]}},{"type":"Feature","properties":{"fclass":"primary","name":"Canal Street","oneway":"F","bridge":"F","tunnel":"F"},"geometry":{"type":"LineString","coordinates":[[-74.0100723,40.7250652],[-74.0099926,40.7250479],[-74.009922,40.7250294],[-74.0098511,40.7250071],[-74.009786,40.7249837],[-74.0097226,40.724955],[-74.0096653,40.7249238],[-74.0096125,40.7248878],[-74.0093172,40.7246766],[-74.0091794,40.7245729],[-74.0086476,40.7241763]]}},{"type":"Feature","properties":{"fclass":"primary","name":"Canal Street","oneway":"F","bridge":"F","tunnel":"F"},"geometry":{"type":"LineString","coordinates":[[-74.0104575,40.725558],[-74.0107126,40.7257406],[-74.0107502,40.725763],[-74.0107918,40.7257802],[-74.0108343,40.7257924],[-74.0108783,40.725801],[-74.01093,40.7258067]]}},{"type":"Feature","properties":{"fclass":"residential","name":"Watts Street","oneway":"F","bridge":"F","tunnel":"F"},"geometry":{"type":"LineString","coordinates":[[-74.0112346,40.7242762],[-74.0111078,40.7242627],[-74.0103858,40.7241894],[-74.0102257,40.7241745],[-74.0094238,40.7241026],[-74.0090025,40.7240638],[-74.0089166,40.724058],[-74.0087743,40.7240498],[-74.0086818,40.7240431],[-74.0084405,40.7240218]]}},{"type":"Feature","properties":{"fclass":"footway","oneway":"B","bridge":"F","tunnel":"F"},"geometry":{"type":"LineString","coordinates":[[-74.012959,40.7202894],[-74.0124775,40.7202458],[-74.012302,40.7202207]]}},{"type":"Feature","properties":{"fclass":"footway","oneway":"B","layer":2,"bridge":"T","tunnel":"F"},"geometry":{"type":"LineString","coordinates":[[-74.0153084,40.7110136],[-74.0146638,40.7108253],[-74.0147462,40.7103891],[-74.0144583,40.7103465],[-74.0145045,40.7101831]]}},{"type":"Feature","properties":{"fclass":"footway","oneway":"B","bridge":"F","tunnel":"F"},"geometry":{"type":"LineString","coordinates":[[-74.0159636,40.709133],[-74.0157587,40.7091584],[-74.0156602,40.7091896]]}},{"type":"Feature","properties":{"fclass":"motorway_link","oneway":"F","bridge":"F","tunnel":"F"},"geometry":{"type":"LineString","coordinates":[[-74.0158047,40.7070531],[-74.0157522,40.7070756],[-74.0157044,40.707092],[-74.0156532,40.7071033],[-74.0155893,40.7071082],[-74.0155154,40.7071057],[-74.0154511,40.7070983]]}},{"type":"Feature","properties":{"fclass":"motorway_link","oneway":"F","maxspeed":40,"bridge":"F","tunnel":"F"},"geometry":{"type":"LineString","coordinates":[[-74.0150378,40.7098348],[-74.0151051,40.7092315],[-74.0151222,40.7091281],[-74.0151476,40.7090134],[-74.0151825,40.7089078],[-74.0152268,40.7087899],[-74.0154267,40.7082794]]}},{"type":"Feature","properties":{"fclass":"motorway","name":"FDR Drive","oneway":"F","bridge":"F","tunnel":"F"},"geometry":{"type":"LineString","coordinates":[[-74.0162324,40.7066286],[-74.0162604,40.7062857],[-74.0162768,40.7061849],[-74.0162978,40.7060947],[-74.0163234,40.7060115],[-74.016672,40.7051007]]}},{"type":"Feature","properties":{"fclass":"motorway_link","oneway":"F","maxspeed":40,"bridge":"F","tunnel":"T"},"geometry":{"type":"LineString","coordinates":[[-74.0149205,40.7072064],[-74.014986,40.707259],[-74.015055,40.7073115],[-74.0151364,40.7073688],[-74.0152166,40.707421],[-74.0153066,40.7074751]]}},{"type":"Feature","properties":{"fclass":"motorway","name":"FDR Drive","oneway":"F","bridge":"F","tunnel":"F"},"geometry":{"type":"LineString","coordinates":[[-74.0165814,40.7050856],[-74.0162384,40.7059738],[-74.0161963,40.7060881],[-74.0161051,40.7063661],[-74.01608,40.7064314],[-74.0160493,40.7064961],[-74.0160148,40.7065648],[-74.0159533,40.706677]]}},{"type":"Feature","properties":{"fclass":"motorway_link","oneway":"F","bridge":"F","tunnel":"F"},"geometry":{"type":"LineString","coordinates":[[-74.0142358,40.706675],[-74.0141744,40.7066975],[-74.0137315,40.7068216],[-74.0136896,40.7068333],[-74.0136527,40.7068447],[-74.0136173,40.7068612],[-74.0135893,40.7068785],[-74.0135458,40.7069158]]}},{"type":"Feature","properties":{"fclass":"residential","name":"1st Place","oneway":"F","bridge":"F","tunnel":"F"},"geometry":{"type":"LineString","coordinates":[[-74.0170123,40.7057939],[-74.017814,40.7061248],[-74.01793,40.706175]]}},{"type":"Feature","properties":{"fclass":"residential","name":"West Thames Street","oneway":"B","bridge":"F","tunnel":"F"},"geometry":{"type":"LineString","coordinates":[[-74.0157753,40.7077457],[-74.0158978,40.7077967],[-74.0159936,40.7078411],[-74.0162141,40.7079432],[-74.016626,40.708134]]}},{"type":"Feature","properties":{"fclass":"motorway","ref":"I 78","oneway":"F","bridge":"F","tunnel":"F"},"geometry":{"type":"LineString","coordinates":[[-74.007029,40.724504],[-74.0069902,40.7247873],[-74.0069783,40.7248687],[-74.0069712,40.724944],[-74.0069671,40.7250132]]}},{"type":"Feature","properties":{"fclass":"pedestrian","oneway":"B","bridge":"F","tunnel":"F"},"geometry":{"type":"LineString","coordinates":[[-74.0092213,40.7155224],[-74.0092412,40.7155811],[-74.009248,40.7156154],[-74.0092497,40.7156514],[-74.0092082,40.7161485],[-74.009201,40.716193]]}},{"type":"Feature","properties":{"fclass":"tertiary","name":"West Houston Street","oneway":"F","bridge":"F","tunnel":"F"},"geometry":{"type":"LineString","coordinates":[[-74.0028315,40.7283615],[-74.0029839,40.7283812],[-74.0030986,40.7283924],[-74.0032783,40.7284093],[-74.0053146,40.728601]]}},{"type":"Feature","properties":{"fclass":"secondary","name":"Murray Street","oneway":"F","bridge":"F","tunnel":"F"},"geometry":{"type":"LineString","coordinates":[[-74.0072253,40.7130447],[-74.0088462,40.7138056]]}},{"type":"Feature","properties":{"fclass":"footway","oneway":"B","bridge":"F","tunnel":"F"},"geometry":{"type":"LineString","coordinates":[[-74.0063082,40.7125605],[-74.0065988,40.7124369]]}},{"type":"Feature","properties":{"fclass":"pedestrian","name":"Broome Street","oneway":"B","bridge":"F","tunnel":"F"},"geometry":{"type":"LineString","coordinates":[[-73.99336,40.71907],[-73.992621,40.718851]]}},{"type":"Feature","properties":{"fclass":"residential","name":"East 2nd Street","oneway":"F","bridge":"F","tunnel":"F"},"geometry":{"type":"LineString","coordinates":[[-73.9795062,40.7202512],[-73.9795565,40.720299],[-73.979574,40.7203157],[-73.9799248,40.7204216],[-73.9800016,40.720456],[-73.9800245,40.7204964],[-73.9800058,40.7205488],[-73.9800271,40.7205864],[-73.9810132,40.7209945],[-73.9810813,40.7210226],[-73.981114,40.7210365],[-73.9811743,40.7210619],[-73.983444,40.722019],[-73.985752,40.723009],[-73.9872123,40.7236238],[-73.987968,40.723942]]}},{"type":"Feature","properties":{"fclass":"residential","name":"Broome Street","oneway":"F","bridge":"F","tunnel":"F"},"geometry":{"type":"LineString","coordinates":[[-73.992621,40.718851],[-73.991747,40.718583],[-73.9910601,40.7183742],[-73.990974,40.718348]]}},{"type":"Feature","properties":{"fclass":"residential","name":"Thompson Street","oneway":"F","bridge":"F","tunnel":"F"},"geometry":{"type":"LineString","coordinates":[[-74.0005768,40.7273568],[-74.0006671,40.7272467],[-74.0015804,40.7261286],[-74.002619,40.72488],[-74.003635,40.723682],[-74.00383,40.723449],[-74.0044354,40.7227417]]}},{"type":"Feature","properties":{"fclass":"residential","name":"Mercer Street","oneway":"F","bridge":"F","tunnel":"F"},"geometry":{"type":"LineString","coordinates":[[-73.9932432,40.7309542],[-73.994064,40.729978],[-73.994547,40.729406],[-73.9950196,40.7288579],[-73.995061,40.72881],[-73.995593,40.728194],[-73.9966625,40.7269315],[-73.9975705,40.7258746]]}},{"type":"Feature","properties":{"fclass":"motorway_link","oneway":"F","layer":1,"bridge":"T","tunnel":"F"},"geometry":{"type":"LineString","coordinates":[[-74.002383,40.7064525],[-74.0020616,40.7065909],[-74.0019335,40.7066509],[-74.0012238,40.7070022]]}},{"type":"Feature","properties":{"fclass":"motorway_link","oneway":"F","bridge":"F","tunnel":"F"},"geometry":{"type":"LineString","coordinates":[[-74.0001917,40.7092263],[-73.9998894,40.7086185],[-73.9998683,40.7085626],[-73.9998532,40.7085042],[-73.9998432,40.7084471],[-73.9998376,40.7083862]]}},{"type":"Feature","properties":{"fclass":"secondary","name":"Robert F. Wagner Sr. Place","oneway":"F","bridge":"F","tunnel":"F"},"geometry":{"type":"LineString","coordinates":[[-74.0012105,40.7100562],[-74.0011192,40.7099818],[-74.000759,40.7096925],[-74.0002701,40.709305],[-74.000226,40.7092641],[-74.0001917,40.7092263],[-73.999875,40.7088158],[-73.999829,40.7087554],[-73.9996512,40.7085114],[-73.9996092,40.7084588],[-73.9995527,40.7084015],[-73.9994458,40.708299]]}},{"type":"Feature","properties":{"fclass":"motorway_link","oneway":"F","layer":4,"bridge":"T","tunnel":"F"},"geometry":{"type":"LineString","coordinates":[[-74.0031027,40.711156],[-74.0031722,40.7112283],[-74.0032122,40.7112754],[-74.003246,40.711319],[-74.0032724,40.7113615],[-74.0032972,40.7114096],[-74.0033161,40.711449],[-74.0033305,40.7114895],[-74.0033374,40.7115284],[-74.0033367,40.711559],[-74.0033333,40.7115884],[-74.003325,40.711618],[-74.0033146,40.7116473],[-74.003298,40.711676],[-74.0032718,40.7117044],[-74.0032381,40.7117311],[-74.0031983,40.711756],[-74.0031524,40.7117765],[-74.0031033,40.7117899]]}},{"type":"Feature","properties":{"fclass":"motorway_link","oneway":"F","bridge":"F","tunnel":"F"},"geometry":{"type":"LineString","coordinates":[[-74.0012105,40.7100562],[-74.0011517,40.7099394],[-74.0010907,40.7098216],[-74.0010546,40.7097614],[-74.0010131,40.7097025],[-74.0009661,40.7096491],[-74.000903,40.70959],[-74.0006352,40.7093672]]}},{"type":"Feature","properties":{"fclass":"motorway_link","oneway":"F","bridge":"F","tunnel":"F"},"geometry":{"type":"LineString","coordinates":[[-74.001548,40.7096039],[-74.001374,40.7096489],[-74.0013171,40.7096603],[-74.0012774,40.7096654],[-74.0012274,40.7096683],[-74.0011693,40.7096683],[-74.0011235,40.7096644],[-74.0010834,40.7096593],[-74.001033,40.7096495],[-74.0009854,40.7096344],[-74.000944,40.7096143],[-74.000903,40.70959]]}},{"type":"Feature","properties":{"fclass":"motorway_link","oneway":"F","layer":2,"bridge":"T","tunnel":"F"},"geometry":{"type":"LineString","coordinates":[[-74.0000372,40.7080905],[-74.0000925,40.7081801],[-74.0001358,40.7082454],[-74.0001817,40.7083083],[-74.0002386,40.708374],[-74.0002944,40.7084338],[-74.0003447,40.7084837],[-74.0004078,40.7085395],[-74.000479,40.7085984],[-74.0009268,40.7089513]]}},{"type":"Feature","properties":{"fclass":"motorway_link","oneway":"F","layer":2,"bridge":"T","tunnel":"F"},"geometry":{"type":"LineString","coordinates":[[-74.0027432,40.7116881],[-74.0026516,40.7115838],[-74.0026114,40.7115302],[-74.0025731,40.7114765],[-74.0025413,40.7114277],[-74.0023088,40.711063],[-74.0022629,40.710996],[-74.0022181,40.710937],[-74.0021697,40.7108799],[-74.0021142,40.7108177]]}},{"type":"Feature","properties":{"fclass":"service","oneway":"B","layer":4,"bridge":"T","tunnel":"F"},"geometry":{"type":"LineString","coordinates":[[-74.001725,40.7100678],[-74.0018158,40.7102051],[-74.0018722,40.7102808],[-74.0019268,40.7103411],[-74.001998,40.7104094],[-74.0026071,40.7109774],[-74.0026704,40.7110403],[-74.0027296,40.7111036],[-74.0027828,40.7111623],[-74.0031694,40.711634]]}},{"type":"Feature","properties":{"fclass":"secondary","name":"Centre Street","oneway":"F","maxspeed":40,"bridge":"F","tunnel":"F"},"geometry":{"type":"LineString","coordinates":[[-74.004059,40.713135],[-74.0045261,40.7127247],[-74.0046393,40.712627],[-74.0047091,40.7125693],[-74.0047744,40.712521],[-74.0048445,40.7124759]]}},{"type":"Feature","properties":{"fclass":"service","name":"Park Row","oneway":"F","bridge":"F","tunnel":"F"},"geometry":{"type":"LineString","coordinates":[[-74.0051896,40.711983],[-74.0051481,40.7119738],[-74.0051,40.7119578],[-74.0050502,40.7119367],[-74.005006,40.7119157],[-74.0049496,40.7118858],[-74.0047366,40.7117612],[-74.0046885,40.7117341],[-74.0046393,40.7117128],[-74.0045901,40.7116977],[-74.0045287,40.7116852],[-74.004445,40.7116763],[-74.0043764,40.711672],[-74.0043126,40.711672],[-74.0042485,40.7116781],[-74.0041697,40.7116913],[-74.004096,40.7117104],[-74.0040111,40.7117383],[-74.0037589,40.7118432],[-74.003662,40.7118892],[-74.0035732,40.7119367],[-74.0034403,40.7120154],[-74.0033468,40.7120753],[-74.0029673,40.7123274]]}},{"type":"Feature","properties":{"fclass":"motorway_link","oneway":"F","maxspeed":40,"bridge":"F","tunnel":"F"},"geometry":{"type":"LineString","coordinates":[[-74.0060392,40.7119161],[-74.0059596,40.7119507],[-74.005896,40.7119728],[-74.0058367,40.7119913],[-74.0056277,40.7120478],[-74.0055614,40.7120628],[-74.0054951,40.7120745],[-74.0054319,40.7120811],[-74.0053621,40.7120863],[-74.0052981,40.7120861],[-74.0052306,40.7120805],[-74.0051628,40.7120713],[-74.0050972,40.7120562],[-74.0050278,40.7120347],[-74.0049608,40.7120057],[-74.0049002,40.7119738],[-74.0047276,40.7118772]]}},{"type":"Feature","properties":{"fclass":"service","name":"Avenue of the Finest","oneway":"B","maxspeed":40,"bridge":"F","tunnel":"F"},"geometry":{"type":"LineString","coordinates":[[-74.0024805,40.7115878],[-74.001798,40.7107586],[-74.0017321,40.7106892],[-74.0016676,40.7106266],[-74.0016094,40.7105717],[-74.0013984,40.710383],[-74.001336,40.7103355],[-74.0012822,40.7102977],[-74.0012413,40.7102708],[-74.0011122,40.7101928]]}},{"type":"Feature","properties":{"fclass":"service","oneway":"B","bridge":"F","tunnel":"F"},"geometry":{"type":"LineString","coordinates":[[-74.0024805,40.7115878],[-74.0026096,40.7115704],[-74.002704,40.7115531],[-74.0027801,40.7115331],[-74.0028521,40.7115118],[-74.0029278,40.7114875],[-74.0029937,40.7114622],[-74.0030633,40.7114315],[-74.0031205,40.711401],[-74.003179,40.7113656],[-74.003457,40.7111681],[-74.0034966,40.711134],[-74.0035368,40.7110949],[-74.003571,40.7110437],[-74.003624,40.710952]]}},{"type":"Feature","properties":{"fclass":"service","name":"Park Row","oneway":"T","bridge":"F","tunnel":"T"},"geometry":{"type":"LineString","coordinates":[[-74.0024736,40.7126195],[-74.002522,40.7125983],[-74.0025836,40.7125699],[-74.0026497,40.7125342],[-74.0027064,40.7124998],[-74.0029673,40.7123274]]}},{"type":"Feature","properties":{"fclass":"motorway_link","oneway":"F","maxspeed":40,"bridge":"F","tunnel":"F"},"geometry":{"type":"LineString","coordinates":[[-74.0042006,40.7120106],[-74.0043344,40.712121],[-74.0043794,40.7121618],[-74.0044168,40.7122044],[-74.0044498,40.7122485],[-74.0044766,40.7122963],[-74.0044973,40.7123455],[-74.0045089,40.7123965],[-74.0045106,40.712445],[-74.0045041,40.7124972],[-74.0044926,40.7125485],[-74.004474,40.7125963],[-74.0044517,40.7126425],[-74.0044351,40.7126748]]}},{"type":"Feature","properties":{"fclass":"service","oneway":"B","bridge":"F","tunnel":"F"},"geometry":{"type":"LineString","coordinates":[[-74.0031694,40.711634],[-74.0032527,40.711739],[-74.0032747,40.7117739],[-74.0032938,40.7118127],[-74.0033094,40.71185],[-74.0033173,40.7118912],[-74.0033142,40.7119326],[-74.003301,40.71197],[-74.0032755,40.7120078],[-74.003247,40.7120411],[-74.0030777,40.7121665],[-74.0029405,40.712277]]}},{"type":"Feature","properties":{"fclass":"motorway_link","oneway":"F","bridge":"F","tunnel":"F"},"geometry":{"type":"LineString","coordinates":[[-74.0021142,40.7108177],[-74.002062,40.7107648],[-74.0020024,40.7107095],[-74.0019051,40.7106242],[-74.0015818,40.7103491],[-74.0015068,40.7102888],[-74.0012105,40.7100562]]}},{"type":"Feature","properties":{"fclass":"motorway_link","oneway":"F","bridge":"F","tunnel":"F"},"geometry":{"type":"LineString","coordinates":[[-73.9998568,40.7089798],[-73.999896,40.7090352],[-73.9999408,40.7090945],[-73.9999847,40.7091462],[-74.0000232,40.7091901],[-74.0000664,40.7092366],[-74.0001087,40.7092784],[-74.0001608,40.7093264],[-74.0002124,40.70937],[-74.0003571,40.7094857],[-74.0004616,40.7095752],[-74.0005212,40.7096298],[-74.0005737,40.7096889],[-74.0006154,40.7097433],[-74.0007034,40.7098844]]}},{"type":"Feature","properties":{"fclass":"motorway_link","oneway":"F","layer":1,"bridge":"T","tunnel":"F"},"geometry":{"type":"LineString","coordinates":[[-73.9998376,40.7083862],[-73.9998426,40.7083205],[-73.9998536,40.7082604],[-73.9998771,40.7081978],[-73.9999075,40.7081429],[-73.9999492,40.7080903],[-74.000037,40.7079924],[-74.000091,40.7079398],[-74.0001503,40.707888],[-74.0002184,40.7078355],[-74.0002854,40.7077907],[-74.0003532,40.7077479],[-74.0004275,40.7077051],[-74.0007091,40.707554],[-74.0007946,40.7075074],[-74.000873,40.7074644],[-74.0009471,40.7074232],[-74.00102,40.7073812],[-74.0010916,40.707339],[-74.0011601,40.7072974],[-74.001618,40.7070051]]}},{"type":"Feature","properties":{"fclass":"motorway_link","oneway":"F","layer":2,"bridge":"T","tunnel":"F"},"geometry":{"type":"LineString","coordinates":[[-74.0006352,40.7093672],[-74.0004638,40.7092217],[-74.0004227,40.7091837],[-74.0003853,40.7091429],[-74.0003526,40.7090985],[-74.0003267,40.7090553],[-74.0003046,40.7090103],[-74.000288,40.7089627],[-74.0001684,40.708574]]}},{"type":"Feature","properties":{"fclass":"motorway_link","oneway":"F","layer":1,"bridge":"T","tunnel":"F"},"geometry":{"type":"LineString","coordinates":[[-74.002136,40.7100568],[-74.002909,40.7106702],[-74.002959,40.7107084],[-74.003009,40.7107421],[-74.0030617,40.7107741],[-74.0031151,40.710803],[-74.0031694,40.7108289],[-74.003216,40.7108464],[-74.0032598,40.71086],[-74.0033064,40.7108725],[-74.0033536,40.7108811],[-74.0034061,40.7108892],[-74.0036797,40.7109282]]}},{"type":"Feature","properties":{"fclass":"motorway_link","oneway":"F","bridge":"F","tunnel":"F"},"geometry":{"type":"LineString","coordinates":[[-74.0041357,40.712046],[-74.004158,40.7120849],[-74.0041707,40.712127],[-74.0041712,40.712169],[-74.0041625,40.7122137],[-74.0041506,40.7122571],[-74.0041335,40.7122947],[-74.0041091,40.7123289],[-74.0040812,40.7123592],[-74.0040484,40.7123855],[-74.004009,40.7124104],[-74.0039753,40.7124273],[-74.0039357,40.7124397],[-74.0038925,40.712448]]}},{"type":"Feature","properties":{"fclass":"footway","name":"Brooklyn Bridge","oneway":"B","bridge":"F","tunnel":"F"},"geometry":{"type":"LineString","coordinates":[[-74.0047897,40.7124277],[-74.0047849,40.7124098],[-74.0047734,40.7123903],[-74.0047573,40.7123709],[-74.004522,40.7121832],[-74.0044306,40.7121108]]}},{"type":"Feature","properties":{"fclass":"motorway","oneway":"F","bridge":"F","tunnel":"F"},"geometry":{"type":"LineString","coordinates":[[-74.0150557,40.7052452],[-74.0150138,40.7053508],[-74.014981,40.7054246],[-74.0149506,40.7054886],[-74.0149116,40.705556],[-74.0148494,40.7056589],[-74.014806,40.7057354],[-74.014774,40.7057975],[-74.0146368,40.7061126]]}},{"type":"Feature","properties":{"fclass":"motorway_link","oneway":"F","maxspeed":40,"bridge":"F","tunnel":"F"},"geometry":{"type":"LineString","coordinates":[[-74.0150234,40.7069397],[-74.0149855,40.7068871],[-74.0149524,40.7068323],[-74.0149251,40.7067786],[-74.0149041,40.7067264],[-74.0148867,40.7066671],[-74.0148764,40.7066134],[-74.0148692,40.7065586],[-74.0148673,40.7065037],[-74.0148716,40.7064469],[-74.0148781,40.7063927],[-74.014891,40.7063336],[-74.0149801,40.7060265],[-74.0150026,40.7059633],[-74.0150274,40.7059048],[-74.0151119,40.705734]]}},{"type":"Feature","properties":{"fclass":"footway","oneway":"B","layer":1,"bridge":"T","tunnel":"F"},"geometry":{"type":"LineString","coordinates":[[-74.015068,40.7062526],[-74.014528,40.7061276]]}},{"type":"Feature","properties":{"fclass":"footway","oneway":"B","bridge":"F","tunnel":"F"},"geometry":{"type":"LineString","coordinates":[[-74.014528,40.7061276],[-74.0144877,40.7061158],[-74.0144213,40.7060963]]}},{"type":"Feature","properties":{"fclass":"primary","name":"Whitehall Street","oneway":"F","maxspeed":40,"bridge":"F","tunnel":"F"},"geometry":{"type":"LineString","coordinates":[[-74.0124662,40.7015182],[-74.0124945,40.7015168],[-74.0125265,40.7015211],[-74.0125519,40.7015348],[-74.012567,40.7015535],[-74.0125768,40.7015732],[-74.0128078,40.7023438],[-74.012837,40.7024414]]}},{"type":"Feature","properties":{"fclass":"motorway","name":"FDR Drive","oneway":"F","bridge":"F","tunnel":"F"},"geometry":{"type":"LineString","coordinates":[[-74.0084092,40.7028105],[-74.0090399,40.7024287]]}},{"type":"Feature","properties":{"fclass":"motorway","name":"FDR Drive","oneway":"F","layer":1,"bridge":"T","tunnel":"F"},"geometry":{"type":"LineString","coordinates":[[-74.008323,40.7027323],[-74.0068046,40.703656],[-74.0065907,40.7037942],[-74.004034,40.7054372],[-74.0032825,40.7059197],[-74.0031718,40.7059896],[-74.0030545,40.7060621],[-74.002937,40.7061312],[-74.0028376,40.7061881],[-74.0027373,40.7062472],[-74.002383,40.7064525]]}},{"type":"Feature","properties":{"fclass":"motorway_link","oneway":"F","bridge":"F","tunnel":"F"},"geometry":{"type":"LineString","coordinates":[[-74.0120123,40.7016074],[-74.0121658,40.7015513],[-74.0122,40.7015336],[-74.0122291,40.7015137],[-74.0122452,40.7014974],[-74.0122561,40.7014782],[-74.0122632,40.7014498],[-74.0122598,40.7014217],[-74.0122506,40.7013962],[-74.0122328,40.7013706],[-74.0122046,40.7013495],[-74.0121696,40.7013391],[-74.0121368,40.7013367],[-74.0121041,40.7013397],[-74.0109754,40.701604],[-74.0108357,40.7016353],[-74.0107228,40.701658],[-74.0105585,40.7016881],[-74.010499,40.7017008],[-74.0104361,40.701717],[-74.0103667,40.7017382],[-74.0097732,40.70195]]}},{"type":"Feature","properties":{"fclass":"motorway_link","oneway":"F","bridge":"F","tunnel":"F"},"geometry":{"type":"LineString","coordinates":[[-74.0097732,40.70195],[-74.0095531,40.7019998],[-74.0094616,40.7020233],[-74.0093775,40.7020476],[-74.009288,40.7020801],[-74.0092098,40.7021157],[-74.0091354,40.7021529],[-74.0090651,40.7021912],[-74.0078861,40.7029073],[-74.0078524,40.7029311],[-74.007826,40.7029554],[-74.0078035,40.7029857],[-74.0077926,40.703016],[-74.0077897,40.703049],[-74.0078015,40.703198],[-74.0078017,40.7032302],[-74.0078002,40.7032519],[-74.0077962,40.7032781],[-74.0077895,40.7033008],[-74.0077786,40.7033242]]}},{"type":"Feature","properties":{"fclass":"motorway_link","oneway":"F","bridge":"F","tunnel":"F"},"geometry":{"type":"LineString","coordinates":[[-74.0090399,40.7024287],[-74.0092361,40.7023267],[-74.0093661,40.7022618],[-74.0094476,40.7022228],[-74.009524,40.702189],[-74.0096008,40.7021577],[-74.0096824,40.7021273],[-74.0097632,40.7021004],[-74.0098418,40.7020767],[-74.0099294,40.7020532],[-74.0100131,40.7020319],[-74.0100935,40.7020132],[-74.0101774,40.7019947],[-74.0103248,40.701964],[-74.0107987,40.7018766]]}},{"type":"Feature","properties":{"fclass":"motorway","name":"FDR Drive","ref":"NY 907L","oneway":"F","bridge":"F","tunnel":"F"},"geometry":{"type":"LineString","coordinates":[[-74.0090399,40.7024287],[-74.0092342,40.7023062],[-74.0093408,40.7022409],[-74.0094525,40.702179],[-74.0095184,40.7021457],[-74.0095885,40.7021118],[-74.0096603,40.70208],[-74.0097365,40.7020486],[-74.0098705,40.7020028],[-74.010031,40.7019576],[-74.010187,40.701918],[-74.010328,40.7018842],[-74.0105005,40.7018441],[-74.0119684,40.7015105]]}},{"type":"Feature","properties":{"fclass":"motorway","name":"FDR Drive","oneway":"F","layer":1,"bridge":"T","tunnel":"F"},"geometry":{"type":"LineString","coordinates":[[-74.002383,40.7064525],[-74.001552,40.7069402],[-74.0014106,40.7070224],[-74.0013143,40.7070758],[-74.0011793,40.7071484],[-74.0010566,40.7072152]]}},{"type":"Feature","properties":{"fclass":"motorway","name":"FDR Drive","oneway":"F","layer":1,"bridge":"T","tunnel":"F"},"geometry":{"type":"LineString","coordinates":[[-74.0010566,40.7072152],[-74.0009797,40.7072548],[-74.000897,40.7072958],[-74.0001744,40.7076453],[-74.0000643,40.7077005],[-73.9999594,40.7077531],[-73.9998643,40.7078026],[-73.9997754,40.7078506],[-73.9996911,40.7078982],[-73.9996006,40.7079508],[-73.9991671,40.7082113],[-73.9990893,40.7082562],[-73.9990142,40.7082974],[-73.9989484,40.7083324],[-73.9988737,40.7083715],[-73.9987988,40.7084082],[-73.9987245,40.7084441],[-73.998643,40.7084831],[-73.9985631,40.7085201],[-73.9984911,40.7085526],[-73.9984027,40.7085892],[-73.9983174,40.7086238],[-73.9982408,40.7086527],[-73.9981551,40.7086818],[-73.9980694,40.7087104],[-73.9979823,40.7087375],[-73.9978942,40.7087626],[-73.9978112,40.7087855],[-73.9977289,40.708806],[-73.997645,40.708826],[-73.9975574,40.7088448],[-73.9974713,40.7088625],[-73.997385,40.7088777],[-73.9972895,40.7088928],[-73.9971863,40.7089077],[-73.9949325,40.7092187],[-73.9948216,40.7092331],[-73.9947117,40.709247],[-73.994605,40.7092592],[-73.9944944,40.7092703],[-73.9939846,40.7093172]]}},{"type":"Feature","properties":{"fclass":"motorway","name":"FDR Drive","oneway":"F","layer":1,"bridge":"T","tunnel":"F"},"geometry":{"type":"LineString","coordinates":[[-73.9939846,40.7093172],[-73.9938542,40.7093322],[-73.9937086,40.7093481],[-73.9935715,40.7093644],[-73.9934366,40.7093821],[-73.9932911,40.709402],[-73.9900553,40.7098857],[-73.989399,40.709973],[-73.986601,40.710294],[-73.9852402,40.7104516],[-73.9835276,40.7106007]]}},{"type":"Feature","properties":{"fclass":"footway","oneway":"B","bridge":"F","tunnel":"F"},"geometry":{"type":"LineString","coordinates":[[-74.0129722,40.7192315],[-74.012673,40.7192114],[-74.0125435,40.7191925]]}},{"type":"Feature","properties":{"fclass":"footway","oneway":"B","bridge":"F","tunnel":"F"},"geometry":{"type":"LineString","coordinates":[[-74.0130136,40.7190409],[-74.0127276,40.718977],[-74.0125981,40.7189571]]}},{"type":"Feature","properties":{"fclass":"service","oneway":"F","bridge":"F","tunnel":"F"},"geometry":{"type":"LineString","coordinates":[[-74.0024805,40.7115878],[-74.0022543,40.711616],[-74.001815,40.7116617],[-74.0016915,40.7116716],[-74.001089,40.7117156],[-74.0009961,40.7117186],[-74.000934,40.711717],[-74.0008396,40.711714]]}},{"type":"Feature","properties":{"fclass":"unclassified","name":"Gold Street","oneway":"B","bridge":"F","tunnel":"F"},"geometry":{"type":"LineString","coordinates":[[-74.0051236,40.709403],[-74.0051556,40.7093774],[-74.0054738,40.709095]]}},{"type":"Feature","properties":{"fclass":"unclassified","name":"Broad Street","oneway":"F","maxspeed":40,"bridge":"F","tunnel":"F"},"geometry":{"type":"LineString","coordinates":[[-74.011569,40.704249],[-74.0115607,40.7045513],[-74.0115571,40.704723],[-74.0115502,40.7049909]]}},{"type":"Feature","properties":{"fclass":"service","name":"Exchange Place","oneway":"F","bridge":"F","tunnel":"F"},"geometry":{"type":"LineString","coordinates":[[-74.012508,40.706767],[-74.0123464,40.706774],[-74.0119403,40.7065964],[-74.011873,40.706552],[-74.01119,40.706278]]}},{"type":"Feature","properties":{"fclass":"cycleway","name":"Manhattan Bridge Bike Path","oneway":"B","bridge":"F","tunnel":"F"},"geometry":{"type":"LineString","coordinates":[[-73.9944004,40.715653],[-73.9944425,40.7155997],[-73.9944954,40.7156022]]}},{"type":"Feature","properties":{"fclass":"unclassified","name":"John Street","oneway":"B","bridge":"F","tunnel":"F"},"geometry":{"type":"LineString","coordinates":[[-74.005482,40.707387],[-74.005003,40.706853],[-74.004558,40.706407]]}},{"type":"Feature","properties":{"fclass":"residential","name":"John Street","oneway":"B","bridge":"F","tunnel":"F"},"geometry":{"type":"LineString","coordinates":[[-74.004558,40.706407],[-74.0038615,40.7057934]]}},{"type":"Feature","properties":{"fclass":"unclassified","name":"Front Street","oneway":"F","bridge":"F","tunnel":"F"},"geometry":{"type":"LineString","coordinates":[[-74.004558,40.706407],[-74.004942,40.7061626],[-74.005218,40.7059869]]}},{"type":"Feature","properties":{"fclass":"pedestrian","name":"Fulton Street","oneway":"B","bridge":"F","tunnel":"F"},"geometry":{"type":"LineString","coordinates":[[-74.0039648,40.7072157],[-74.0040231,40.7072817],[-74.004067,40.7074501]]}},{"type":"Feature","properties":{"fclass":"pedestrian","name":"Rivington Street","oneway":"B","bridge":"F","tunnel":"F"},"geometry":{"type":"LineString","coordinates":[[-73.9915037,40.721032],[-73.992237,40.721248]]}},{"type":"Feature","properties":{"fclass":"pedestrian","name":"Jefferson Street","oneway":"B","bridge":"F","tunnel":"F"},"geometry":{"type":"LineString","coordinates":[[-73.988311,40.711384],[-73.9881112,40.710324]]}},{"type":"Feature","properties":{"fclass":"residential","name":"Clinton Street","oneway":"B","bridge":"F","tunnel":"F"},"geometry":{"type":"LineString","coordinates":[[-73.987158,40.7143064],[-73.987172,40.714377],[-73.987178,40.714597],[-73.987166,40.714802],[-73.987129,40.715031],[-73.987074,40.715241],[-73.986996,40.715456],[-73.986929,40.715603],[-73.986835,40.715777],[-73.9867432,40.7159542]]}},{"type":"Feature","properties":{"fclass":"pedestrian","oneway":"B","bridge":"F","tunnel":"F"},"geometry":{"type":"LineString","coordinates":[[-74.0047735,40.7084063],[-74.0045501,40.7085003],[-74.004227,40.7086242],[-74.00397,40.708726]]}},{"type":"Feature","properties":{"fclass":"pedestrian","name":"Beekman Street","oneway":"B","bridge":"F","tunnel":"F"},"geometry":{"type":"LineString","coordinates":[[-74.0034468,40.7080774],[-74.0035152,40.7082136],[-74.00397,40.708726],[-74.004043,40.7088048],[-74.0041415,40.7089044],[-74.0043663,40.7087845]]}},{"type":"Feature","properties":{"fclass":"residential","name":"Broome Street","oneway":"F","bridge":"F","tunnel":"F"},"geometry":{"type":"LineString","coordinates":[[-73.988671,40.71765],[-73.987879,40.717409]]}},{"type":"Feature","properties":{"fclass":"pedestrian","oneway":"B","bridge":"F","tunnel":"F"},"geometry":{"type":"LineString","coordinates":[[-74.0023996,40.7100493],[-74.002463,40.7100053],[-74.0031251,40.7095436],[-74.0037338,40.7099467],[-74.0040922,40.7101735],[-74.0041838,40.7102402]]}},{"type":"Feature","properties":{"fclass":"secondary","name":"East Broadway","oneway":"B","bridge":"F","tunnel":"F"},"geometry":{"type":"LineString","coordinates":[[-73.987158,40.7143064],[-73.9862901,40.7143793],[-73.9853434,40.7144587],[-73.9847385,40.7145095],[-73.9831307,40.7146441]]}},{"type":"Feature","properties":{"fclass":"residential","name":"Peck Slip","oneway":"B","bridge":"F","tunnel":"F"},"geometry":{"type":"LineString","coordinates":[[-74.0018952,40.7082735],[-74.002419,40.7087668],[-74.002503,40.708846]]}},{"type":"Feature","properties":{"fclass":"footway","oneway":"B","bridge":"F","tunnel":"F"},"geometry":{"type":"LineString","coordinates":[[-73.9924498,40.7117006],[-73.9923622,40.7117074],[-73.9922971,40.7117124],[-73.9922514,40.7117146],[-73.9921735,40.7117226],[-73.9920577,40.711737],[-73.9920041,40.7118092],[-73.9898608,40.7119833]]}},{"type":"Feature","properties":{"fclass":"primary","name":"Delancey Street","oneway":"F","bridge":"F","tunnel":"F"},"geometry":{"type":"LineString","coordinates":[[-73.9881682,40.7186193],[-73.9882864,40.7186556],[-73.9889126,40.718848],[-73.988981,40.7188714],[-73.9890493,40.7188917],[-73.9897282,40.7191093],[-73.9902047,40.7192589]]}},{"type":"Feature","properties":{"fclass":"residential","name":"Henry Street","oneway":"B","bridge":"F","tunnel":"F"},"geometry":{"type":"LineString","coordinates":[[-73.9926692,40.7131741],[-73.9925776,40.7131824],[-73.9925199,40.7131878],[-73.9924603,40.7131918],[-73.9923727,40.7131973]]}},{"type":"Feature","properties":{"fclass":"cycleway","oneway":"B","bridge":"F","tunnel":"F"},"geometry":{"type":"LineString","coordinates":[[-73.9944004,40.715653],[-73.9943644,40.7157247],[-73.9947841,40.7158837],[-73.9949282,40.7158469]]}},{"type":"Feature","properties":{"fclass":"residential","name":"Rivington Street","oneway":"F","bridge":"F","tunnel":"F"},"geometry":{"type":"LineString","coordinates":[[-73.992237,40.721248],[-73.9927158,40.7213883],[-73.9934649,40.7216123]]}},{"type":"Feature","properties":{"fclass":"pedestrian","name":"Stanton Street","oneway":"B","bridge":"F","tunnel":"F"},"geometry":{"type":"LineString","coordinates":[[-73.9916433,40.722412],[-73.990914,40.722181]]}},{"type":"Feature","properties":{"fclass":"primary","name":"Bowery","oneway":"F","bridge":"F","tunnel":"F"},"geometry":{"type":"LineString","coordinates":[[-73.9926443,40.7242312],[-73.9926927,40.7240979],[-73.9931526,40.7228281],[-73.9933218,40.7223842]]}},{"type":"Feature","properties":{"fclass":"residential","name":"Bond Street","oneway":"F","bridge":"F","tunnel":"F"},"geometry":{"type":"LineString","coordinates":[[-73.994129,40.72664],[-73.9922144,40.7257013],[-73.9921418,40.7256763]]}},{"type":"Feature","properties":{"fclass":"residential","name":"Forsyth Street","oneway":"F","bridge":"F","tunnel":"F"},"geometry":{"type":"LineString","coordinates":[[-73.993095,40.717922],[-73.992621,40.718851],[-73.9921757,40.7196783],[-73.9921015,40.7198246],[-73.9915037,40.721032],[-73.990914,40.722181],[-73.9908828,40.7222422],[-73.9903053,40.7233779],[-73.9902344,40.7235065]]}},{"type":"Feature","properties":{"fclass":"secondary","name":"Grand Street","oneway":"B","bridge":"F","tunnel":"F"},"geometry":{"type":"LineString","coordinates":[[-73.993828,40.718145],[-73.9933141,40.7179887]]}},{"type":"Feature","properties":{"fclass":"residential","name":"Mechanics Alley","oneway":"F","bridge":"F","tunnel":"F"},"geometry":{"type":"LineString","coordinates":[[-73.994075,40.7130528],[-73.9937732,40.7123554]]}},{"type":"Feature","properties":{"fclass":"footway","oneway":"B","bridge":"F","tunnel":"F"},"geometry":{"type":"LineString","coordinates":[[-73.9937,40.716748],[-73.9938938,40.7166878],[-73.994105,40.7162746],[-73.9940844,40.7162122],[-73.9941871,40.7160113],[-73.9941852,40.7159222],[-73.9941553,40.7158457]]}},{"type":"Feature","properties":{"fclass":"residential","name":"Market Slip","oneway":"B","bridge":"F","tunnel":"F"},"geometry":{"type":"LineString","coordinates":[[-73.9941033,40.7100939],[-73.9940737,40.7098733],[-73.994026,40.7095139]]}},{"type":"Feature","properties":{"fclass":"footway","oneway":"B","bridge":"F","tunnel":"F"},"geometry":{"type":"LineString","coordinates":[[-74.000132,40.7094748],[-74.0000646,40.7095245],[-73.9998388,40.709691],[-73.9997566,40.7097437],[-73.9996935,40.7097724],[-73.9996303,40.7097867],[-73.9995894,40.7097916],[-73.9989086,40.7098677]]}},{"type":"Feature","properties":{"fclass":"footway","oneway":"B","bridge":"F","tunnel":"F"},"geometry":{"type":"LineString","coordinates":[[-73.9989086,40.7098677],[-73.9987841,40.7094001],[-73.9987208,40.709163],[-73.9986595,40.7089225]]}},{"type":"Feature","properties":{"fclass":"footway","oneway":"B","bridge":"F","tunnel":"F"},"geometry":{"type":"LineString","coordinates":[[-73.9987841,40.7094001],[-73.9979746,40.7095237]]}},{"type":"Feature","properties":{"fclass":"unclassified","name":"Beekman Street","oneway":"F","maxspeed":40,"bridge":"F","tunnel":"F"},"geometry":{"type":"LineString","coordinates":[[-74.004827,40.70966],[-74.005599,40.710397]]}},{"type":"Feature","properties":{"fclass":"unclassified","name":"Gold Street","oneway":"F","bridge":"F","tunnel":"F"},"geometry":{"type":"LineString","coordinates":[[-74.006531,40.708227],[-74.006838,40.707858],[-74.00685,40.707836],[-74.006941,40.707697],[-74.007035,40.707578],[-74.007151,40.707458],[-74.007286,40.707341],[-74.007459,40.707219]]}},{"type":"Feature","properties":{"fclass":"pedestrian","name":"Pearl Street","oneway":"B","bridge":"F","tunnel":"F"},"geometry":{"type":"LineString","coordinates":[[-74.0034468,40.7080774],[-74.0037623,40.7081068],[-74.0042267,40.7078815],[-74.0043254,40.7078335]]}},{"type":"Feature","properties":{"fclass":"secondary","name":"Centre Street","oneway":"F","bridge":"F","tunnel":"F"},"geometry":{"type":"LineString","coordinates":[[-74.0036256,40.7136499],[-74.0032608,40.7138145],[-74.0031495,40.7138693],[-74.0030248,40.7139499]]}},{"type":"Feature","properties":{"fclass":"secondary","name":"Forsyth Street","oneway":"F","bridge":"F","tunnel":"F"},"geometry":{"type":"LineString","coordinates":[[-73.9942712,40.7156084],[-73.9945112,40.715093],[-73.9945127,40.7150167],[-73.9944663,40.7149038],[-73.9941723,40.7143751],[-73.9941527,40.7143275],[-73.9941374,40.7142818]]}},{"type":"Feature","properties":{"fclass":"primary","name":"Saint James Place","oneway":"B","bridge":"F","tunnel":"F"},"geometry":{"type":"LineString","coordinates":[[-73.9997022,40.7117948],[-73.9996108,40.711885],[-73.9989958,40.7124936],[-73.998888,40.712599],[-73.9982978,40.7131814],[-73.9982255,40.7132537]]}},{"type":"Feature","properties":{"fclass":"primary_link","oneway":"F","bridge":"F","tunnel":"F"},"geometry":{"type":"LineString","coordinates":[[-73.9964705,40.715497],[-73.9962721,40.7156797],[-73.9962426,40.7157056],[-73.9962121,40.7157251],[-73.996177,40.7157412],[-73.9961418,40.7157502],[-73.9961071,40.7157555],[-73.9960702,40.7157555],[-73.9960327,40.7157535],[-73.9959917,40.7157442],[-73.9959541,40.7157304],[-73.9959137,40.715709],[-73.9958754,40.7156789],[-73.9956683,40.715489]]}},{"type":"Feature","properties":{"fclass":"footway","oneway":"B","bridge":"F","tunnel":"F"},"geometry":{"type":"LineString","coordinates":[[-74.0137336,40.7046098],[-74.0140951,40.704563],[-74.0142414,40.7045149],[-74.0144161,40.7044617],[-74.0146486,40.704391]]}},{"type":"Feature","properties":{"fclass":"footway","oneway":"B","bridge":"F","tunnel":"F"},"geometry":{"type":"LineString","coordinates":[[-74.0172275,40.7032682],[-74.0172704,40.7033448],[-74.01729,40.7034113],[-74.017292,40.7034864],[-74.0172797,40.7035634],[-74.0172471,40.7036389],[-74.0172081,40.7036883],[-74.0171392,40.7037528],[-74.017051,40.7038065],[-74.0169465,40.7038505],[-74.0168363,40.703881],[-74.0167229,40.7038909],[-74.0166113,40.7038883],[-74.0165386,40.703882],[-74.016444,40.7038581]]}},{"type":"Feature","properties":{"fclass":"footway","oneway":"B","bridge":"F","tunnel":"F"},"geometry":{"type":"LineString","coordinates":[[-74.017292,40.7034864],[-74.0175451,40.703511],[-74.0175503,40.7034072]]}},{"type":"Feature","properties":{"fclass":"footway","oneway":"B","bridge":"F","tunnel":"F"},"geometry":{"type":"LineString","coordinates":[[-74.0165017,40.7035712],[-74.0162566,40.703579],[-74.0161666,40.7035817],[-74.0153027,40.7039799],[-74.0147202,40.7042598],[-74.0146164,40.7043097],[-74.0146486,40.704391]]}},{"type":"Feature","properties":{"fclass":"footway","oneway":"B","bridge":"F","tunnel":"F"},"geometry":{"type":"LineString","coordinates":[[-74.0154479,40.7041423],[-74.0153027,40.7039799]]}},{"type":"Feature","properties":{"fclass":"unclassified","name":"Vesey Street","oneway":"B","bridge":"F","tunnel":"F"},"geometry":{"type":"LineString","coordinates":[[-74.0136812,40.7137088],[-74.0139334,40.7138012]]}},{"type":"Feature","properties":{"fclass":"pedestrian","name":"Vesey Street","oneway":"B","bridge":"F","tunnel":"F"},"geometry":{"type":"LineString","coordinates":[[-74.0101302,40.7120904],[-74.0115674,40.7127454],[-74.0116657,40.7127902],[-74.0125141,40.7131769],[-74.0135633,40.7136552],[-74.0136178,40.7136799],[-74.0136812,40.7137088]]}},{"type":"Feature","properties":{"fclass":"footway","oneway":"B","layer":1,"bridge":"T","tunnel":"F"},"geometry":{"type":"LineString","coordinates":[[-74.0066881,40.7215506],[-74.0069813,40.7217674]]}},{"type":"Feature","properties":{"fclass":"footway","oneway":"B","bridge":"F","tunnel":"F"},"geometry":{"type":"LineString","coordinates":[[-74.007101,40.7218618],[-74.007113,40.7217797]]}},{"type":"Feature","properties":{"fclass":"trunk_link","oneway":"F","bridge":"F","tunnel":"F"},"geometry":{"type":"LineString","coordinates":[[-74.0168142,40.7051367],[-74.0168062,40.7050966],[-74.0167968,40.7050669],[-74.0167824,40.7050378],[-74.0167611,40.7050165],[-74.016732,40.7049972],[-74.0167004,40.7049823],[-74.0166574,40.7049723],[-74.0166219,40.7049701],[-74.0165846,40.7049736],[-74.0165487,40.7049825],[-74.016518,40.7049988],[-74.0164919,40.7050225],[-74.0164766,40.7050465],[-74.016467,40.7050715]]}},{"type":"Feature","properties":{"fclass":"motorway_link","oneway":"F","maxspeed":40,"bridge":"F","tunnel":"F"},"geometry":{"type":"LineString","coordinates":[[-74.0146368,40.7061126],[-74.0146133,40.7061991],[-74.0146006,40.7062624],[-74.0145858,40.7063547],[-74.0145757,40.70644],[-74.0145722,40.7065004],[-74.0145748,40.706556],[-74.014581,40.7066077],[-74.01459,40.7066595],[-74.0146018,40.7067111],[-74.0146182,40.706761],[-74.014635,40.706808],[-74.0146574,40.7068606],[-74.0146821,40.7069086],[-74.0147086,40.7069579],[-74.014741,40.707009],[-74.0147742,40.7070559],[-74.0148096,40.7071007],[-74.0148479,40.7071413],[-74.0148857,40.7071759],[-74.0149205,40.7072064]]}},{"type":"Feature","properties":{"fclass":"motorway","oneway":"F","bridge":"F","tunnel":"F"},"geometry":{"type":"LineString","coordinates":[[-74.0151119,40.705734],[-74.015175,40.7055373],[-74.0152403,40.7053594],[-74.0152436,40.7053505],[-74.0152649,40.705292]]}},{"type":"Feature","properties":{"fclass":"trunk","name":"West Street","oneway":"F","maxspeed":56,"bridge":"F","tunnel":"F"},"geometry":{"type":"LineString","coordinates":[[-74.0162324,40.7066286],[-74.0168142,40.7051367],[-74.0168952,40.7049285],[-74.0169046,40.7048957],[-74.0169094,40.7048636],[-74.0169086,40.7048317]]}},{"type":"Feature","properties":{"fclass":"secondary","name":"Robert F. Wagner Sr. Place","oneway":"F","bridge":"F","tunnel":"F"},"geometry":{"type":"LineString","coordinates":[[-74.0007034,40.7098844],[-74.0009512,40.7100873],[-74.0010056,40.7101267],[-74.0010591,40.7101615],[-74.0011122,40.7101928]]}},{"type":"Feature","properties":{"fclass":"secondary","name":"Centre Street","oneway":"B","maxspeed":40,"bridge":"F","tunnel":"F"},"geometry":{"type":"LineString","coordinates":[[-74.0036256,40.7136499],[-74.0040368,40.7131617],[-74.004059,40.713135]]}},{"type":"Feature","properties":{"fclass":"motorway","oneway":"F","maxspeed":40,"layer":4,"bridge":"T","tunnel":"F"},"geometry":{"type":"LineString","coordinates":[[-74.0031027,40.711156],[-74.0036668,40.711607],[-74.0042006,40.7120106]]}},{"type":"Feature","properties":{"fclass":"secondary","name":"Park Row","oneway":"F","bridge":"F","tunnel":"F"},"geometry":{"type":"LineString","coordinates":[[-74.0086337,40.7113899],[-74.0085844,40.7113723],[-74.0085378,40.7113618],[-74.0084884,40.7113562],[-74.0084234,40.7113532],[-74.0083673,40.711356],[-74.008323,40.7113634],[-74.00827,40.7113752],[-74.0078701,40.71148]]}},{"type":"Feature","properties":{"fclass":"secondary","name":"Barclay Street","oneway":"F","maxspeed":40,"bridge":"F","tunnel":"F"},"geometry":{"type":"LineString","coordinates":[[-74.0081224,40.7119925],[-74.0081559,40.7120202],[-74.0081899,40.7120437],[-74.0082236,40.712063],[-74.009667,40.712736]]}},{"type":"Feature","properties":{"fclass":"service","name":"Park Row","oneway":"F","bridge":"F","tunnel":"F"},"geometry":{"type":"LineString","coordinates":[[-73.998681,40.7135191],[-73.9987641,40.7134715],[-73.9988052,40.7134507],[-73.9988461,40.713429],[-73.9988945,40.7134096],[-73.9989428,40.7133961],[-73.9989943,40.7133875],[-73.9990541,40.7133805],[-73.9991262,40.7133742],[-73.9992287,40.7133612],[-73.9993895,40.7133365],[-73.9997271,40.7132802],[-74.0008727,40.7130664],[-74.0009442,40.7130508],[-74.0022322,40.712772],[-74.002285,40.712759],[-74.002358,40.712738],[-74.0024316,40.7127146],[-74.002498,40.71269],[-74.0025652,40.7126628]]}},{"type":"Feature","properties":{"fclass":"residential","name":"Dominick Street","oneway":"F","bridge":"F","tunnel":"F"},"geometry":{"type":"LineString","coordinates":[[-74.005894,40.725026],[-74.007669,40.725192]]}},{"type":"Feature","properties":{"fclass":"residential","name":"Watts Street","oneway":"F","bridge":"F","tunnel":"F"},"geometry":{"type":"LineString","coordinates":[[-74.0075216,40.7239091],[-74.0065256,40.7238048],[-74.0062931,40.7237805],[-74.006111,40.7238002]]}},{"type":"Feature","properties":{"fclass":"residential","name":"Broome Street","oneway":"B","maxspeed":32,"bridge":"F","tunnel":"F"},"geometry":{"type":"LineString","coordinates":[[-74.0060054,40.7244159],[-74.006886,40.7244916]]}},{"type":"Feature","properties":{"fclass":"service","name":"Broome Street","oneway":"B","maxspeed":32,"bridge":"F","tunnel":"F"},"geometry":{"type":"LineString","coordinates":[[-74.0077806,40.7245756],[-74.007029,40.724504]]}},{"type":"Feature","properties":{"fclass":"residential","name":"Beach Street","oneway":"F","bridge":"F","tunnel":"F"},"geometry":{"type":"LineString","coordinates":[[-74.008466,40.7206456],[-74.0085214,40.720633],[-74.00858,40.7206286],[-74.0086265,40.7206308],[-74.0092986,40.7206968],[-74.0100068,40.7207656]]}},{"type":"Feature","properties":{"fclass":"motorway_link","oneway":"F","bridge":"F","tunnel":"F"},"geometry":{"type":"LineString","coordinates":[[-74.0075453,40.7208182],[-74.0073854,40.7207939],[-74.007331,40.720788],[-74.0072788,40.7207867],[-74.0072224,40.7207905],[-74.007173,40.7207989],[-74.0071266,40.7208118],[-74.0070884,40.7208305],[-74.0070454,40.7208589],[-74.0070067,40.7208862],[-74.0069761,40.7209145],[-74.0069401,40.7209545],[-74.0069007,40.7210021]]}},{"type":"Feature","properties":{"fclass":"motorway_link","oneway":"F","bridge":"F","tunnel":"F"},"geometry":{"type":"LineString","coordinates":[[-74.0067668,40.721724],[-74.0068557,40.7217041],[-74.0069205,40.7216951],[-74.0069942,40.721687],[-74.0070751,40.7216824],[-74.00715,40.7216796],[-74.0072195,40.7216816],[-74.007537,40.7217075],[-74.0075982,40.7217142],[-74.0076574,40.721723],[-74.0077165,40.7217371],[-74.0077925,40.7217624],[-74.0078801,40.7217957],[-74.0079488,40.7218243],[-74.0080185,40.7218562],[-74.0080834,40.721888],[-74.0081457,40.7219246],[-74.0081937,40.7219567],[-74.0082308,40.7219848]]}},{"type":"Feature","properties":{"fclass":"secondary","name":"Varick Street","oneway":"F","bridge":"F","tunnel":"F"},"geometry":{"type":"LineString","coordinates":[[-74.0060054,40.7244159],[-74.006111,40.7238002]]}},{"type":"Feature","properties":{"fclass":"primary","name":"Varick Street","oneway":"F","bridge":"F","tunnel":"F"},"geometry":{"type":"LineString","coordinates":[[-74.0053146,40.728601],[-74.005427,40.727879],[-74.005545,40.727157],[-74.0056457,40.7265127],[-74.005658,40.726435],[-74.0056688,40.7263678],[-74.0057795,40.7256821],[-74.005894,40.725026],[-74.0060054,40.7244159]]}},{"type":"Feature","properties":{"fclass":"primary","name":"West Broadway","oneway":"F","bridge":"F","tunnel":"F"},"geometry":{"type":"LineString","coordinates":[[-74.0054888,40.7203422],[-74.0054667,40.7203543],[-74.0054446,40.7203722],[-74.0053254,40.7205066],[-74.0052198,40.7206388]]}},{"type":"Feature","properties":{"fclass":"secondary","name":"West Broadway","oneway":"F","bridge":"F","tunnel":"F"},"geometry":{"type":"LineString","coordinates":[[-74.0052198,40.7206388],[-74.0047121,40.7212563],[-74.0046174,40.7213697],[-74.0045434,40.7214626],[-74.003768,40.722384]]}},{"type":"Feature","properties":{"fclass":"secondary","name":"Lafayette Street","oneway":"F","bridge":"F","tunnel":"F"},"geometry":{"type":"LineString","coordinates":[[-73.9914389,40.7298661],[-73.9913195,40.729922],[-73.9911635,40.7299972],[-73.9910687,40.730045],[-73.9910255,40.7300969],[-73.9906806,40.7305679],[-73.990646,40.730615],[-73.9905993,40.7306922]]}},{"type":"Feature","properties":{"fclass":"primary","name":"Lafayette Street","oneway":"F","bridge":"F","tunnel":"F"},"geometry":{"type":"LineString","coordinates":[[-73.9977853,40.7215815],[-73.998196,40.721063],[-73.999061,40.720044],[-73.999841,40.719193],[-74.0002574,40.718733],[-74.000532,40.71843]]}},{"type":"Feature","properties":{"fclass":"secondary","name":"Lafayette Street","oneway":"F","bridge":"F","tunnel":"F"},"geometry":{"type":"LineString","coordinates":[[-74.000532,40.71843],[-74.000988,40.717932],[-74.0015647,40.7173002],[-74.002078,40.716731],[-74.002558,40.716181],[-74.002808,40.715886],[-74.0030272,40.7155919]]}},{"type":"Feature","properties":{"fclass":"secondary","name":"Hudson Street","oneway":"F","bridge":"F","tunnel":"F"},"geometry":{"type":"LineString","coordinates":[[-74.0082308,40.7219848],[-74.0081186,40.722644],[-74.0080096,40.7232849],[-74.0079472,40.7236541],[-74.0079297,40.7237578]]}},{"type":"Feature","properties":{"fclass":"secondary","name":"Hudson Street","oneway":"F","bridge":"F","tunnel":"F"},"geometry":{"type":"LineString","coordinates":[[-74.0079297,40.7237578],[-74.0077806,40.7245756],[-74.007669,40.725192]]}},{"type":"Feature","properties":{"fclass":"secondary","name":"Hudson Street","oneway":"F","bridge":"F","tunnel":"F"},"geometry":{"type":"LineString","coordinates":[[-74.008466,40.7206456],[-74.0084206,40.7208934],[-74.0083677,40.7211966]]}},{"type":"Feature","properties":{"fclass":"secondary","name":"Chrystie Street","oneway":"B","bridge":"F","tunnel":"F"},"geometry":{"type":"LineString","coordinates":[[-73.9929057,40.7199016],[-73.9928368,40.7200517],[-73.992237,40.721248],[-73.9916433,40.722412],[-73.9911026,40.7235064],[-73.9910567,40.7235992]]}},{"type":"Feature","properties":{"fclass":"secondary","name":"6th Avenue","oneway":"F","bridge":"F","tunnel":"F"},"geometry":{"type":"LineString","coordinates":[[-74.0028315,40.7283615],[-74.0027912,40.7284511],[-74.0027551,40.7285176],[-74.0025635,40.7289072],[-74.0022411,40.7296026],[-74.0021985,40.7296932],[-74.002094,40.7298798]]}},{"type":"Feature","properties":{"fclass":"primary","name":"6th Avenue","oneway":"F","bridge":"F","tunnel":"F"},"geometry":{"type":"LineString","coordinates":[[-74.0052198,40.7206388],[-74.005248,40.721025],[-74.0052899,40.7218355]]}},{"type":"Feature","properties":{"fclass":"primary","name":"Allen Street","oneway":"F","bridge":"F","tunnel":"F"},"geometry":{"type":"LineString","coordinates":[[-73.990284,40.7191088],[-73.9902047,40.7192589]]}},{"type":"Feature","properties":{"fclass":"primary","name":"Allen Street","oneway":"F","bridge":"F","tunnel":"F"},"geometry":{"type":"LineString","coordinates":[[-73.9905492,40.7191935],[-73.9905987,40.7190887],[-73.9909396,40.7184157],[-73.990974,40.718348],[-73.9910012,40.7182914],[-73.991422,40.717418],[-73.992014,40.716235],[-73.9926337,40.7151348],[-73.9928572,40.7146736],[-73.9928196,40.7143726]]}},{"type":"Feature","properties":{"fclass":"secondary","name":"Canal Street","oneway":"F","bridge":"F","tunnel":"F"},"geometry":{"type":"LineString","coordinates":[[-73.99459,40.7157183],[-73.9944004,40.715653],[-73.9942712,40.7156084]]}},{"type":"Feature","properties":{"fclass":"primary","name":"Bowery","oneway":"F","bridge":"F","tunnel":"F"},"geometry":{"type":"LineString","coordinates":[[-73.9974136,40.714086],[-73.9969582,40.7147038],[-73.9969118,40.7147733],[-73.9968697,40.7148388],[-73.9967565,40.7150273],[-73.9964705,40.715497],[-73.9963308,40.7157329]]}},{"type":"Feature","properties":{"fclass":"secondary","name":"East Broadway","oneway":"B","bridge":"F","tunnel":"F"},"geometry":{"type":"LineString","coordinates":[[-73.992495,40.7138684],[-73.9902009,40.714051]]}},{"type":"Feature","properties":{"fclass":"secondary","name":"Rutgers Street","oneway":"B","bridge":"F","tunnel":"F"},"geometry":{"type":"LineString","coordinates":[[-73.9902009,40.714051],[-73.9902457,40.7144101]]}},{"type":"Feature","properties":{"fclass":"secondary","name":"Canal Street","oneway":"B","bridge":"F","tunnel":"F"},"geometry":{"type":"LineString","coordinates":[[-73.9902457,40.7144101],[-73.990631,40.7145191],[-73.9911306,40.7146683]]}},{"type":"Feature","properties":{"fclass":"service","name":"Mechanics Alley","oneway":"B","bridge":"F","tunnel":"F"},"geometry":{"type":"LineString","coordinates":[[-73.9937732,40.7123554],[-73.9933835,40.7116847]]}},{"type":"Feature","properties":{"fclass":"residential","name":"Henry Street","oneway":"F","bridge":"F","tunnel":"F"},"geometry":{"type":"LineString","coordinates":[[-73.9923727,40.7131973],[-73.9901236,40.7133733],[-73.9885975,40.7135015],[-73.9870592,40.7136306],[-73.9852151,40.7137854],[-73.9850977,40.7137952]]}},{"type":"Feature","properties":{"fclass":"motorway_link","oneway":"F","bridge":"F","tunnel":"F"},"geometry":{"type":"LineString","coordinates":[[-74.0009268,40.7089513],[-74.001475,40.7093814],[-74.0015433,40.7094275],[-74.0015991,40.7094604],[-74.001657,40.7094916]]}},{"type":"Feature","properties":{"fclass":"residential","name":"Water Street","oneway":"F","bridge":"F","tunnel":"F"},"geometry":{"type":"LineString","coordinates":[[-74.003108,40.707671],[-74.002626,40.70791],[-74.0020192,40.7082119],[-74.0018952,40.7082735],[-74.00086,40.708791]]}},{"type":"Feature","properties":{"fclass":"residential","name":"Catherine Slip","oneway":"F","bridge":"F","tunnel":"F"},"geometry":{"type":"LineString","coordinates":[[-73.9959246,40.7092233],[-73.9959494,40.7093151],[-73.9960794,40.7097946]]}},{"type":"Feature","properties":{"fclass":"footway","oneway":"B","bridge":"F","tunnel":"F"},"geometry":{"type":"LineString","coordinates":[[-73.9989086,40.7098677],[-73.9989227,40.7099354],[-73.9988854,40.7099934]]}},{"type":"Feature","properties":{"fclass":"unclassified","name":"Maiden Lane","oneway":"F","bridge":"F","tunnel":"F"},"geometry":{"type":"LineString","coordinates":[[-74.007459,40.707219],[-74.0080159,40.707988],[-74.0086253,40.7087218],[-74.008893,40.709044],[-74.009126,40.709294],[-74.009226,40.709377],[-74.009371,40.709485],[-74.009561,40.709605],[-74.009773,40.709715],[-74.009988,40.709806]]}},{"type":"Feature","properties":{"fclass":"pedestrian","oneway":"B","bridge":"F","tunnel":"F"},"geometry":{"type":"LineString","coordinates":[[-74.0036103,40.705953],[-74.0036864,40.7060211],[-74.0042973,40.7065614]]}},{"type":"Feature","properties":{"fclass":"unclassified","name":"Fulton Street","oneway":"B","bridge":"F","tunnel":"F"},"geometry":{"type":"LineString","coordinates":[[-74.004067,40.7074501],[-74.0041206,40.7075715],[-74.0043254,40.7078335],[-74.0047735,40.7084063],[-74.0050507,40.7087614],[-74.005127,40.7088504],[-74.0052415,40.7089346],[-74.0053244,40.7089944],[-74.0054738,40.709095]]}},{"type":"Feature","properties":{"fclass":"residential","name":"Front Street","oneway":"F","bridge":"F","tunnel":"F"},"geometry":{"type":"LineString","coordinates":[[-74.000486,40.708348],[-74.0014687,40.7078765],[-74.0016829,40.7077587],[-74.002744,40.707216]]}},{"type":"Feature","properties":{"fclass":"primary","name":"South Street","oneway":"B","bridge":"F","tunnel":"F"},"geometry":{"type":"LineString","coordinates":[[-74.0077786,40.7033242],[-74.0077078,40.703368],[-74.0070606,40.7037691],[-74.0069795,40.7038204],[-74.0063547,40.7042152],[-74.0062888,40.7042568]]}},{"type":"Feature","properties":{"fclass":"residential","name":"Pine Street","oneway":"F","bridge":"F","tunnel":"F"},"geometry":{"type":"LineString","coordinates":[[-74.006766,40.705624],[-74.006892,40.705722],[-74.007452,40.706051],[-74.008996,40.706953],[-74.0093542,40.7071732],[-74.0096984,40.7073848],[-74.010201,40.707694],[-74.010882,40.7080907],[-74.011248,40.708304]]}},{"type":"Feature","properties":{"fclass":"motorway_link","oneway":"F","bridge":"F","tunnel":"F"},"geometry":{"type":"LineString","coordinates":[[-74.0069167,40.7212295],[-74.0068803,40.72134],[-74.0068562,40.7213985],[-74.0068291,40.7214588],[-74.0068006,40.7215066],[-74.0067704,40.7215486],[-74.0067303,40.721593],[-74.0066886,40.721633],[-74.0066431,40.7216712],[-74.0065404,40.7217548],[-74.0065188,40.7217682],[-74.0064866,40.721791],[-74.0064083,40.721815]]}},{"type":"Feature","properties":{"fclass":"secondary_link","oneway":"F","bridge":"F","tunnel":"F"},"geometry":{"type":"LineString","coordinates":[[-74.0077178,40.7116829],[-74.0078753,40.7117213],[-74.0079242,40.7117319],[-74.0079716,40.7117391],[-74.0080154,40.7117399],[-74.0080493,40.7117363],[-74.0080823,40.7117293],[-74.0081097,40.7117189],[-74.00814,40.7117031],[-74.0081652,40.7116811],[-74.0081855,40.7116567],[-74.0082036,40.7116272],[-74.0082173,40.7115942],[-74.0082205,40.7115665],[-74.0082132,40.7115386],[-74.0081981,40.7115157],[-74.0081762,40.7114986],[-74.0081466,40.7114865],[-74.0081085,40.7114791],[-74.0080628,40.7114755],[-74.0079812,40.711475],[-74.0078701,40.71148]]}},{"type":"Feature","properties":{"fclass":"residential","name":"Spruce Street","oneway":"F","bridge":"F","tunnel":"F"},"geometry":{"type":"LineString","coordinates":[[-74.0060875,40.7120267],[-74.0060392,40.7119161],[-74.0060238,40.7118864],[-74.0060071,40.711857],[-74.0059874,40.7118297],[-74.0059568,40.7117928],[-74.0058473,40.7116883],[-74.0055052,40.7113664],[-74.005048,40.710936]]}},{"type":"Feature","properties":{"fclass":"unclassified","name":"Murray Street","oneway":"B","bridge":"F","tunnel":"F"},"geometry":{"type":"LineString","coordinates":[[-74.0135527,40.715273],[-74.0136913,40.7152945],[-74.0144913,40.7154213]]}},{"type":"Feature","properties":{"fclass":"residential","name":"Beekman Street","oneway":"F","maxspeed":40,"bridge":"F","tunnel":"F"},"geometry":{"type":"LineString","coordinates":[[-74.006478,40.711231],[-74.0067648,40.7115081],[-74.006966,40.7117008],[-74.0070495,40.7117884]]}},{"type":"Feature","properties":{"fclass":"pedestrian","oneway":"B","bridge":"F","tunnel":"F"},"geometry":{"type":"LineString","coordinates":[[-74.0058473,40.7116883],[-74.0055535,40.7118941],[-74.0055281,40.7119147],[-74.0055147,40.7119344],[-74.0055097,40.7119497],[-74.0055128,40.7119664]]}},{"type":"Feature","properties":{"fclass":"unclassified","name":"Fulton Street","oneway":"F","bridge":"F","tunnel":"F"},"geometry":{"type":"LineString","coordinates":[[-74.0054738,40.709095],[-74.006435,40.709557],[-74.007054,40.709872],[-74.007745,40.710221],[-74.009063,40.710887],[-74.010465,40.711535]]}},{"type":"Feature","properties":{"fclass":"residential","name":"Gold Street","oneway":"B","bridge":"F","tunnel":"F"},"geometry":{"type":"LineString","coordinates":[[-74.0051236,40.709403],[-74.004827,40.70966],[-74.00425,40.710185],[-74.0041838,40.7102402],[-74.0039391,40.7104485],[-74.0038873,40.7105062],[-74.003839,40.7105605],[-74.0038034,40.710609],[-74.0037719,40.7106595],[-74.0037402,40.7107186],[-74.003624,40.710952]]}},{"type":"Feature","properties":{"fclass":"pedestrian","name":"William Street","oneway":"B","bridge":"F","tunnel":"F"},"geometry":{"type":"LineString","coordinates":[[-74.005599,40.710397],[-74.005048,40.710936]]}},{"type":"Feature","properties":{"fclass":"unclassified","name":"Liberty Street","oneway":"F","bridge":"F","tunnel":"F"},"geometry":{"type":"LineString","coordinates":[[-74.010542,40.709154],[-74.00966,40.708756],[-74.009371,40.708614],[-74.008269,40.707722],[-74.007459,40.707219]]}},{"type":"Feature","properties":{"fclass":"residential","name":"Nassau Street","oneway":"F","bridge":"F","tunnel":"F"},"geometry":{"type":"LineString","coordinates":[[-74.010201,40.707694],[-74.0098559,40.7080864],[-74.009829,40.708117],[-74.009794,40.7081549],[-74.0094897,40.708484],[-74.009371,40.708614],[-74.008893,40.709044],[-74.008418,40.70953],[-74.007745,40.710221],[-74.0073842,40.7105761],[-74.0073179,40.7106274],[-74.006478,40.711231],[-74.0058473,40.7116883]]}},{"type":"Feature","properties":{"fclass":"residential","name":"Exchange Place","oneway":"F","bridge":"F","tunnel":"F"},"geometry":{"type":"LineString","coordinates":[[-74.009866,40.705797],[-74.0090527,40.7055417]]}},{"type":"Feature","properties":{"fclass":"residential","name":"Hanover Square","oneway":"F","bridge":"F","tunnel":"F"},"geometry":{"type":"LineString","coordinates":[[-74.0089635,40.7040838],[-74.0090856,40.7041985],[-74.009462,40.704545]]}},{"type":"Feature","properties":{"fclass":"residential","name":"Battery Place","oneway":"B","maxspeed":40,"bridge":"F","tunnel":"F"},"geometry":{"type":"LineString","coordinates":[[-74.0169086,40.7048317],[-74.0169741,40.7048368],[-74.0170357,40.7048437],[-74.0171047,40.7048545],[-74.017212,40.7048778],[-74.017352,40.7049176],[-74.0174151,40.7049408],[-74.0175366,40.7050128],[-74.0176343,40.705085],[-74.0177105,40.705153],[-74.017762,40.7052049],[-74.0178125,40.7052625],[-74.0178372,40.7052984],[-74.017857,40.7053275],[-74.0179001,40.705399],[-74.0179336,40.7054698],[-74.0179645,40.705547],[-74.0179852,40.7056319],[-74.0179975,40.7057089],[-74.0180041,40.7057848],[-74.0180041,40.7058672],[-74.0179942,40.7059341],[-74.0179693,40.706047],[-74.0179645,40.7060685],[-74.01793,40.706175],[-74.0178913,40.7062669],[-74.0178551,40.7063532],[-74.0178041,40.7064624],[-74.0177415,40.7065815],[-74.0175698,40.7068323],[-74.0171552,40.7074047],[-74.0171174,40.7074569],[-74.0170786,40.7075102],[-74.016626,40.708134]]}},{"type":"Feature","properties":{"fclass":"service","oneway":"F","bridge":"F","tunnel":"F"},"geometry":{"type":"LineString","coordinates":[[-74.012627,40.7050111],[-74.01259,40.7046763]]}},{"type":"Feature","properties":{"fclass":"residential","name":"Whitehall Street","oneway":"F","maxspeed":40,"bridge":"F","tunnel":"F"},"geometry":{"type":"LineString","coordinates":[[-74.013192,40.7040587],[-74.013114,40.703588],[-74.0130161,40.7031766],[-74.013004,40.7031173]]}},{"type":"Feature","properties":{"fclass":"residential","name":"Murray Street","oneway":"B","bridge":"F","tunnel":"F"},"geometry":{"type":"LineString","coordinates":[[-74.015383,40.715829],[-74.0158438,40.7160406],[-74.0160711,40.7161451],[-74.0164692,40.716328]]}},{"type":"Feature","properties":{"fclass":"track","name":"Vesey Street","oneway":"B","bridge":"F","tunnel":"F"},"geometry":{"type":"LineString","coordinates":[[-74.0161816,40.7147844],[-74.016868,40.71507]]}},{"type":"Feature","properties":{"fclass":"pedestrian","name":"North End Avenue","oneway":"B","bridge":"F","tunnel":"F"},"geometry":{"type":"LineString","coordinates":[[-74.0161816,40.7147844],[-74.0167836,40.7139989]]}},{"type":"Feature","properties":{"fclass":"unclassified","name":"Murray Street","oneway":"F","bridge":"F","tunnel":"F"},"geometry":{"type":"LineString","coordinates":[[-74.015598,40.715546],[-74.0146495,40.7154057],[-74.0144913,40.7154213]]}},{"type":"Feature","properties":{"fclass":"secondary","name":"Murray Street","oneway":"B","bridge":"F","tunnel":"F"},"geometry":{"type":"LineString","coordinates":[[-74.0113335,40.714922],[-74.012532,40.7151115],[-74.0132135,40.7152192]]}},{"type":"Feature","properties":{"fclass":"residential","name":"Warren Street","oneway":"B","bridge":"F","tunnel":"F"},"geometry":{"type":"LineString","coordinates":[[-74.0133557,40.7165757],[-74.0132222,40.7165276],[-74.012933,40.7164233]]}},{"type":"Feature","properties":{"fclass":"residential","name":"Chambers Street","oneway":"B","bridge":"F","tunnel":"F"},"geometry":{"type":"LineString","coordinates":[[-74.01304,40.7172417],[-74.0131641,40.7172994]]}},{"type":"Feature","properties":{"fclass":"unclassified","name":"North End Avenue","oneway":"B","bridge":"F","tunnel":"F"},"geometry":{"type":"LineString","coordinates":[[-74.0152314,40.7160084],[-74.015383,40.715829],[-74.015495,40.715682],[-74.015598,40.715546],[-74.0159511,40.7151089],[-74.0161816,40.7147844]]}},{"type":"Feature","properties":{"fclass":"residential","name":"Albany Street","oneway":"B","bridge":"F","tunnel":"F"},"geometry":{"type":"LineString","coordinates":[[-74.0150378,40.7098348],[-74.0151283,40.709837],[-74.0152163,40.7098422]]}},{"type":"Feature","properties":{"fclass":"service","name":"Liberty Street","oneway":"B","bridge":"F","tunnel":"F"},"geometry":{"type":"LineString","coordinates":[[-74.0144343,40.7110326],[-74.0134502,40.7104996],[-74.0126713,40.7101452]]}},{"type":"Feature","properties":{"fclass":"motorway_link","oneway":"F","bridge":"F","tunnel":"T"},"geometry":{"type":"LineString","coordinates":[[-74.0149205,40.7072064],[-74.0149892,40.7072435],[-74.0150502,40.7072725],[-74.0151165,40.7072966],[-74.015187,40.7073149],[-74.0152666,40.707329],[-74.0153597,40.7073384]]}},{"type":"Feature","properties":{"fclass":"residential","name":"2nd Place","oneway":"B","bridge":"F","tunnel":"F"},"geometry":{"type":"LineString","coordinates":[[-74.0175698,40.7068323],[-74.0179458,40.7069912]]}},{"type":"Feature","properties":{"fclass":"footway","name":"Little West Street","oneway":"B","bridge":"F","tunnel":"F"},"geometry":{"type":"LineString","coordinates":[[-74.0165115,40.7072104],[-74.0164862,40.7072826],[-74.0162877,40.7078489]]}},{"type":"Feature","properties":{"fclass":"residential","name":"3rd Place","oneway":"B","bridge":"F","tunnel":"F"},"geometry":{"type":"LineString","coordinates":[[-74.0171174,40.7074569],[-74.0174563,40.7075988]]}},{"type":"Feature","properties":{"fclass":"footway","name":"1st Place","oneway":"B","bridge":"F","tunnel":"F"},"geometry":{"type":"LineString","coordinates":[[-74.01793,40.706175],[-74.0180464,40.7062176],[-74.018503,40.7063844],[-74.0186189,40.7064515],[-74.0187564,40.7065461]]}},{"type":"Feature","properties":{"fclass":"residential","name":"Greenwich Street","oneway":"B","bridge":"F","tunnel":"F"},"geometry":{"type":"LineString","coordinates":[[-74.0135998,40.7079832],[-74.0136216,40.7079302],[-74.0139452,40.7071447],[-74.0139686,40.7070863]]}},{"type":"Feature","properties":{"fclass":"motorway_link","oneway":"F","bridge":"F","tunnel":"F"},"geometry":{"type":"LineString","coordinates":[[-74.0142358,40.706675],[-74.0141567,40.7067276],[-74.0141262,40.706756],[-74.0140961,40.7067935],[-74.0140769,40.7068274],[-74.0139686,40.7070863]]}},{"type":"Feature","properties":{"fclass":"unclassified","name":"Greenwich Street","oneway":"F","bridge":"F","tunnel":"F"},"geometry":{"type":"LineString","coordinates":[[-74.0092993,40.7247725],[-74.0090916,40.7260025],[-74.008967,40.726746],[-74.008845,40.72747],[-74.008724,40.728195],[-74.0085939,40.7289096],[-74.0083996,40.7296297],[-74.008207,40.730343],[-74.0080099,40.7310615],[-74.007807,40.731784],[-74.007523,40.732852],[-74.007399,40.73337],[-74.007344,40.733588],[-74.007162,40.734296],[-74.00698,40.735002],[-74.006799,40.735723],[-74.006621,40.736432],[-74.006498,40.736957]]}},{"type":"Feature","properties":{"fclass":"secondary","name":"West Broadway","oneway":"F","bridge":"F","tunnel":"F"},"geometry":{"type":"LineString","coordinates":[[-74.005659,40.7200754],[-74.0057031,40.7200185],[-74.0059514,40.7196963],[-74.0061347,40.7194586],[-74.0065861,40.7188732],[-74.007052,40.718269]]}},{"type":"Feature","properties":{"fclass":"residential","name":"West Broadway","oneway":"F","bridge":"F","tunnel":"F"},"geometry":{"type":"LineString","coordinates":[[-74.010128,40.714383],[-74.0105665,40.7138543],[-74.010996,40.7133365]]}},{"type":"Feature","properties":{"fclass":"secondary","name":"Murray Street","oneway":"F","bridge":"F","tunnel":"F"},"geometry":{"type":"LineString","coordinates":[[-74.010128,40.714383],[-74.0113335,40.714922]]}},{"type":"Feature","properties":{"fclass":"secondary","name":"West Broadway","oneway":"F","bridge":"F","tunnel":"F"},"geometry":{"type":"LineString","coordinates":[[-74.007052,40.718269],[-74.0075333,40.7176679]]}},{"type":"Feature","properties":{"fclass":"residential","name":"Greenwich Street","oneway":"F","bridge":"F","tunnel":"F"},"geometry":{"type":"LineString","coordinates":[[-74.0109453,40.7162912],[-74.0111023,40.7155991],[-74.0112124,40.7151947],[-74.0112447,40.7151051],[-74.011286,40.7150132],[-74.0113335,40.714922],[-74.0113816,40.7148294],[-74.0114194,40.7147353],[-74.0114492,40.7146337],[-74.011527,40.714294],[-74.0116195,40.7139368],[-74.0116256,40.7138808],[-74.0116253,40.7138249],[-74.0116164,40.7137337],[-74.0116179,40.7136773],[-74.0116215,40.7136222]]}},{"type":"Feature","properties":{"fclass":"secondary","name":"West Broadway","oneway":"F","bridge":"F","tunnel":"F"},"geometry":{"type":"LineString","coordinates":[[-74.0096776,40.7149502],[-74.009952,40.7146046],[-74.010128,40.714383]]}},{"type":"Feature","properties":{"fclass":"unclassified","name":"Liberty Street","oneway":"B","bridge":"F","tunnel":"F"},"geometry":{"type":"LineString","coordinates":[[-74.0126713,40.7101452],[-74.011674,40.709687],[-74.010542,40.709154]]}},{"type":"Feature","properties":{"fclass":"residential","name":"Washington Street","oneway":"F","bridge":"F","tunnel":"F"},"geometry":{"type":"LineString","coordinates":[[-74.0140486,40.7090879],[-74.0143777,40.708232],[-74.0143919,40.708196],[-74.0146492,40.7075359],[-74.0146638,40.7074981]]}},{"type":"Feature","properties":{"fclass":"unclassified","name":"Thames Street","oneway":"F","bridge":"F","tunnel":"F"},"geometry":{"type":"LineString","coordinates":[[-74.0120976,40.7090493],[-74.011012,40.708594]]}},{"type":"Feature","properties":{"fclass":"motorway","name":"Brooklyn Bridge","oneway":"F","maxspeed":40,"layer":4,"bridge":"T","tunnel":"F"},"geometry":{"type":"LineString","coordinates":[[-74.0007273,40.7090734],[-73.9920921,40.7022043]]}},{"type":"Feature","properties":{"fclass":"motorway_link","oneway":"F","layer":4,"bridge":"T","tunnel":"F"},"geometry":{"type":"LineString","coordinates":[[-74.0040898,40.7109851],[-74.0041372,40.7109926],[-74.0041705,40.7110011],[-74.0042016,40.7110118],[-74.0042253,40.7110228],[-74.0042485,40.7110358],[-74.0042688,40.7110505],[-74.0042906,40.7110673],[-74.0043095,40.7110851],[-74.0043238,40.7111002],[-74.0043408,40.7111211],[-74.0043539,40.7111456],[-74.0043625,40.7111665],[-74.0043684,40.7111928],[-74.0043718,40.7112155],[-74.0043715,40.711243],[-74.0043705,40.7112637],[-74.0043648,40.7112862],[-74.0043555,40.7113123],[-74.0043442,40.7113334],[-74.0043291,40.7113557],[-74.0043105,40.7113766],[-74.0042891,40.7113979],[-74.0042672,40.7114138],[-74.0042379,40.7114313],[-74.0042101,40.7114456],[-74.004179,40.7114572],[-74.0041463,40.711466],[-74.0041166,40.7114725],[-74.0040817,40.7114767],[-74.004048,40.711478],[-74.0040098,40.7114751],[-74.0039709,40.7114697],[-74.0039334,40.7114611],[-74.0038907,40.7114476],[-74.0036641,40.7113618],[-74.0036053,40.7113363],[-74.00355,40.7113098],[-74.0034825,40.7112711]]}},{"type":"Feature","properties":{"fclass":"motorway_link","oneway":"F","layer":1,"bridge":"T","tunnel":"F"},"geometry":{"type":"LineString","coordinates":[[-74.000365,40.7085845],[-74.0009198,40.7090515]]}},{"type":"Feature","properties":{"fclass":"motorway_link","oneway":"F","layer":1,"bridge":"T","tunnel":"F"},"geometry":{"type":"LineString","coordinates":[[-73.9965648,40.7089205],[-73.9955802,40.7090559],[-73.9954435,40.7090756],[-73.9953197,40.7090953],[-73.9939846,40.7093172]]}},{"type":"Feature","properties":{"fclass":"motorway_link","oneway":"F","layer":2,"bridge":"T","tunnel":"F"},"geometry":{"type":"LineString","coordinates":[[-74.0012238,40.7070022],[-74.001101,40.7070634],[-74.0009846,40.707122],[-74.0003492,40.7074457],[-74.0002898,40.7074794],[-74.0002371,40.7075132],[-74.0001892,40.7075494],[-74.0001468,40.7075879],[-74.0001055,40.7076356],[-74.0000741,40.7076806],[-74.0000509,40.7077272],[-74.0000337,40.707774],[-74.0000166,40.7078311],[-74.000008,40.70788],[-74.0000061,40.7079367],[-74.0000112,40.7079951],[-74.0000227,40.7080447],[-74.0000372,40.7080905]]}},{"type":"Feature","properties":{"fclass":"primary","name":"Manhattan Bridge","oneway":"F","maxspeed":56,"layer":4,"bridge":"T","tunnel":"F"},"geometry":{"type":"LineString","coordinates":[[-73.9863186,40.699785],[-73.9944566,40.714437]]}},{"type":"Feature","properties":{"fclass":"primary","name":"Manhattan Bridge","oneway":"F","bridge":"F","tunnel":"F"},"geometry":{"type":"LineString","coordinates":[[-73.9944566,40.714437],[-73.9947365,40.7149305],[-73.9947696,40.7149973],[-73.9947991,40.7150685],[-73.994855,40.715245],[-73.9948688,40.7154299],[-73.9948653,40.7156035]]}},{"type":"Feature","properties":{"fclass":"cycleway","name":"Manhattan Bridge Bike Path","oneway":"B","layer":2,"bridge":"T","tunnel":"F"},"geometry":{"type":"LineString","coordinates":[[-73.994695,40.7151714],[-73.994695,40.7151205],[-73.9946937,40.715086],[-73.994687,40.7150504],[-73.9946736,40.7150169],[-73.9945488,40.7147932],[-73.9945382,40.7147647],[-73.9945382,40.7147444],[-73.9945416,40.7147189],[-73.9944013,40.714454]]}},{"type":"Feature","properties":{"fclass":"footway","name":"Manhattan Bridge Pedestrian Path","oneway":"B","bridge":"F","tunnel":"F"},"geometry":{"type":"LineString","coordinates":[[-73.994788,40.7143351],[-73.995062,40.7148196],[-73.9959934,40.7156411],[-73.9960241,40.7156566],[-73.9960561,40.7156657],[-73.99609,40.7156667],[-73.9961255,40.7156608],[-73.9961635,40.7156501],[-73.9961964,40.7156345],[-73.9962343,40.7156056],[-73.9962735,40.7155654],[-73.996367,40.7154629],[-73.9964705,40.715497]]}},{"type":"Feature","properties":{"fclass":"primary","name":"Manhattan Bridge","oneway":"F","maxspeed":56,"layer":4,"bridge":"T","tunnel":"F"},"geometry":{"type":"LineString","coordinates":[[-73.9947284,40.7143534],[-73.9865456,40.699715]]}},{"type":"Feature","properties":{"fclass":"cycleway","name":"Manhattan Bridge Bike Path","oneway":"B","layer":3,"bridge":"T","tunnel":"F"},"geometry":{"type":"LineString","coordinates":[[-73.9944013,40.714454],[-73.9940581,40.7138376],[-73.9938461,40.7134484],[-73.9934862,40.7127932],[-73.9914348,40.7090802],[-73.9877521,40.7024995],[-73.9875378,40.7021205],[-73.9874371,40.7019375],[-73.9873943,40.70186],[-73.9872555,40.7016078],[-73.9870656,40.7012627],[-73.9862501,40.6998062]]}},{"type":"Feature","properties":{"fclass":"primary","name":"Manhattan Bridge lower level (reversible)","oneway":"F","bridge":"F","tunnel":"F"},"geometry":{"type":"LineString","coordinates":[[-73.9952314,40.7155147],[-73.9954538,40.7160164]]}},{"type":"Feature","properties":{"fclass":"primary","name":"Manhattan Bridge lower level (reversible)","oneway":"B","bridge":"F","tunnel":"F"},"geometry":{"type":"LineString","coordinates":[[-73.9952314,40.7155147],[-73.9946025,40.7143922]]}},{"type":"Feature","properties":{"fclass":"primary","name":"Manhattan Bridge lower level (reversible)","oneway":"B","layer":3,"bridge":"T","tunnel":"F"},"geometry":{"type":"LineString","coordinates":[[-73.9946025,40.7143922],[-73.9864287,40.6997506]]}},{"type":"Feature","properties":{"fclass":"primary","name":"Essex Street","oneway":"B","bridge":"F","tunnel":"F"},"geometry":{"type":"LineString","coordinates":[[-73.987954,40.7190346],[-73.987543,40.7198309],[-73.9869508,40.7209812],[-73.9863351,40.7221619],[-73.9863023,40.7222163],[-73.9862636,40.7222802]]}},{"type":"Feature","properties":{"fclass":"residential","name":"Norfolk Street","oneway":"F","bridge":"F","tunnel":"F"},"geometry":{"type":"LineString","coordinates":[[-73.9874601,40.7182205],[-73.987377,40.7183874],[-73.9867535,40.7195914],[-73.98616,40.7207425],[-73.98553,40.7219165],[-73.9854681,40.7220324]]}},{"type":"Feature","properties":{"fclass":"primary","name":"Grand Street","oneway":"B","bridge":"F","tunnel":"F"},"geometry":{"type":"LineString","coordinates":[[-73.9883893,40.7164482],[-73.9875573,40.7161991],[-73.9867741,40.7159634],[-73.9867432,40.7159542]]}},{"type":"Feature","properties":{"fclass":"residential","name":"Catherine Slip","oneway":"F","bridge":"F","tunnel":"F"},"geometry":{"type":"LineString","coordinates":[[-73.9965065,40.7102032],[-73.9964895,40.7101411],[-73.9963822,40.7097487],[-73.996367,40.7096935],[-73.9962565,40.7092954],[-73.9962251,40.7091819]]}},{"type":"Feature","properties":{"fclass":"motorway_link","oneway":"F","layer":2,"bridge":"T","tunnel":"F"},"geometry":{"type":"LineString","coordinates":[[-74.0000372,40.7080905],[-74.0000644,40.7081705],[-74.0000916,40.7082388],[-74.0001185,40.7082918],[-74.0001502,40.7083439],[-74.0001897,40.7084001],[-74.0002281,40.7084485],[-74.000273,40.7084976],[-74.0003178,40.708542],[-74.000365,40.7085845]]}},{"type":"Feature","properties":{"fclass":"motorway_link","oneway":"F","layer":2,"bridge":"T","tunnel":"F"},"geometry":{"type":"LineString","coordinates":[[-74.0001684,40.708574],[-74.0001522,40.7085241],[-74.0001301,40.7084731],[-74.000099,40.7084236],[-74.0000677,40.7083802],[-74.0000301,40.7083358],[-73.9999872,40.7082978],[-73.9999312,40.708259],[-73.9998778,40.7082233],[-73.999819,40.7081921],[-73.9997605,40.7081663],[-73.9997057,40.7081469],[-73.999646,40.7081319],[-73.999583,40.7081198],[-73.9995135,40.7081107],[-73.999449,40.7081068],[-73.9993946,40.7081056],[-73.9993412,40.7081082],[-73.9992872,40.7081128],[-73.9992251,40.7081196],[-73.9991585,40.7081329],[-73.9991064,40.7081484],[-73.9990534,40.7081676],[-73.999003,40.7081891],[-73.998693,40.7083398],[-73.9986221,40.708373],[-73.9985462,40.7084078],[-73.9984764,40.708438],[-73.9984086,40.7084656],[-73.998337,40.7084937],[-73.9982583,40.7085225],[-73.998181,40.7085492],[-73.9980917,40.7085787],[-73.9980043,40.7086057],[-73.9979156,40.7086332],[-73.9978317,40.7086573],[-73.9975423,40.7087333],[-73.9974495,40.7087564],[-73.9973695,40.7087766],[-73.9972822,40.7087971],[-73.9972002,40.7088158],[-73.9970978,40.7088365],[-73.9969997,40.7088544],[-73.9969044,40.7088701],[-73.9967861,40.7088885],[-73.9965648,40.7089205]]}},{"type":"Feature","properties":{"fclass":"tertiary","name":"West Broadway","oneway":"B","bridge":"F","tunnel":"F"},"geometry":{"type":"LineString","coordinates":[[-74.003768,40.722384],[-74.002982,40.723308],[-74.001933,40.724552],[-74.000898,40.725773]]}},{"type":"Feature","properties":{"fclass":"service","oneway":"B","bridge":"F","tunnel":"F"},"geometry":{"type":"LineString","coordinates":[[-74.0023501,40.7176898],[-74.0018251,40.7183161],[-74.001273,40.718961]]}},{"type":"Feature","properties":{"fclass":"residential","name":"Franklin Street","oneway":"F","bridge":"F","tunnel":"F"},"geometry":{"type":"LineString","coordinates":[[-74.0102386,40.7194445],[-74.008699,40.719296],[-74.0069346,40.7191184]]}},{"type":"Feature","properties":{"fclass":"residential","name":"Harrison Street","oneway":"F","bridge":"F","tunnel":"F"},"geometry":{"type":"LineString","coordinates":[[-74.0103514,40.7188019],[-74.00933,40.718692],[-74.008819,40.718642]]}},{"type":"Feature","properties":{"fclass":"residential","name":"Leonard Street","oneway":"F","bridge":"F","tunnel":"F"},"geometry":{"type":"LineString","coordinates":[[-74.0016906,40.715747],[-74.002558,40.716181],[-74.003304,40.716518],[-74.004026,40.716871],[-74.0057919,40.7176834],[-74.007052,40.718269],[-74.008747,40.719029]]}},{"type":"Feature","properties":{"fclass":"service","oneway":"B","bridge":"F","tunnel":"F"},"geometry":{"type":"LineString","coordinates":[[-74.0040113,40.7145736],[-74.0034171,40.7141185]]}},{"type":"Feature","properties":{"fclass":"service","oneway":"B","bridge":"F","tunnel":"F"},"geometry":{"type":"LineString","coordinates":[[-74.00542,40.715236],[-74.0052587,40.715158]]}},{"type":"Feature","properties":{"fclass":"residential","name":"Duane Street","oneway":"F","bridge":"F","tunnel":"F"},"geometry":{"type":"LineString","coordinates":[[-74.0034171,40.7141185],[-74.003245,40.7140433],[-74.0030248,40.7139499]]}},{"type":"Feature","properties":{"fclass":"service","oneway":"B","bridge":"F","tunnel":"F"},"geometry":{"type":"LineString","coordinates":[[-74.0040113,40.7145736],[-74.0041561,40.7146638],[-74.004338,40.7147476],[-74.0052587,40.715158]]}},{"type":"Feature","properties":{"fclass":"service","oneway":"F","bridge":"F","tunnel":"F"},"geometry":{"type":"LineString","coordinates":[[-74.004403,40.7140044],[-74.004406,40.7140954],[-74.0040113,40.7145736]]}},{"type":"Feature","properties":{"fclass":"primary","name":"South Street","oneway":"B","bridge":"F","tunnel":"F"},"geometry":{"type":"LineString","coordinates":[[-73.991777,40.7098319],[-73.9897845,40.7101313],[-73.9893913,40.710174],[-73.9881112,40.710324],[-73.986586,40.7104935],[-73.98512,40.7106758]]}},{"type":"Feature","properties":{"fclass":"unclassified","name":"Maiden Lane","oneway":"B","bridge":"F","tunnel":"F"},"geometry":{"type":"LineString","coordinates":[[-74.006021,40.706142],[-74.006781,40.706724],[-74.007459,40.707219]]}},{"type":"Feature","properties":{"fclass":"secondary","name":"Division Street","oneway":"F","bridge":"F","tunnel":"F"},"geometry":{"type":"LineString","coordinates":[[-73.9925836,40.714389],[-73.9926336,40.7143855],[-73.992696,40.7143811],[-73.9927533,40.7143771],[-73.9928196,40.7143726],[-73.993045,40.7143568],[-73.9931858,40.7143471],[-73.9934774,40.7143267],[-73.9939482,40.714294]]}},{"type":"Feature","properties":{"fclass":"residential","name":"Forsyth Street","oneway":"F","bridge":"F","tunnel":"F"},"geometry":{"type":"LineString","coordinates":[[-73.9941374,40.7142818],[-73.9941198,40.7142272],[-73.9940985,40.7141686],[-73.9939791,40.7138993],[-73.99396,40.71384],[-73.9939501,40.7137934],[-73.9939451,40.7137474]]}},{"type":"Feature","properties":{"fclass":"residential","name":"Broome Street","oneway":"F","bridge":"F","tunnel":"F"},"geometry":{"type":"LineString","coordinates":[[-74.002982,40.723308],[-74.003076,40.7233966],[-74.0032759,40.7234984],[-74.003635,40.723682]]}},{"type":"Feature","properties":{"fclass":"primary","name":"Broome Street","oneway":"F","bridge":"F","tunnel":"F"},"geometry":{"type":"LineString","coordinates":[[-73.998196,40.721063],[-73.999031,40.721421],[-73.999853,40.721792],[-74.000657,40.722183],[-74.001403,40.722556],[-74.002174,40.72293],[-74.002982,40.723308]]}},{"type":"Feature","properties":{"fclass":"residential","name":"Forsyth Street","oneway":"F","bridge":"F","tunnel":"F"},"geometry":{"type":"LineString","coordinates":[[-73.993095,40.717922],[-73.9937,40.716748]]}},{"type":"Feature","properties":{"fclass":"residential","name":"Suffolk Street","oneway":"F","bridge":"F","tunnel":"F"},"geometry":{"type":"LineString","coordinates":[[-73.986636,40.7179347],[-73.986718,40.717781],[-73.98704,40.717157],[-73.9875573,40.7161991]]}},{"type":"Feature","properties":{"fclass":"pedestrian","oneway":"B","bridge":"F","tunnel":"F"},"geometry":{"type":"LineString","coordinates":[[-74.003122,40.726878],[-74.0031947,40.7268029],[-74.003541,40.7264452],[-74.00373,40.72625]]}},{"type":"Feature","properties":{"fclass":"residential","name":"Vandam Street","oneway":"F","bridge":"F","tunnel":"F"},"geometry":{"type":"LineString","coordinates":[[-74.00373,40.72625],[-74.0055198,40.7264217],[-74.005658,40.726435],[-74.0058081,40.726449],[-74.007434,40.726601]]}},{"type":"Feature","properties":{"fclass":"residential","name":"King Street","oneway":"F","bridge":"F","tunnel":"F"},"geometry":{"type":"LineString","coordinates":[[-74.008724,40.728195],[-74.007203,40.72805],[-74.005427,40.727879],[-74.003155,40.727664]]}},{"type":"Feature","properties":{"fclass":"residential","name":"Spring Street","oneway":"F","bridge":"F","tunnel":"F"},"geometry":{"type":"LineString","coordinates":[[-74.0099015,40.7260807],[-74.0090916,40.7260025],[-74.0083463,40.7259304],[-74.0075546,40.7258537],[-74.0057795,40.7256821],[-74.0045512,40.7255633],[-74.004031,40.725513]]}},{"type":"Feature","properties":{"fclass":"residential","name":"Avenue of the Americas","oneway":"F","bridge":"F","tunnel":"F"},"geometry":{"type":"LineString","coordinates":[[-74.0046475,40.7248983],[-74.004739,40.724267]]}},{"type":"Feature","properties":{"fclass":"trunk","name":"West Street","oneway":"F","maxspeed":56,"bridge":"F","tunnel":"F"},"geometry":{"type":"LineString","coordinates":[[-74.0150378,40.7098348],[-74.0151914,40.7093605],[-74.015263,40.7091483],[-74.015337,40.7089356],[-74.0157753,40.7077457]]}},{"type":"Feature","properties":{"fclass":"cycleway","oneway":"F","bridge":"F","tunnel":"F"},"geometry":{"type":"LineString","coordinates":[[-74.0108394,40.7297645],[-74.0107814,40.7297629],[-74.0107473,40.7297697],[-74.0107255,40.7297848],[-74.0107184,40.729827],[-74.0107031,40.7298401],[-74.0106786,40.7298427]]}},{"type":"Feature","properties":{"fclass":"residential","name":"East 7th Street","oneway":"F","bridge":"F","tunnel":"F"},"geometry":{"type":"LineString","coordinates":[[-73.976477,40.723078],[-73.9788207,40.7240662],[-73.9788676,40.724086],[-73.9789017,40.7241002],[-73.9811264,40.7250373],[-73.981211,40.725073],[-73.9812888,40.7251064],[-73.9823587,40.7255646],[-73.9834251,40.7260062],[-73.983535,40.726053],[-73.983637,40.726096],[-73.985753,40.726988],[-73.9858542,40.7270307],[-73.9880372,40.7279514],[-73.988119,40.727986],[-73.989805,40.728696],[-73.9903443,40.72894]]}},{"type":"Feature","properties":{"fclass":"secondary","name":"Cooper Square","oneway":"B","bridge":"F","tunnel":"F"},"geometry":{"type":"LineString","coordinates":[[-73.9911356,40.728681],[-73.9909717,40.7292206],[-73.990838,40.7296854],[-73.9908218,40.7297748],[-73.9906942,40.7298885]]}},{"type":"Feature","properties":{"fclass":"secondary","name":"Cooper Square","oneway":"F","bridge":"F","tunnel":"F"},"geometry":{"type":"LineString","coordinates":[[-73.9910068,40.7279994],[-73.991028,40.7281581],[-73.9910267,40.7282935],[-73.9910337,40.7284748],[-73.99109,40.7285304],[-73.9911356,40.728681]]}},{"type":"Feature","properties":{"fclass":"secondary","name":"Cooper Square","oneway":"T","bridge":"F","tunnel":"F"},"geometry":{"type":"LineString","coordinates":[[-73.9914753,40.7275226],[-73.9914337,40.7277438],[-73.9911356,40.728681]]}},{"type":"Feature","properties":{"fclass":"secondary_link","oneway":"F","bridge":"F","tunnel":"F"},"geometry":{"type":"LineString","coordinates":[[-73.9908357,40.7284023],[-73.9909267,40.7284115],[-73.9910337,40.7284748]]}},{"type":"Feature","properties":{"fclass":"residential","name":"Astor Place","oneway":"F","bridge":"F","tunnel":"F"},"geometry":{"type":"LineString","coordinates":[[-73.9908218,40.7297748],[-73.9906097,40.7297438],[-73.9902112,40.7296852]]}},{"type":"Feature","properties":{"fclass":"residential","name":"East 6th Street","oneway":"F","bridge":"F","tunnel":"F"},"geometry":{"type":"LineString","coordinates":[[-73.9907048,40.7283303],[-73.990232,40.728117],[-73.9886851,40.7274637],[-73.988539,40.727402],[-73.9884665,40.7273715],[-73.9884244,40.7273538],[-73.9862823,40.7264537],[-73.986176,40.726409],[-73.984505,40.7257038],[-73.983958,40.725473],[-73.981637,40.724494],[-73.9793221,40.7235221],[-73.979286,40.7235071],[-73.9792397,40.7234875],[-73.976893,40.722498],[-73.976798,40.7224586],[-73.9758144,40.7220515],[-73.975644,40.7219808],[-73.9751746,40.7217865],[-73.9748404,40.7216466],[-73.9747705,40.7216193]]}},{"type":"Feature","properties":{"fclass":"motorway","name":"Holland Tunnel","ref":"I 78","oneway":"F","maxspeed":56,"layer":-1,"bridge":"F","tunnel":"T"},"geometry":{"type":"LineString","coordinates":[[-74.0069671,40.7250132],[-74.0069665,40.7250875],[-74.006971,40.7251747],[-74.006983,40.7252557],[-74.0070001,40.7253264],[-74.0070285,40.7254042],[-74.0070673,40.7254818],[-74.007111,40.7255511],[-74.007163,40.7256127],[-74.0072368,40.7256833],[-74.0073187,40.7257393],[-74.0074178,40.7257912],[-74.0075268,40.7258348],[-74.0076643,40.725868],[-74.0077933,40.7258916],[-74.0079148,40.7259091],[-74.0080434,40.725926],[-74.0151696,40.7266532],[-74.0153063,40.726669],[-74.0154692,40.7266912],[-74.015643,40.7267193],[-74.0210883,40.7276011]]}},{"type":"Feature","properties":{"fclass":"motorway","name":"FDR Drive","oneway":"F","bridge":"F","tunnel":"F"},"geometry":{"type":"LineString","coordinates":[[-74.0097732,40.70195],[-74.009696,40.7019752],[-74.0096337,40.7019985],[-74.0095447,40.7020335],[-74.0094497,40.7020733],[-74.0093508,40.7021205],[-74.0092551,40.7021713],[-74.009156,40.7022294],[-74.008323,40.7027323]]}},{"type":"Feature","properties":{"fclass":"footway","oneway":"B","bridge":"F","tunnel":"F"},"geometry":{"type":"LineString","coordinates":[[-74.0129545,40.718229],[-74.0131748,40.7182801],[-74.0149102,40.7184967],[-74.0149322,40.7184258],[-74.0153314,40.7184798],[-74.0160658,40.7185746],[-74.0166053,40.7186511],[-74.0166363,40.7186505],[-74.0166496,40.7186432],[-74.0166664,40.7186338],[-74.0166779,40.7186137],[-74.0167567,40.7181751],[-74.0169072,40.7173637],[-74.0172388,40.7155254],[-74.0173424,40.7149316]]}},{"type":"Feature","properties":{"fclass":"unclassified","oneway":"B","bridge":"F","tunnel":"F"},"geometry":{"type":"LineString","coordinates":[[-74.0139628,40.7016178],[-74.013983,40.7014705],[-74.0140068,40.7013777],[-74.0140309,40.701351],[-74.0140707,40.701307],[-74.0141195,40.701279],[-74.0141542,40.701247],[-74.0141564,40.7011943],[-74.0141336,40.7011647],[-74.0139632,40.7011231],[-74.013881,40.701103],[-74.0138148,40.7011129],[-74.0137432,40.7011508],[-74.0137313,40.7011663],[-74.0137281,40.701191],[-74.0137964,40.7013034],[-74.0138962,40.7014377],[-74.0139232,40.7014886],[-74.0139628,40.7016178],[-74.013998,40.7021374],[-74.0139816,40.7021923],[-74.0139642,40.7022262],[-74.0139515,40.7022373],[-74.0137607,40.7024036]]}},{"type":"Feature","properties":{"fclass":"cycleway","name":"East River Esplanade","oneway":"B","bridge":"F","tunnel":"F"},"geometry":{"type":"LineString","coordinates":[[-74.0123599,40.7012583],[-74.012336,40.7012631],[-74.012326,40.7012632],[-74.0123142,40.7012607],[-74.0122694,40.701246],[-74.0122601,40.701245],[-74.0122515,40.7012453],[-74.011374,40.7014508],[-74.0113416,40.7014591],[-74.0112574,40.7014846],[-74.011226,40.7014934],[-74.0104822,40.7016642],[-74.010275,40.7017158],[-74.0102332,40.7017267],[-74.010073,40.7017759],[-74.0100136,40.7017922],[-74.0097587,40.7018607],[-74.0097182,40.7018712],[-74.0096493,40.7018844],[-74.0096235,40.7018906],[-74.0095986,40.7018973],[-74.0094013,40.7019624],[-74.0092905,40.7020022],[-74.009255,40.7020168],[-74.0092184,40.7020341],[-74.0091907,40.7020504],[-74.0081492,40.7026807],[-74.0078248,40.702878],[-74.007794,40.7028983],[-74.0077711,40.7029198],[-74.007751,40.7029479],[-74.0077287,40.7029823],[-74.0076756,40.7030646]]}},{"type":"Feature","properties":{"fclass":"pedestrian","oneway":"B","bridge":"F","tunnel":"F"},"geometry":{"type":"LineString","coordinates":[[-74.0047536,40.7090808],[-74.005127,40.7088504]]}},{"type":"Feature","properties":{"fclass":"pedestrian","oneway":"B","bridge":"F","tunnel":"F"},"geometry":{"type":"LineString","coordinates":[[-74.004227,40.7086242],[-74.0043663,40.7087845],[-74.0044797,40.7088962],[-74.0047536,40.7090808],[-74.0050537,40.7092926],[-74.0051236,40.709403]]}},{"type":"Feature","properties":{"fclass":"pedestrian","oneway":"B","bridge":"F","tunnel":"F"},"geometry":{"type":"LineString","coordinates":[[-74.00397,40.708726],[-74.0038465,40.7088411],[-74.0034483,40.7092368],[-74.0031251,40.7095436]]}},{"type":"Feature","properties":{"fclass":"residential","name":"Front Street","oneway":"F","bridge":"F","tunnel":"F"},"geometry":{"type":"LineString","coordinates":[[-74.005218,40.7059869],[-74.005522,40.705791],[-74.006006,40.705452],[-74.006212,40.705307],[-74.0068358,40.7048796],[-74.0069495,40.7048017],[-74.007671,40.704285],[-74.008325,40.703813]]}},{"type":"Feature","properties":{"fclass":"residential","name":"Fletcher Street","oneway":"F","bridge":"F","tunnel":"F"},"geometry":{"type":"LineString","coordinates":[[-74.005218,40.7059869],[-74.0045718,40.7054897],[-74.0044746,40.7054111]]}},{"type":"Feature","properties":{"fclass":"footway","oneway":"B","bridge":"F","tunnel":"F"},"geometry":{"type":"LineString","coordinates":[[-73.9906268,40.7253996],[-73.9903019,40.725269],[-73.9901406,40.7252101]]}},{"type":"Feature","properties":{"fclass":"footway","oneway":"B","bridge":"F","tunnel":"F"},"geometry":{"type":"LineString","coordinates":[[-74.0145045,40.7101831],[-74.014462,40.7101186],[-74.0145808,40.7098028]]}},{"type":"Feature","properties":{"fclass":"footway","oneway":"B","layer":2,"bridge":"T","tunnel":"F"},"geometry":{"type":"LineString","coordinates":[[-74.0156602,40.7091896],[-74.01497,40.708894]]}},{"type":"Feature","properties":{"fclass":"footway","oneway":"B","bridge":"F","tunnel":"F"},"geometry":{"type":"LineString","coordinates":[[-74.0162877,40.7078489],[-74.0162141,40.7079432],[-74.016173,40.7080577],[-74.0157587,40.7091584],[-74.015493,40.7098843]]}},{"type":"Feature","properties":{"fclass":"steps","oneway":"B","bridge":"F","tunnel":"F"},"geometry":{"type":"LineString","coordinates":[[-74.015133,40.7084745],[-74.01497,40.708894]]}},{"type":"Feature","properties":{"fclass":"footway","oneway":"B","bridge":"F","tunnel":"F"},"geometry":{"type":"LineString","coordinates":[[-74.0163495,40.7044284],[-74.016266,40.7043707],[-74.0161909,40.7043341],[-74.0161051,40.7043036],[-74.0160165,40.7042791],[-74.0159011,40.7042608],[-74.0158154,40.7042628],[-74.0157,40.7042873],[-74.0156222,40.70433],[-74.0155391,40.7043829],[-74.0154827,40.7044358],[-74.015413,40.7045007],[-74.0153336,40.7046094],[-74.0152441,40.7047836]]}},{"type":"Feature","properties":{"fclass":"footway","oneway":"B","bridge":"F","tunnel":"F"},"geometry":{"type":"LineString","coordinates":[[-74.0159011,40.7042608],[-74.0160031,40.7042446],[-74.0161051,40.7042101],[-74.0161855,40.7041774],[-74.0162632,40.7041369],[-74.0163241,40.7041041]]}},{"type":"Feature","properties":{"fclass":"footway","oneway":"B","bridge":"F","tunnel":"F"},"geometry":{"type":"LineString","coordinates":[[-74.0158154,40.7042628],[-74.015708,40.704265],[-74.0156276,40.7042568],[-74.0155605,40.7042405],[-74.0155042,40.704214],[-74.0154774,40.7041856],[-74.0154479,40.7041423]]}},{"type":"Feature","properties":{"fclass":"footway","oneway":"B","bridge":"F","tunnel":"F"},"geometry":{"type":"LineString","coordinates":[[-74.0154774,40.7041856],[-74.0154908,40.7042323],[-74.0155015,40.7042995],[-74.0155015,40.7043585],[-74.0154827,40.7044358]]}},{"type":"Feature","properties":{"fclass":"footway","oneway":"B","bridge":"F","tunnel":"F"},"geometry":{"type":"LineString","coordinates":[[-74.015731,40.7024414],[-74.0157508,40.7025983],[-74.0157653,40.7026835],[-74.0157653,40.7027685],[-74.015749,40.7028742],[-74.0157236,40.7029731],[-74.0156975,40.7030798],[-74.0156866,40.7031344],[-74.0156168,40.7032564],[-74.0155203,40.7033988],[-74.0154291,40.7034923],[-74.0153057,40.703598],[-74.0152306,40.7036753],[-74.0152038,40.7037526],[-74.0152038,40.7038176],[-74.015236,40.7038827],[-74.0153027,40.7039799]]}},{"type":"Feature","properties":{"fclass":"footway","oneway":"B","bridge":"F","tunnel":"F"},"geometry":{"type":"LineString","coordinates":[[-74.0154291,40.7034923],[-74.0155632,40.703415],[-74.0157027,40.703354],[-74.0157885,40.7033337],[-74.0159011,40.7033215]]}},{"type":"Feature","properties":{"fclass":"tertiary","name":"West Houston Street","oneway":"F","bridge":"F","tunnel":"F"},"geometry":{"type":"LineString","coordinates":[[-74.0053146,40.728601],[-74.0070905,40.7287681]]}},{"type":"Feature","properties":{"fclass":"primary","name":"East Houston Street","oneway":"F","bridge":"F","tunnel":"F"},"geometry":{"type":"LineString","coordinates":[[-73.9862636,40.7222802],[-73.9870975,40.7225402],[-73.987845,40.7227676],[-73.988117,40.7228506]]}},{"type":"Feature","properties":{"fclass":"secondary","name":"Broome Street","oneway":"F","bridge":"F","tunnel":"F"},"geometry":{"type":"LineString","coordinates":[[-73.997655,40.720836],[-73.998196,40.721063]]}},{"type":"Feature","properties":{"fclass":"secondary","name":"Centre Street","oneway":"F","bridge":"F","tunnel":"F"},"geometry":{"type":"LineString","coordinates":[[-73.999956,40.718017],[-73.9996593,40.718386],[-73.999423,40.71868],[-73.999234,40.718913],[-73.998524,40.719786],[-73.997655,40.720836]]}},{"type":"Feature","properties":{"fclass":"secondary","name":"Grand Street","oneway":"F","bridge":"F","tunnel":"F"},"geometry":{"type":"LineString","coordinates":[[-74.003768,40.722384],[-74.002971,40.721995],[-74.002208,40.721621],[-74.001447,40.721252],[-74.000661,40.72084],[-73.999868,40.7204322],[-73.999061,40.720044],[-73.998524,40.719786]]}},{"type":"Feature","properties":{"fclass":"secondary","name":"Hudson Street","oneway":"F","bridge":"F","tunnel":"F"},"geometry":{"type":"LineString","coordinates":[[-74.0088802,40.7182739],[-74.008819,40.718642]]}},{"type":"Feature","properties":{"fclass":"residential","name":"East 8th Street","oneway":"F","bridge":"F","tunnel":"F"},"geometry":{"type":"LineString","coordinates":[[-73.9923997,40.730601],[-73.9912123,40.730105],[-73.9910687,40.730045],[-73.9909732,40.7300051],[-73.9908548,40.7299554],[-73.9906942,40.7298885]]}},{"type":"Feature","properties":{"fclass":"secondary","name":"Grand Street","oneway":"B","bridge":"F","tunnel":"F"},"geometry":{"type":"LineString","coordinates":[[-73.991176,40.717343],[-73.9907056,40.7172018],[-73.9899505,40.7169719],[-73.989155,40.716708]]}},{"type":"Feature","properties":{"fclass":"secondary","name":"West Broadway","oneway":"F","bridge":"F","tunnel":"F"},"geometry":{"type":"LineString","coordinates":[[-74.0075333,40.7176679],[-74.007957,40.717122],[-74.008378,40.716587],[-74.0088192,40.7160187],[-74.0092213,40.7155224]]}},{"type":"Feature","properties":{"fclass":"secondary","name":"Varick Street","oneway":"F","bridge":"F","tunnel":"F"},"geometry":{"type":"LineString","coordinates":[[-74.006858,40.7194943],[-74.006912,40.7192273],[-74.0069346,40.7191184]]}},{"type":"Feature","properties":{"fclass":"service","oneway":"B","bridge":"F","tunnel":"F"},"geometry":{"type":"LineString","coordinates":[[-74.0157018,40.7118082],[-74.0157336,40.7118247],[-74.0157561,40.7118486],[-74.0157664,40.7118768],[-74.0157632,40.711906],[-74.0157472,40.7119326],[-74.01572,40.7119535],[-74.0156852,40.711966],[-74.0156468,40.7119688],[-74.0156094,40.7119614],[-74.0155776,40.7119448],[-74.0155552,40.711921],[-74.015545,40.7118928],[-74.0155481,40.7118635],[-74.0155641,40.711837],[-74.0155912,40.7118161],[-74.0156261,40.7118036],[-74.0156646,40.7118008],[-74.0157018,40.7118082]]}},{"type":"Feature","properties":{"fclass":"residential","name":"Harrison Street","oneway":"B","bridge":"F","tunnel":"F"},"geometry":{"type":"LineString","coordinates":[[-74.0123245,40.7190475],[-74.0121797,40.7190295],[-74.012101,40.7190196]]}},{"type":"Feature","properties":{"fclass":"footway","oneway":"B","bridge":"F","tunnel":"F"},"geometry":{"type":"LineString","coordinates":[[-74.0041415,40.7089044],[-74.0036955,40.709308],[-74.0041304,40.709601],[-74.0037338,40.7099467]]}},{"type":"Feature","properties":{"fclass":"secondary","name":"Hudson Street","oneway":"F","bridge":"F","tunnel":"F"},"geometry":{"type":"LineString","coordinates":[[-74.0083677,40.7211966],[-74.0083433,40.72133],[-74.0082308,40.7219848]]}},{"type":"Feature","properties":{"fclass":"footway","oneway":"B","bridge":"F","tunnel":"F"},"geometry":{"type":"LineString","coordinates":[[-74.0162326,40.7134697],[-74.0156938,40.7132485],[-74.015648,40.7132308]]}},{"type":"Feature","properties":{"fclass":"footway","oneway":"B","bridge":"F","tunnel":"F"},"geometry":{"type":"LineString","coordinates":[[-74.0101314,40.7033259],[-74.0092087,40.7025188],[-74.009173,40.7024842]]}},{"type":"Feature","properties":{"fclass":"footway","oneway":"B","bridge":"F","tunnel":"F"},"geometry":{"type":"LineString","coordinates":[[-74.0178947,40.7094684],[-74.0183843,40.7095769]]}},{"type":"Feature","properties":{"fclass":"footway","oneway":"B","bridge":"F","tunnel":"F"},"geometry":{"type":"LineString","coordinates":[[-74.0099442,40.7021298],[-74.0099663,40.7021662],[-74.0100457,40.7022425],[-74.0103112,40.7031477],[-74.0103882,40.7032421],[-74.0104441,40.703342],[-74.010532,40.7033606],[-74.010644,40.7036496],[-74.0106367,40.7037097],[-74.01063,40.7038099],[-74.0108028,40.7040866],[-74.0110035,40.7044081]]}},{"type":"Feature","properties":{"fclass":"footway","oneway":"B","bridge":"F","tunnel":"F"},"geometry":{"type":"LineString","coordinates":[[-74.0029351,40.7127116],[-74.0030595,40.7126909],[-74.0030966,40.7126847],[-74.00367,40.7125896],[-74.0040787,40.7124988],[-74.0043056,40.7126152],[-74.0044351,40.7126748]]}},{"type":"Feature","properties":{"fclass":"footway","oneway":"B","bridge":"F","tunnel":"F"},"geometry":{"type":"LineString","coordinates":[[-74.0032608,40.7138145],[-74.0030298,40.7130323],[-74.0029351,40.7127116],[-74.0027493,40.7126278]]}},{"type":"Feature","properties":{"fclass":"footway","oneway":"B","bridge":"F","tunnel":"F"},"geometry":{"type":"LineString","coordinates":[[-74.0030298,40.7130323],[-74.0019718,40.7133247]]}},{"type":"Feature","properties":{"fclass":"footway","oneway":"B","bridge":"F","tunnel":"F"},"geometry":{"type":"LineString","coordinates":[[-74.0016297,40.7137211],[-74.0010605,40.7138927],[-74.000552,40.7144167]]}},{"type":"Feature","properties":{"fclass":"footway","oneway":"B","bridge":"F","tunnel":"F"},"geometry":{"type":"LineString","coordinates":[[-74.0136872,40.7048734],[-74.013718,40.7047374],[-74.0137343,40.7046771]]}},{"type":"Feature","properties":{"fclass":"footway","oneway":"B","bridge":"F","tunnel":"F"},"geometry":{"type":"LineString","coordinates":[[-74.0136246,40.7050814],[-74.0136715,40.705081],[-74.0137157,40.705069],[-74.013752,40.7050466],[-74.0137768,40.7050165],[-74.0137873,40.7049819],[-74.0137821,40.7049465],[-74.013762,40.7049144],[-74.0137291,40.7048891],[-74.0136872,40.7048734],[-74.0136415,40.7048688],[-74.0135963,40.7048758],[-74.0135565,40.7048933],[-74.0135263,40.7049197],[-74.013509,40.704952],[-74.0135061,40.7049869],[-74.0135183,40.7050205],[-74.0135441,40.7050494],[-74.013581,40.7050705],[-74.0136246,40.7050814]]}},{"type":"Feature","properties":{"fclass":"footway","oneway":"B","bridge":"F","tunnel":"F"},"geometry":{"type":"LineString","coordinates":[[-74.013985,40.704998],[-74.0139431,40.704833],[-74.0138866,40.7047822],[-74.0138223,40.7047537],[-74.0137525,40.7047394],[-74.013718,40.7047374],[-74.01364,40.7047313],[-74.0135326,40.7047414],[-74.013463,40.7047659],[-74.0133227,40.7048941]]}},{"type":"Feature","properties":{"fclass":"footway","oneway":"B","bridge":"F","tunnel":"F"},"geometry":{"type":"LineString","coordinates":[[-74.0084083,40.7038846],[-74.0086004,40.7037615]]}},{"type":"Feature","properties":{"fclass":"footway","oneway":"B","bridge":"F","tunnel":"F"},"geometry":{"type":"LineString","coordinates":[[-74.0034817,40.7157968],[-74.0035322,40.7157261],[-74.004287,40.7148095],[-74.004338,40.7147476],[-74.0044234,40.7147046],[-74.0044439,40.7146771]]}},{"type":"Feature","properties":{"fclass":"footway","oneway":"B","bridge":"F","tunnel":"F"},"geometry":{"type":"LineString","coordinates":[[-74.0031495,40.7138693],[-74.0033162,40.7139644],[-74.0034478,40.7140395]]}},{"type":"Feature","properties":{"fclass":"footway","oneway":"B","bridge":"F","tunnel":"F"},"geometry":{"type":"LineString","coordinates":[[-74.0032544,40.7141977],[-74.0033688,40.7142347],[-74.0034553,40.7142628]]}},{"type":"Feature","properties":{"fclass":"footway","oneway":"B","bridge":"F","tunnel":"F"},"geometry":{"type":"LineString","coordinates":[[-74.0030808,40.7147076],[-74.0031641,40.7147294],[-74.003252,40.7147524]]}},{"type":"Feature","properties":{"fclass":"footway","oneway":"B","bridge":"F","tunnel":"F"},"geometry":{"type":"LineString","coordinates":[[-74.0030432,40.7154935],[-74.0031258,40.7155375]]}},{"type":"Feature","properties":{"fclass":"footway","oneway":"B","bridge":"F","tunnel":"F"},"geometry":{"type":"LineString","coordinates":[[-74.004469,40.7161513],[-74.0045302,40.7162869]]}},{"type":"Feature","properties":{"fclass":"footway","oneway":"B","bridge":"F","tunnel":"F"},"geometry":{"type":"LineString","coordinates":[[-74.0026304,40.7142656],[-74.002694,40.7143156]]}},{"type":"Feature","properties":{"fclass":"footway","oneway":"B","bridge":"F","tunnel":"F"},"geometry":{"type":"LineString","coordinates":[[-74.0031775,40.7141181],[-74.003245,40.7140433],[-74.0033162,40.7139644],[-74.0036256,40.7136499]]}},{"type":"Feature","properties":{"fclass":"footway","oneway":"B","bridge":"F","tunnel":"F"},"geometry":{"type":"LineString","coordinates":[[-74.0034553,40.7142628],[-74.0034171,40.7141185]]}},{"type":"Feature","properties":{"fclass":"footway","oneway":"B","bridge":"F","tunnel":"F"},"geometry":{"type":"LineString","coordinates":[[-74.0052177,40.7152352],[-74.00542,40.715236]]}},{"type":"Feature","properties":{"fclass":"secondary","name":"Canal Street","oneway":"B","bridge":"F","tunnel":"F"},"geometry":{"type":"LineString","coordinates":[[-73.9923741,40.7150548],[-73.9924452,40.7150773],[-73.9924965,40.7150936],[-73.9925534,40.7151107],[-73.9926337,40.7151348],[-73.9934,40.715355]]}},{"type":"Feature","properties":{"fclass":"primary","name":"Allen Street","oneway":"F","bridge":"F","tunnel":"F"},"geometry":{"type":"LineString","coordinates":[[-73.9923741,40.7150548],[-73.991796,40.71617],[-73.991176,40.717343],[-73.9907438,40.718213],[-73.990716,40.718269],[-73.9906816,40.7183392],[-73.9903338,40.7190036],[-73.990284,40.7191088]]}},{"type":"Feature","properties":{"fclass":"residential","name":"Stanton Street","oneway":"F","bridge":"F","tunnel":"F"},"geometry":{"type":"LineString","coordinates":[[-73.988998,40.7215997],[-73.988922,40.7215763],[-73.9885198,40.7214549],[-73.9877696,40.7212285],[-73.9869508,40.7209812],[-73.98616,40.7207425],[-73.985319,40.7204887],[-73.984472,40.720233],[-73.9836281,40.719982],[-73.982796,40.719727],[-73.98192,40.7194626]]}},{"type":"Feature","properties":{"fclass":"footway","oneway":"B","bridge":"F","tunnel":"F"},"geometry":{"type":"LineString","coordinates":[[-74.0047482,40.7124583],[-74.0046767,40.712519],[-74.004486,40.7126989],[-74.0044351,40.7126748]]}},{"type":"Feature","properties":{"fclass":"cycleway","name":"Brooklyn Bridge","oneway":"B","bridge":"F","tunnel":"F"},"geometry":{"type":"LineString","coordinates":[[-74.0044306,40.7121108],[-74.0045084,40.7122206],[-74.0045352,40.7122654],[-74.004562,40.7123405],[-74.0045728,40.7123893],[-74.0045771,40.7124253],[-74.0045767,40.7124687],[-74.0045735,40.7125078],[-74.004566,40.7125454],[-74.00455,40.712585],[-74.004529,40.712619],[-74.0045117,40.7126441],[-74.0044921,40.7126638],[-74.0044351,40.7126748]]}},{"type":"Feature","properties":{"fclass":"cycleway","name":"Brooklyn Bridge","oneway":"B","bridge":"F","tunnel":"F"},"geometry":{"type":"LineString","coordinates":[[-74.0045771,40.7124253],[-74.0046116,40.7124462],[-74.0046375,40.7124566],[-74.0046712,40.7124648],[-74.0046963,40.7124658],[-74.0047217,40.7124626],[-74.0047482,40.7124583],[-74.0047897,40.7124277]]}},{"type":"Feature","properties":{"fclass":"residential","name":"Hester Street","oneway":"F","bridge":"F","tunnel":"F"},"geometry":{"type":"LineString","coordinates":[[-73.991796,40.71617],[-73.9913111,40.7160237],[-73.990554,40.7157938],[-73.989754,40.715553]]}},{"type":"Feature","properties":{"fclass":"footway","name":"Hester Street","oneway":"B","bridge":"F","tunnel":"F"},"geometry":{"type":"LineString","coordinates":[[-73.992014,40.716235],[-73.991968,40.7162212],[-73.991916,40.7162056],[-73.9918777,40.7161941],[-73.991796,40.71617]]}},{"type":"Feature","properties":{"fclass":"primary","name":"Bowery","oneway":"F","bridge":"F","tunnel":"F"},"geometry":{"type":"LineString","coordinates":[[-73.993586,40.72165],[-73.9938613,40.7209741],[-73.993925,40.7208178]]}},{"type":"Feature","properties":{"fclass":"residential","name":"Rivington Street","oneway":"F","bridge":"F","tunnel":"F"},"geometry":{"type":"LineString","coordinates":[[-73.9842293,40.7188259],[-73.9850755,40.7190824],[-73.9859138,40.7193368],[-73.9867535,40.7195914],[-73.987543,40.7198309],[-73.988359,40.7200782],[-73.988829,40.7202209],[-73.9888808,40.7202366],[-73.9891101,40.7203061],[-73.9895105,40.7204276],[-73.9896204,40.720461]]}},{"type":"Feature","properties":{"fclass":"primary","name":"The Bowery","oneway":"F","bridge":"F","tunnel":"F"},"geometry":{"type":"LineString","coordinates":[[-73.9933218,40.7223842],[-73.993586,40.72165]]}},{"type":"Feature","properties":{"fclass":"unclassified","name":"Nassau Street","oneway":"F","bridge":"F","tunnel":"F"},"geometry":{"type":"LineString","coordinates":[[-74.0103794,40.7075144],[-74.010201,40.707694]]}},{"type":"Feature","properties":{"fclass":"service","name":"Broad Street","oneway":"F","maxspeed":40,"bridge":"F","tunnel":"F"},"geometry":{"type":"LineString","coordinates":[[-74.0109788,40.7066221],[-74.010676,40.707116]]}},{"type":"Feature","properties":{"fclass":"residential","name":"Wall Street","oneway":"F","bridge":"F","tunnel":"F"},"geometry":{"type":"LineString","coordinates":[[-74.011255,40.707507],[-74.011171,40.7074503],[-74.0107327,40.7071541],[-74.010676,40.707116],[-74.0101467,40.7067838],[-74.009502,40.706379],[-74.008831,40.7060175],[-74.007949,40.705547],[-74.007392,40.705183],[-74.0069495,40.7048017],[-74.0062888,40.7042568]]}},{"type":"Feature","properties":{"fclass":"steps","oneway":"B","layer":-1,"bridge":"F","tunnel":"T"},"geometry":{"type":"LineString","coordinates":[[-74.0109535,40.7080752],[-74.0108711,40.7081534]]}},{"type":"Feature","properties":{"fclass":"footway","oneway":"B","layer":-1,"bridge":"F","tunnel":"T"},"geometry":{"type":"LineString","coordinates":[[-74.0096993,40.7080431],[-74.0097796,40.708094],[-74.0100431,40.7077911],[-74.0101649,40.7076376],[-74.0105527,40.7071489],[-74.0106546,40.7069902],[-74.0106832,40.706894]]}},{"type":"Feature","properties":{"fclass":"footway","oneway":"B","layer":-1,"bridge":"F","tunnel":"T"},"geometry":{"type":"LineString","coordinates":[[-74.0101649,40.7076376],[-74.0109535,40.7080752],[-74.0112287,40.7082385]]}},{"type":"Feature","properties":{"fclass":"footway","oneway":"B","bridge":"F","tunnel":"F"},"geometry":{"type":"LineString","coordinates":[[-74.0031771,40.7062072],[-74.0030186,40.706041]]}},{"type":"Feature","properties":{"fclass":"pedestrian","oneway":"B","bridge":"F","tunnel":"F"},"geometry":{"type":"LineString","coordinates":[[-74.0038504,40.7053028],[-74.003663,40.70542],[-74.0036508,40.705427],[-74.0033257,40.7056364],[-74.002166,40.7045893],[-74.0019651,40.7047167],[-74.0024226,40.7051354],[-74.0023743,40.705166],[-74.0026997,40.7054557],[-74.0025846,40.7055278],[-74.002169,40.7053603],[-74.0020716,40.7054191],[-74.002254,40.7055791],[-74.0024472,40.7055182],[-74.0029451,40.706065],[-74.0039718,40.705411],[-74.0060868,40.7040671],[-74.0060583,40.7040426],[-74.005936,40.7039424],[-74.0052326,40.704395],[-74.0048182,40.7046534],[-74.0045941,40.7048047],[-74.0042702,40.7050263],[-74.0040747,40.7051551],[-74.0028676,40.7040726],[-74.0026363,40.7042227],[-74.0038504,40.7053028]]}},{"type":"Feature","properties":{"fclass":"pedestrian","name":"Bowling Green","oneway":"B","bridge":"F","tunnel":"F"},"geometry":{"type":"LineString","coordinates":[[-74.0133681,40.7044436],[-74.0133955,40.7044434],[-74.0133931,40.7044553],[-74.013726,40.7044565],[-74.0140784,40.7044622],[-74.014081,40.7044496],[-74.0141064,40.7044525],[-74.0140951,40.704563],[-74.0140811,40.7046275],[-74.0140372,40.704766],[-74.0138857,40.7047037],[-74.0137343,40.7046771],[-74.0137016,40.7046713],[-74.0135166,40.7046791],[-74.0133722,40.7047149],[-74.0133672,40.7045913],[-74.0133681,40.7044436]]}},{"type":"Feature","properties":{"fclass":"footway","oneway":"B","layer":1,"bridge":"T","tunnel":"F"},"geometry":{"type":"LineString","coordinates":[[-74.0126969,40.7083907],[-74.0123477,40.7082371]]}},{"type":"Feature","properties":{"fclass":"service","oneway":"B","bridge":"F","tunnel":"F"},"geometry":{"type":"LineString","coordinates":[[-74.0107671,40.7291341],[-74.010942,40.7291525]]}},{"type":"Feature","properties":{"fclass":"secondary","name":"Clarkson Street","oneway":"F","bridge":"F","tunnel":"F"},"geometry":{"type":"LineString","coordinates":[[-74.0083996,40.7296297],[-74.0069727,40.7294967],[-74.0061167,40.7294238],[-74.0055401,40.7293746],[-74.0053704,40.7293669],[-74.0053134,40.729386],[-74.0051653,40.7294702]]}},{"type":"Feature","properties":{"fclass":"primary","name":"2nd Avenue","oneway":"F","bridge":"F","tunnel":"F"},"geometry":{"type":"LineString","coordinates":[[-73.985909,40.731019],[-73.9863306,40.7304431],[-73.9863741,40.7303818],[-73.986416,40.7303255],[-73.986561,40.7301218],[-73.9867671,40.7298409],[-73.986812,40.729779],[-73.9868473,40.7297302],[-73.987191,40.729258],[-73.987239,40.729192],[-73.9872782,40.7291379],[-73.9876236,40.7286617],[-73.987672,40.728595],[-73.9877077,40.7285461],[-73.9880736,40.7280476],[-73.988119,40.727986],[-73.988162,40.7279262],[-73.9884891,40.7274711],[-73.988539,40.727402],[-73.9885792,40.7273467],[-73.988984,40.726792],[-73.989429,40.726188],[-73.98987,40.725582],[-73.9901406,40.7252101],[-73.9903443,40.724929]]}},{"type":"Feature","properties":{"fclass":"primary","name":"2nd Avenue","oneway":"F","bridge":"F","tunnel":"F"},"geometry":{"type":"LineString","coordinates":[[-73.9908276,40.7242892],[-73.9909044,40.7241854]]}},{"type":"Feature","properties":{"fclass":"motorway","name":"FDR Drive","oneway":"F","layer":1,"bridge":"T","tunnel":"F"},"geometry":{"type":"LineString","coordinates":[[-74.001618,40.7070051],[-74.0018631,40.7068678],[-74.0019644,40.706811],[-74.0029716,40.7062393],[-74.0030751,40.7061781],[-74.003188,40.7061091],[-74.0044689,40.7052897],[-74.0053316,40.7047378],[-74.006177,40.7041935],[-74.0068248,40.7037768],[-74.0070357,40.7036436],[-74.0084092,40.7028105]]}},{"type":"Feature","properties":{"fclass":"motorway","name":"FDR Drive","oneway":"F","layer":1,"bridge":"T","tunnel":"F"},"geometry":{"type":"LineString","coordinates":[[-73.9968491,40.7090266],[-73.9969996,40.7090027],[-73.997131,40.708983],[-73.9972802,40.7089597],[-73.9974176,40.7089358],[-73.9975567,40.7089083],[-73.9976931,40.7088785],[-73.9978393,40.7088428],[-73.9979806,40.7088032],[-73.998112,40.7087612],[-73.9982173,40.7087256],[-73.9983181,40.7086881],[-73.998429,40.7086449],[-73.9985358,40.7086014],[-73.9986386,40.7085571],[-73.9987324,40.7085151],[-73.9988241,40.7084706],[-73.9989251,40.7084192],[-73.999009,40.708376],[-73.9990976,40.7083294],[-73.9994541,40.7081365],[-73.9995499,40.7080839]]}},{"type":"Feature","properties":{"fclass":"motorway_link","oneway":"F","layer":4,"bridge":"T","tunnel":"F"},"geometry":{"type":"LineString","coordinates":[[-74.0047276,40.7118772],[-74.0046635,40.711844],[-74.0045903,40.7118111],[-74.0045132,40.7117811],[-74.003864,40.7115327],[-74.0038086,40.7115084],[-74.0037561,40.7114795],[-74.0037064,40.7114504]]}},{"type":"Feature","properties":{"fclass":"motorway_link","oneway":"F","bridge":"F","tunnel":"F"},"geometry":{"type":"LineString","coordinates":[[-74.0045724,40.7121422],[-74.0043257,40.7119465]]}},{"type":"Feature","properties":{"fclass":"motorway","oneway":"F","layer":4,"bridge":"T","tunnel":"F"},"geometry":{"type":"LineString","coordinates":[[-74.0043257,40.7119465],[-74.0037064,40.7114504],[-74.0034825,40.7112711]]}},{"type":"Feature","properties":{"fclass":"motorway_link","oneway":"F","bridge":"F","tunnel":"F"},"geometry":{"type":"LineString","coordinates":[[-74.0038925,40.712448],[-74.0038467,40.7124512],[-74.00381,40.71245],[-74.0037685,40.7124462],[-74.0037273,40.7124388],[-74.003689,40.7124285],[-74.0036511,40.7124133],[-74.0036146,40.712391],[-74.0035878,40.7123696],[-74.0035636,40.7123431],[-74.0035449,40.7123144],[-74.0035328,40.7122861],[-74.0035255,40.712256],[-74.0035222,40.7122231],[-74.0035266,40.712189],[-74.0035361,40.7121617],[-74.0035521,40.7121301],[-74.0035696,40.7121026],[-74.0035897,40.7120803],[-74.0036112,40.712061],[-74.0036431,40.7120327],[-74.0036851,40.7120006],[-74.0037702,40.7119442]]}},{"type":"Feature","properties":{"fclass":"secondary","name":"Hudson Street","oneway":"F","bridge":"F","tunnel":"F"},"geometry":{"type":"LineString","coordinates":[[-74.009201,40.716193],[-74.009115,40.71692],[-74.009064,40.717265],[-74.009,40.717598],[-74.008943,40.717925],[-74.0088802,40.7182739]]}},{"type":"Feature","properties":{"fclass":"secondary","name":"Centre Street","oneway":"F","bridge":"F","tunnel":"F"},"geometry":{"type":"LineString","coordinates":[[-74.0021356,40.7151766],[-74.0016906,40.715747],[-74.0012283,40.7163677],[-74.000818,40.71693],[-74.000274,40.717619],[-73.999956,40.718017]]}},{"type":"Feature","properties":{"fclass":"residential","name":"Madison Street","oneway":"B","bridge":"F","tunnel":"F"},"geometry":{"type":"LineString","coordinates":[[-73.9922712,40.7124675],[-73.9899728,40.7126587],[-73.9884925,40.712783],[-73.9869542,40.7129121],[-73.985056,40.7130715],[-73.9838847,40.7131986]]}},{"type":"Feature","properties":{"fclass":"residential","name":"East 3rd Street","oneway":"F","bridge":"F","tunnel":"F"},"geometry":{"type":"LineString","coordinates":[[-73.9806075,40.7216782],[-73.9806406,40.7216923],[-73.982964,40.722671],[-73.985286,40.723649],[-73.987502,40.724584],[-73.9876047,40.7246272],[-73.9897908,40.7255485],[-73.98987,40.725582],[-73.9917228,40.7263628],[-73.9918561,40.726419]]}},{"type":"Feature","properties":{"fclass":"footway","name":"Tribeca Bridge","oneway":"B","layer":2,"bridge":"T","tunnel":"F"},"geometry":{"type":"LineString","coordinates":[[-74.0125476,40.7172662],[-74.0133663,40.7176526]]}},{"type":"Feature","properties":{"fclass":"secondary","name":"Chambers Street","oneway":"B","bridge":"F","tunnel":"F"},"geometry":{"type":"LineString","coordinates":[[-74.0092213,40.7155224],[-74.0109453,40.7162912]]}},{"type":"Feature","properties":{"fclass":"footway","oneway":"B","bridge":"F","tunnel":"F"},"geometry":{"type":"LineString","coordinates":[[-74.0169072,40.7173637],[-74.016652,40.7172488],[-74.0167164,40.7170902],[-74.0167406,40.7169418],[-74.0167455,40.7168325],[-74.0167408,40.7167414],[-74.0167167,40.716618],[-74.0166568,40.7164496]]}},{"type":"Feature","properties":{"fclass":"footway","oneway":"B","bridge":"F","tunnel":"F"},"geometry":{"type":"LineString","coordinates":[[-74.0166503,40.7163741],[-74.0164692,40.716328]]}},{"type":"Feature","properties":{"fclass":"steps","oneway":"B","bridge":"F","tunnel":"F"},"geometry":{"type":"LineString","coordinates":[[-74.0125476,40.7172662],[-74.0125187,40.7172305],[-74.0125002,40.7171965],[-74.0125057,40.7171599],[-74.0125902,40.7170378]]}},{"type":"Feature","properties":{"fclass":"footway","oneway":"B","bridge":"F","tunnel":"F"},"geometry":{"type":"LineString","coordinates":[[-74.0166568,40.7164496],[-74.0166503,40.7163741],[-74.0166664,40.7163104],[-74.0167,40.7162164],[-74.0167968,40.7160896],[-74.0168828,40.7159538],[-74.0168988,40.7158989],[-74.0169256,40.7158135],[-74.0169579,40.7156875],[-74.0170221,40.7156224],[-74.0170946,40.7155716],[-74.0172388,40.7155254]]}},{"type":"Feature","properties":{"fclass":"footway","oneway":"B","bridge":"F","tunnel":"F"},"geometry":{"type":"LineString","coordinates":[[-74.0170123,40.7057939],[-74.016853,40.7057583],[-74.0167088,40.7057288]]}},{"type":"Feature","properties":{"fclass":"footway","oneway":"B","bridge":"F","tunnel":"F"},"geometry":{"type":"LineString","coordinates":[[-74.0167435,40.7064989],[-74.0165821,40.7064599],[-74.0164464,40.706429]]}},{"type":"Feature","properties":{"fclass":"residential","name":"Eldridge Street","oneway":"F","bridge":"F","tunnel":"F"},"geometry":{"type":"LineString","coordinates":[[-73.9939451,40.7137474],[-73.9939241,40.7137831],[-73.9939135,40.713815],[-73.9939105,40.7138478],[-73.9939482,40.714294]]}},{"type":"Feature","properties":{"fclass":"residential","name":"Eldridge Street","oneway":"F","bridge":"F","tunnel":"F"},"geometry":{"type":"LineString","coordinates":[[-73.9939482,40.714294],[-73.9934,40.715355]]}},{"type":"Feature","properties":{"fclass":"residential","name":"Eldridge Street","oneway":"F","bridge":"F","tunnel":"F"},"geometry":{"type":"LineString","coordinates":[[-73.9934,40.715355],[-73.9928475,40.7164601],[-73.99222,40.717658],[-73.991747,40.718583],[-73.9913135,40.7194292],[-73.9912392,40.719571],[-73.9906286,40.7207666],[-73.990041,40.721921],[-73.9894344,40.72311]]}},{"type":"Feature","properties":{"fclass":"footway","oneway":"B","bridge":"F","tunnel":"F"},"geometry":{"type":"LineString","coordinates":[[-74.0188803,40.7066818],[-74.0188906,40.7067989],[-74.0189023,40.706884],[-74.0188897,40.7069655],[-74.018887,40.7069829],[-74.0188756,40.7070173],[-74.0188621,40.7070404],[-74.0188384,40.7070661],[-74.0188017,40.7070923],[-74.0187514,40.707111],[-74.0187085,40.7071172],[-74.0186625,40.7071153]]}},{"type":"Feature","properties":{"fclass":"footway","oneway":"B","bridge":"F","tunnel":"F"},"geometry":{"type":"LineString","coordinates":[[-74.017814,40.7061248],[-74.0178265,40.7060567],[-74.0178296,40.7060388],[-74.0178327,40.7060221],[-74.0178552,40.7058795],[-74.0178604,40.7057899],[-74.0178603,40.7057431],[-74.0178572,40.7056823],[-74.017841,40.7056066],[-74.0177713,40.7054436],[-74.0176751,40.7053048],[-74.0175741,40.7051933],[-74.0174522,40.7050902],[-74.0173672,40.7050384],[-74.0173012,40.7050163],[-74.0171531,40.7049851],[-74.0170022,40.704953],[-74.0168952,40.7049285],[-74.0167735,40.7049052],[-74.0166756,40.7048991],[-74.0165536,40.7049174],[-74.016437,40.7049623],[-74.0163001,40.7050272],[-74.0162897,40.7049096],[-74.0162714,40.7048091],[-74.0162573,40.7046998],[-74.0164512,40.7046928]]}},{"type":"Feature","properties":{"fclass":"residential","name":"Greenwich Street","oneway":"F","bridge":"F","tunnel":"F"},"geometry":{"type":"LineString","coordinates":[[-74.0126713,40.7101452],[-74.012839,40.70971],[-74.012992,40.709354],[-74.0130785,40.7091586],[-74.0132591,40.7087417],[-74.0135825,40.708022],[-74.0135998,40.7079832]]}},{"type":"Feature","properties":{"fclass":"cycleway","name":"Hudson River Greenway","oneway":"B","bridge":"F","tunnel":"F"},"geometry":{"type":"LineString","coordinates":[[-74.0129545,40.718229],[-74.0131154,40.7175465],[-74.0131641,40.7172994],[-74.0133557,40.7165757],[-74.0136913,40.7152945],[-74.0137662,40.7150657],[-74.0137856,40.7150229],[-74.0138232,40.7149952],[-74.013872,40.7149652],[-74.013897,40.7149383],[-74.0140551,40.7143307],[-74.0140463,40.7142911],[-74.0140123,40.7142475],[-74.0140034,40.7142125],[-74.0140936,40.7138571]]}},{"type":"Feature","properties":{"fclass":"footway","name":"Battery Park City Greenway","oneway":"B","bridge":"F","tunnel":"F"},"geometry":{"type":"LineString","coordinates":[[-74.0173424,40.7149316],[-74.0174627,40.714251],[-74.0175645,40.7136979],[-74.0167306,40.7135607],[-74.0162326,40.7134697],[-74.016609,40.7120861],[-74.016726,40.7121024],[-74.0178034,40.7122521]]}},{"type":"Feature","properties":{"fclass":"footway","oneway":"B","bridge":"F","tunnel":"F"},"geometry":{"type":"LineString","coordinates":[[-74.0169895,40.704093],[-74.0169443,40.7041194],[-74.0168983,40.704132],[-74.0168342,40.7041316],[-74.0167671,40.7041163],[-74.0166951,40.7040894],[-74.0166389,40.7040486],[-74.0165589,40.7039751],[-74.016444,40.7038581]]}},{"type":"Feature","properties":{"fclass":"footway","oneway":"B","bridge":"F","tunnel":"F"},"geometry":{"type":"LineString","coordinates":[[-74.0149326,40.7010333],[-74.0150346,40.7010868],[-74.015162,40.7010007],[-74.0156001,40.7013399],[-74.0160754,40.7017239],[-74.0162858,40.7019443],[-74.0165394,40.7022099],[-74.0168371,40.7025087],[-74.0171671,40.7028931],[-74.017158,40.7030116],[-74.0171614,40.7031947]]}},{"type":"Feature","properties":{"fclass":"footway","oneway":"B","bridge":"F","tunnel":"F"},"geometry":{"type":"LineString","coordinates":[[-74.0150318,40.7016821],[-74.0151136,40.7016148],[-74.0152297,40.7015324],[-74.0153416,40.701444],[-74.0155208,40.7013942],[-74.0156001,40.7013399]]}},{"type":"Feature","properties":{"fclass":"footway","oneway":"B","bridge":"F","tunnel":"F"},"geometry":{"type":"LineString","coordinates":[[-74.0155315,40.7022495],[-74.0155106,40.7021171],[-74.015498,40.7020261],[-74.0155321,40.7019076],[-74.0157005,40.7018948],[-74.0158456,40.7018408],[-74.0159235,40.7018009],[-74.0159801,40.7017677],[-74.0160754,40.7017239]]}},{"type":"Feature","properties":{"fclass":"footway","oneway":"B","bridge":"F","tunnel":"F"},"geometry":{"type":"LineString","coordinates":[[-74.0158456,40.7018408],[-74.0157494,40.7017693],[-74.0155988,40.7016881],[-74.01548,40.7016445],[-74.0154075,40.7016313],[-74.0153491,40.7016331]]}},{"type":"Feature","properties":{"fclass":"footway","oneway":"B","bridge":"F","tunnel":"F"},"geometry":{"type":"LineString","coordinates":[[-74.0175451,40.703511],[-74.0176042,40.7037187],[-74.017548,40.7039992],[-74.017438,40.7042311],[-74.0172583,40.7043032]]}},{"type":"Feature","properties":{"fclass":"footway","oneway":"B","bridge":"F","tunnel":"F"},"geometry":{"type":"LineString","coordinates":[[-74.0165394,40.7022099],[-74.016361,40.7022491],[-74.0161357,40.7023122],[-74.0160122,40.7024038],[-74.0159261,40.7025503]]}},{"type":"Feature","properties":{"fclass":"footway","oneway":"B","bridge":"F","tunnel":"F"},"geometry":{"type":"LineString","coordinates":[[-74.0169895,40.704093],[-74.01698,40.7040814],[-74.0169761,40.7040679],[-74.0169783,40.7040542],[-74.0169861,40.7040418],[-74.016999,40.704032],[-74.0170152,40.704026],[-74.0170333,40.7040241],[-74.017051,40.7040271],[-74.0170666,40.7040341],[-74.0170783,40.7040446],[-74.0170848,40.7040573],[-74.0170855,40.704071],[-74.0170805,40.704084],[-74.01707,40.7040953],[-74.0170554,40.7041032],[-74.0170381,40.7041071],[-74.0170202,40.7041067],[-74.0170033,40.7041019],[-74.0169895,40.704093]]}},{"type":"Feature","properties":{"fclass":"footway","oneway":"B","bridge":"F","tunnel":"F"},"geometry":{"type":"LineString","coordinates":[[-74.0154018,40.701833],[-74.0153367,40.7018497],[-74.0152317,40.7018466],[-74.015064,40.7018261]]}},{"type":"Feature","properties":{"fclass":"footway","oneway":"B","bridge":"F","tunnel":"F"},"geometry":{"type":"LineString","coordinates":[[-74.0155321,40.7019076],[-74.015465,40.7018527],[-74.0154018,40.701833],[-74.0153626,40.7017369],[-74.01534,40.7016656],[-74.0153491,40.7016331],[-74.0152297,40.7015324]]}},{"type":"Feature","properties":{"fclass":"service","oneway":"B","bridge":"F","tunnel":"F"},"geometry":{"type":"LineString","coordinates":[[-73.9986638,40.7092655],[-73.9979471,40.7093838],[-73.9974422,40.7094674],[-73.9974209,40.7094707]]}},{"type":"Feature","properties":{"fclass":"service","oneway":"B","bridge":"F","tunnel":"F"},"geometry":{"type":"LineString","coordinates":[[-73.9979471,40.7093838],[-73.9979205,40.7092886],[-73.9978928,40.7091902],[-73.9978538,40.7090507],[-73.9978264,40.7089526]]}},{"type":"Feature","properties":{"fclass":"service","oneway":"B","bridge":"F","tunnel":"F"},"geometry":{"type":"LineString","coordinates":[[-73.9986075,40.7090764],[-73.9978928,40.7091902]]}},{"type":"Feature","properties":{"fclass":"residential","name":"Ann Street","oneway":"F","maxspeed":40,"bridge":"F","tunnel":"F"},"geometry":{"type":"LineString","coordinates":[[-74.0086337,40.7113899],[-74.0085171,40.7112822],[-74.0084757,40.7112509],[-74.0084274,40.7112173],[-74.0077768,40.7108165],[-74.0073842,40.7105761],[-74.006076,40.7099177]]}},{"type":"Feature","properties":{"fclass":"footway","oneway":"B","bridge":"F","tunnel":"F"},"geometry":{"type":"LineString","coordinates":[[-73.9990139,40.7106196],[-73.9985381,40.7103405]]}},{"type":"Feature","properties":{"fclass":"footway","oneway":"B","bridge":"F","tunnel":"F"},"geometry":{"type":"LineString","coordinates":[[-73.9982655,40.7113332],[-73.9982415,40.7112824],[-73.9982065,40.7112417],[-73.998153,40.7112071]]}},{"type":"Feature","properties":{"fclass":"footway","oneway":"B","bridge":"F","tunnel":"F"},"geometry":{"type":"LineString","coordinates":[[-73.9990273,40.7108371],[-73.9993117,40.7110017],[-73.999553,40.7109672],[-73.9996286,40.7109235],[-73.9997541,40.7107863],[-73.9997354,40.710646],[-73.9994216,40.7104508]]}},{"type":"Feature","properties":{"fclass":"footway","oneway":"B","bridge":"F","tunnel":"F"},"geometry":{"type":"LineString","coordinates":[[-73.999553,40.7109672],[-74.000036,40.7112591]]}},{"type":"Feature","properties":{"fclass":"footway","oneway":"B","bridge":"F","tunnel":"F"},"geometry":{"type":"LineString","coordinates":[[-74.0026892,40.7088578],[-74.0025812,40.7087842],[-74.002483,40.7087212],[-74.002419,40.7087668],[-74.0015931,40.7093852],[-74.0015433,40.7094275],[-74.001374,40.7096489],[-74.0011517,40.7099394],[-74.0011192,40.7099818],[-74.0010056,40.7101267],[-74.000932,40.7102267],[-74.0006955,40.7105464],[-74.0005208,40.7108148],[-74.0002563,40.7110496],[-74.0002335,40.7110712],[-74.000036,40.7112591],[-73.9995878,40.7116972],[-73.9992875,40.7117275],[-73.9987242,40.7117825],[-73.9986494,40.7117907],[-73.9981663,40.7118434],[-73.997869,40.7118741],[-73.9976757,40.711894],[-73.9970698,40.7119563],[-73.9969314,40.7114311]]}},{"type":"Feature","properties":{"fclass":"footway","oneway":"B","bridge":"F","tunnel":"F"},"geometry":{"type":"LineString","coordinates":[[-73.9984613,40.711327],[-73.9985472,40.7113921],[-73.9985793,40.7115284],[-73.9985766,40.7116097],[-73.998523,40.7116605],[-73.9987242,40.7117825]]}},{"type":"Feature","properties":{"fclass":"footway","oneway":"B","bridge":"F","tunnel":"F"},"geometry":{"type":"LineString","coordinates":[[-73.9976757,40.711894],[-73.9976974,40.7119828],[-73.9977183,40.7120712]]}},{"type":"Feature","properties":{"fclass":"footway","oneway":"B","bridge":"F","tunnel":"F"},"geometry":{"type":"LineString","coordinates":[[-73.9997541,40.7107863],[-74.0002335,40.7110712]]}},{"type":"Feature","properties":{"fclass":"footway","oneway":"B","bridge":"F","tunnel":"F"},"geometry":{"type":"LineString","coordinates":[[-73.9997354,40.710646],[-74.0000758,40.7103177]]}},{"type":"Feature","properties":{"fclass":"footway","oneway":"B","bridge":"F","tunnel":"F"},"geometry":{"type":"LineString","coordinates":[[-73.9995642,40.710031],[-73.9997411,40.7101301],[-74.0000758,40.7103177],[-74.0002335,40.7104012],[-74.000246,40.7103885],[-74.0002812,40.7103833],[-74.0003834,40.7103716],[-74.0006955,40.7105464]]}},{"type":"Feature","properties":{"fclass":"footway","oneway":"B","bridge":"F","tunnel":"F"},"geometry":{"type":"LineString","coordinates":[[-73.998427,40.71101],[-73.9985053,40.7110405],[-73.9986116,40.7110445],[-73.998676,40.7110668],[-73.9987516,40.7111004],[-73.9990273,40.7108371],[-73.9990139,40.7106196],[-73.9991882,40.7104588],[-73.9994216,40.7104508],[-73.9997411,40.7101301]]}},{"type":"Feature","properties":{"fclass":"footway","oneway":"B","bridge":"F","tunnel":"F"},"geometry":{"type":"LineString","coordinates":[[-74.0001833,40.7105769],[-74.0001711,40.7104698],[-74.0002335,40.7104012]]}},{"type":"Feature","properties":{"fclass":"footway","oneway":"B","bridge":"F","tunnel":"F"},"geometry":{"type":"LineString","coordinates":[[-73.9990192,40.7113901],[-73.9990381,40.711504],[-73.999081,40.7115792],[-73.9992875,40.7117275]]}},{"type":"Feature","properties":{"fclass":"footway","oneway":"B","bridge":"F","tunnel":"F"},"geometry":{"type":"LineString","coordinates":[[-74.000245,40.7101601],[-74.0002812,40.7103833]]}},{"type":"Feature","properties":{"fclass":"footway","oneway":"B","bridge":"F","tunnel":"F"},"geometry":{"type":"LineString","coordinates":[[-73.9988854,40.7099934],[-73.9987403,40.710154],[-73.9987121,40.7101799],[-73.9986591,40.7102288],[-73.9985864,40.7102959],[-73.9985381,40.7103405],[-73.9983075,40.7105533]]}},{"type":"Feature","properties":{"fclass":"footway","oneway":"B","bridge":"F","tunnel":"F"},"geometry":{"type":"LineString","coordinates":[[-73.9990192,40.7113901],[-73.9990326,40.7113027],[-73.9989146,40.7112031],[-73.9987516,40.7111004],[-73.9984613,40.711327],[-73.9983492,40.7113281],[-73.9982655,40.7113332],[-73.9982011,40.7113738],[-73.9981637,40.7114186],[-73.9981475,40.7114735],[-73.998185,40.7116218],[-73.9982896,40.7116809],[-73.9981663,40.7118434]]}},{"type":"Feature","properties":{"fclass":"footway","oneway":"B","bridge":"F","tunnel":"F"},"geometry":{"type":"LineString","coordinates":[[-73.9991882,40.7104588],[-73.9987121,40.7101799]]}},{"type":"Feature","properties":{"fclass":"footway","oneway":"B","bridge":"F","tunnel":"F"},"geometry":{"type":"LineString","coordinates":[[-73.998523,40.7116605],[-73.9984297,40.711688],[-73.9983729,40.7116931],[-73.9982896,40.7116809]]}},{"type":"Feature","properties":{"fclass":"footway","oneway":"B","bridge":"F","tunnel":"F"},"geometry":{"type":"LineString","coordinates":[[-73.9977183,40.7120712],[-73.9977966,40.7120634],[-73.9978794,40.7120554]]}},{"type":"Feature","properties":{"fclass":"footway","oneway":"B","bridge":"F","tunnel":"F"},"geometry":{"type":"LineString","coordinates":[[-73.9966167,40.7102488],[-73.9969037,40.7113144],[-73.9969056,40.7113441],[-73.9969223,40.7113961]]}},{"type":"Feature","properties":{"fclass":"footway","oneway":"B","bridge":"F","tunnel":"F"},"geometry":{"type":"LineString","coordinates":[[-74.0174563,40.7075988],[-74.0181202,40.707863],[-74.017921,40.7078922],[-74.0177715,40.7079653]]}},{"type":"Feature","properties":{"fclass":"footway","oneway":"B","bridge":"F","tunnel":"F"},"geometry":{"type":"LineString","coordinates":[[-74.0162877,40.7078489],[-74.0160663,40.7077594],[-74.015929,40.7077105],[-74.0158147,40.7076497],[-74.0155957,40.7075211],[-74.0154028,40.707408]]}},{"type":"Feature","properties":{"fclass":"footway","oneway":"B","bridge":"F","tunnel":"F"},"geometry":{"type":"LineString","coordinates":[[-74.017227,40.7047746],[-74.0171531,40.7049851],[-74.016853,40.7057583],[-74.0165821,40.7064599],[-74.0162899,40.7071964],[-74.0160663,40.7077594]]}},{"type":"Feature","properties":{"fclass":"footway","oneway":"B","bridge":"F","tunnel":"F"},"geometry":{"type":"LineString","coordinates":[[-74.0075883,40.7126272],[-74.0074134,40.712538],[-74.0072033,40.7122374],[-74.0071604,40.7122413],[-74.0071225,40.7122336],[-74.007066,40.7122079]]}},{"type":"Feature","properties":{"fclass":"footway","oneway":"B","bridge":"F","tunnel":"F"},"geometry":{"type":"LineString","coordinates":[[-74.0070982,40.712101],[-74.007129,40.7120928],[-74.0071776,40.7120923],[-74.0072133,40.7121042],[-74.0072487,40.7121213]]}},{"type":"Feature","properties":{"fclass":"residential","name":"Bleecker Street","oneway":"F","bridge":"F","tunnel":"F"},"geometry":{"type":"LineString","coordinates":[[-74.0021985,40.7296932],[-74.0020485,40.7296153],[-74.0018792,40.7295269],[-74.0011906,40.729171],[-74.0004308,40.7288005],[-73.9996722,40.7284251],[-73.9989541,40.7280694],[-73.9981745,40.7276837],[-73.9974161,40.7273118],[-73.997396,40.7273016],[-73.9966625,40.7269315],[-73.9958473,40.7265272],[-73.9950575,40.7261336],[-73.994648,40.7259345],[-73.994468,40.7258402],[-73.9943038,40.725795],[-73.9938312,40.725669],[-73.9937553,40.7256503],[-73.9930403,40.7254655],[-73.9928427,40.7254016],[-73.9922885,40.7252501],[-73.9921427,40.7252143]]}},{"type":"Feature","properties":{"fclass":"unclassified","name":"MacDougal Street","oneway":"F","bridge":"F","tunnel":"F"},"geometry":{"type":"LineString","coordinates":[[-73.9996038,40.7310432],[-73.9996476,40.7309914],[-74.000122,40.7304318],[-74.0004975,40.7299867],[-74.0011906,40.729171]]}},{"type":"Feature","properties":{"fclass":"service","oneway":"B","bridge":"F","tunnel":"T"},"geometry":{"type":"LineString","coordinates":[[-73.9966023,40.7282536],[-73.9964876,40.7283854]]}},{"type":"Feature","properties":{"fclass":"service","oneway":"B","bridge":"F","tunnel":"T"},"geometry":{"type":"LineString","coordinates":[[-73.9979531,40.7279455],[-73.998068,40.7278125]]}},{"type":"Feature","properties":{"fclass":"service","oneway":"B","bridge":"F","tunnel":"F"},"geometry":{"type":"LineString","coordinates":[[-73.9964876,40.7283854],[-73.996345,40.728551]]}},{"type":"Feature","properties":{"fclass":"service","oneway":"B","bridge":"F","tunnel":"T"},"geometry":{"type":"LineString","coordinates":[[-73.9972446,40.7287554],[-73.9973593,40.7286273]]}},{"type":"Feature","properties":{"fclass":"service","oneway":"B","bridge":"F","tunnel":"F"},"geometry":{"type":"LineString","coordinates":[[-73.998068,40.7278125],[-73.9981745,40.7276837]]}},{"type":"Feature","properties":{"fclass":"service","oneway":"B","bridge":"F","tunnel":"F"},"geometry":{"type":"LineString","coordinates":[[-73.9971088,40.7289271],[-73.9972446,40.7287554]]}},{"type":"Feature","properties":{"fclass":"service","oneway":"B","bridge":"F","tunnel":"F"},"geometry":{"type":"LineString","coordinates":[[-73.9971807,40.7275646],[-73.9966023,40.7282536]]}},{"type":"Feature","properties":{"fclass":"service","oneway":"B","bridge":"F","tunnel":"F"},"geometry":{"type":"LineString","coordinates":[[-73.9973593,40.7286273],[-73.9975617,40.7284046],[-73.9979531,40.7279455]]}},{"type":"Feature","properties":{"fclass":"service","oneway":"B","bridge":"F","tunnel":"F"},"geometry":{"type":"LineString","coordinates":[[-74.0157018,40.7118082],[-74.0158085,40.7115653]]}},{"type":"Feature","properties":{"fclass":"footway","oneway":"B","bridge":"F","tunnel":"F"},"geometry":{"type":"LineString","coordinates":[[-74.0154892,40.718228],[-74.0152196,40.7182496]]}},{"type":"Feature","properties":{"fclass":"footway","oneway":"B","bridge":"F","tunnel":"F"},"geometry":{"type":"LineString","coordinates":[[-74.0158961,40.71772],[-74.0157937,40.7180005]]}},{"type":"Feature","properties":{"fclass":"footway","oneway":"B","bridge":"F","tunnel":"F"},"geometry":{"type":"LineString","coordinates":[[-74.014999,40.718124],[-74.0152196,40.7182496]]}},{"type":"Feature","properties":{"fclass":"footway","oneway":"B","bridge":"F","tunnel":"F"},"geometry":{"type":"LineString","coordinates":[[-74.015358,40.7184067],[-74.0152196,40.7182496]]}},{"type":"Feature","properties":{"fclass":"footway","oneway":"B","bridge":"F","tunnel":"F"},"geometry":{"type":"LineString","coordinates":[[-74.0169579,40.7156875],[-74.0168748,40.7155539],[-74.0169369,40.7153202],[-74.0169158,40.7152439],[-74.016868,40.71507]]}},{"type":"Feature","properties":{"fclass":"footway","oneway":"B","bridge":"F","tunnel":"F"},"geometry":{"type":"LineString","coordinates":[[-74.0173424,40.7149316],[-74.0171631,40.7151498],[-74.0169369,40.7153202],[-74.0166661,40.7154264]]}},{"type":"Feature","properties":{"fclass":"footway","oneway":"B","bridge":"F","tunnel":"F"},"geometry":{"type":"LineString","coordinates":[[-74.016652,40.7172488],[-74.0165564,40.7173908],[-74.0164316,40.7174955],[-74.0162212,40.7176135],[-74.0158961,40.71772],[-74.015769,40.717671]]}},{"type":"Feature","properties":{"fclass":"footway","oneway":"B","bridge":"F","tunnel":"F"},"geometry":{"type":"LineString","coordinates":[[-74.0162212,40.7176135],[-74.0159933,40.7177762],[-74.0157937,40.7180005],[-74.0156688,40.718145],[-74.0155395,40.7182148],[-74.0154892,40.718228],[-74.015358,40.7184067],[-74.0153314,40.7184798]]}},{"type":"Feature","properties":{"fclass":"service","oneway":"B","bridge":"F","tunnel":"F"},"geometry":{"type":"LineString","coordinates":[[-74.0006526,40.7126812],[-74.0001565,40.7127889],[-74.0000665,40.7125575]]}},{"type":"Feature","properties":{"fclass":"service","oneway":"B","bridge":"F","tunnel":"F"},"geometry":{"type":"LineString","coordinates":[[-73.999958,40.7128316],[-73.9993651,40.7129628],[-73.9995366,40.7127088],[-73.9995983,40.7126722],[-74.0000665,40.7125575],[-74.0002424,40.7125143],[-74.0003654,40.7124709],[-74.0004566,40.7124078],[-74.000556,40.7122798],[-74.0006256,40.7122065],[-74.000709,40.712177],[-74.0008164,40.7121787]]}},{"type":"Feature","properties":{"fclass":"footway","oneway":"B","bridge":"F","tunnel":"F"},"geometry":{"type":"LineString","coordinates":[[-74.0176991,40.710375],[-74.0181762,40.710448]]}},{"type":"Feature","properties":{"fclass":"footway","oneway":"B","bridge":"F","tunnel":"F"},"geometry":{"type":"LineString","coordinates":[[-74.0176633,40.71047],[-74.0177739,40.7105081],[-74.0181441,40.7105824]]}},{"type":"Feature","properties":{"fclass":"footway","oneway":"B","bridge":"F","tunnel":"F"},"geometry":{"type":"LineString","coordinates":[[-74.0128787,40.719781],[-74.013398,40.719845],[-74.0133511,40.7200602],[-74.0137251,40.7201047],[-74.0139967,40.720137],[-74.0145499,40.7202028],[-74.0151831,40.7202833],[-74.0157058,40.7203433],[-74.0163282,40.7204147],[-74.0162724,40.7206979],[-74.015122,40.7205596],[-74.0144968,40.7204793],[-74.013661,40.7203762],[-74.012959,40.7202894]]}},{"type":"Feature","properties":{"fclass":"footway","oneway":"B","bridge":"F","tunnel":"F"},"geometry":{"type":"LineString","coordinates":[[-74.0151831,40.7202833],[-74.015122,40.7205596]]}},{"type":"Feature","properties":{"fclass":"footway","oneway":"B","bridge":"F","tunnel":"F"},"geometry":{"type":"LineString","coordinates":[[-74.0144968,40.7204793],[-74.0145499,40.7202028]]}},{"type":"Feature","properties":{"fclass":"footway","oneway":"B","bridge":"F","tunnel":"F"},"geometry":{"type":"LineString","coordinates":[[-73.9979205,40.7092886],[-73.9987208,40.709163]]}},{"type":"Feature","properties":{"fclass":"footway","oneway":"B","bridge":"F","tunnel":"F"},"geometry":{"type":"LineString","coordinates":[[-73.9986591,40.7102288],[-73.9986286,40.7102088],[-73.9986173,40.7102058],[-73.998606,40.7102041],[-73.9985974,40.7102041],[-73.9985855,40.7102057],[-73.9985761,40.7102085],[-73.9985663,40.7102131],[-73.9985587,40.7102187],[-73.9985512,40.710227],[-73.9985472,40.7102342],[-73.9985448,40.7102426],[-73.9985446,40.7102499],[-73.9985464,40.7102581],[-73.998551,40.7102671],[-73.9985565,40.7102736],[-73.9985864,40.7102959]]}},{"type":"Feature","properties":{"fclass":"service","oneway":"B","bridge":"F","tunnel":"F"},"geometry":{"type":"LineString","coordinates":[[-73.9988854,40.7099934],[-73.9987652,40.7099723],[-73.9981551,40.7100345]]}},{"type":"Feature","properties":{"fclass":"footway","oneway":"B","bridge":"F","tunnel":"F"},"geometry":{"type":"LineString","coordinates":[[-74.0132813,40.7045991],[-74.0133672,40.7045913]]}},{"type":"Feature","properties":{"fclass":"primary","name":"Battery Place","oneway":"F","maxspeed":40,"bridge":"F","tunnel":"F"},"geometry":{"type":"LineString","coordinates":[[-74.0164045,40.7047995],[-74.0162714,40.7048091],[-74.0159237,40.7048342],[-74.0158368,40.7048385],[-74.0157692,40.7048391],[-74.015731,40.7048395],[-74.0156503,40.7048371],[-74.015594,40.7048348],[-74.0155498,40.7048308],[-74.0155057,40.704827],[-74.0154195,40.7048148],[-74.0153262,40.7047983],[-74.0152441,40.7047836]]}},{"type":"Feature","properties":{"fclass":"secondary","name":"Park Row","oneway":"F","bridge":"F","tunnel":"F"},"geometry":{"type":"LineString","coordinates":[[-74.0037702,40.7119442],[-74.003832,40.7119256],[-74.0039037,40.7119043],[-74.0040835,40.7118549],[-74.004161,40.7118408],[-74.0042334,40.7118344],[-74.0042999,40.711836],[-74.0043633,40.7118428],[-74.0044378,40.7118566],[-74.0045138,40.711878],[-74.004575,40.7119041],[-74.0046295,40.7119336],[-74.0048738,40.7120699],[-74.0049323,40.7120956],[-74.0049862,40.7121138],[-74.0050495,40.7121318],[-74.0051181,40.7121464],[-74.0051846,40.7121568]]}},{"type":"Feature","properties":{"fclass":"service","name":"Park Row","oneway":"F","bridge":"F","tunnel":"T"},"geometry":{"type":"LineString","coordinates":[[-74.0025705,40.7126602],[-74.0025652,40.7126628],[-74.002636,40.71263],[-74.0027069,40.7125917],[-74.0027673,40.7125551],[-74.0030451,40.7123721]]}},{"type":"Feature","properties":{"fclass":"service","name":"Park Row","oneway":"F","bridge":"F","tunnel":"F"},"geometry":{"type":"LineString","coordinates":[[-74.0030451,40.7123721],[-74.0033644,40.712165],[-74.0035172,40.7120655],[-74.0035732,40.7120331],[-74.0036328,40.7120033],[-74.0036924,40.7119752],[-74.0037702,40.7119442]]}},{"type":"Feature","properties":{"fclass":"primary","name":"Chatham Square","oneway":"F","bridge":"F","tunnel":"F"},"geometry":{"type":"LineString","coordinates":[[-73.9975943,40.7140611],[-73.9976304,40.7140236],[-73.9976713,40.7139869],[-73.9977144,40.7139565],[-73.9977556,40.7139321],[-73.997807,40.7139043],[-73.9978556,40.7138806],[-73.9980742,40.7137811]]}},{"type":"Feature","properties":{"fclass":"primary","name":"Bowery","oneway":"F","bridge":"F","tunnel":"F"},"geometry":{"type":"LineString","coordinates":[[-73.994132,40.7200947],[-73.994002,40.720262],[-73.9939685,40.7203049],[-73.993952,40.7203419],[-73.9937177,40.7209376]]}},{"type":"Feature","properties":{"fclass":"primary","name":"Bowery","oneway":"B","bridge":"F","tunnel":"F"},"geometry":{"type":"LineString","coordinates":[[-73.994132,40.7200947],[-73.9943905,40.7194567],[-73.9948123,40.7184578],[-73.9951207,40.7178299],[-73.99544,40.7172937],[-73.9954864,40.7172158]]}},{"type":"Feature","properties":{"fclass":"primary","name":"The Bowery","oneway":"F","bridge":"F","tunnel":"F"},"geometry":{"type":"LineString","coordinates":[[-73.9934649,40.7216123],[-73.9932042,40.7223416]]}},{"type":"Feature","properties":{"fclass":"primary","name":"Bowery","oneway":"F","bridge":"F","tunnel":"F"},"geometry":{"type":"LineString","coordinates":[[-73.992832,40.7233341],[-73.992581,40.7240035],[-73.9925623,40.7240528]]}},{"type":"Feature","properties":{"fclass":"primary","name":"Bowery","oneway":"F","bridge":"F","tunnel":"F"},"geometry":{"type":"LineString","coordinates":[[-73.9919973,40.7256194],[-73.9917228,40.7263628],[-73.991472,40.7270585]]}},{"type":"Feature","properties":{"fclass":"primary","name":"Cooper Square","oneway":"F","bridge":"F","tunnel":"F"},"geometry":{"type":"LineString","coordinates":[[-73.9907048,40.7283303],[-73.9906198,40.7285321]]}},{"type":"Feature","properties":{"fclass":"primary","name":"Cooper Square","oneway":"F","bridge":"F","tunnel":"F"},"geometry":{"type":"LineString","coordinates":[[-73.991472,40.7270585],[-73.991247,40.7276727],[-73.991219,40.7277093],[-73.9911655,40.7277842]]}},{"type":"Feature","properties":{"fclass":"secondary","name":"Chrystie Street","oneway":"B","bridge":"F","tunnel":"F"},"geometry":{"type":"LineString","coordinates":[[-73.9947223,40.7164963],[-73.9944557,40.7169745],[-73.993828,40.718145],[-73.99336,40.71907],[-73.9929057,40.7199016]]}},{"type":"Feature","properties":{"fclass":"secondary","name":"Chrystie Street","oneway":"F","bridge":"F","tunnel":"F"},"geometry":{"type":"LineString","coordinates":[[-73.9947223,40.7164963],[-73.9947948,40.716361],[-73.9950045,40.7159528],[-73.9949282,40.7158469]]}},{"type":"Feature","properties":{"fclass":"primary","name":"Canal Street","oneway":"F","bridge":"F","tunnel":"F"},"geometry":{"type":"LineString","coordinates":[[-73.9954538,40.7160164],[-73.9955087,40.7160371],[-73.9955637,40.7160605],[-73.9956176,40.7160886],[-73.9956723,40.7161219],[-73.9957219,40.7161515],[-73.9957753,40.7161788],[-73.9958297,40.7162021],[-73.9958945,40.7162271],[-73.9959452,40.716238],[-73.9959919,40.7162446],[-73.9960374,40.7162463],[-73.9960782,40.7162467]]}},{"type":"Feature","properties":{"fclass":"tertiary","name":"West Houston Street","oneway":"F","bridge":"F","tunnel":"F"},"geometry":{"type":"LineString","coordinates":[[-74.0103914,40.7290934],[-74.0105553,40.7291111],[-74.0107671,40.7291341]]}},{"type":"Feature","properties":{"fclass":"tertiary","name":"West Houston Street","oneway":"F","bridge":"F","tunnel":"T"},"geometry":{"type":"LineString","coordinates":[[-74.0094387,40.7289905],[-74.0103914,40.7290934]]}},{"type":"Feature","properties":{"fclass":"pedestrian","oneway":"F","bridge":"F","tunnel":"F"},"geometry":{"type":"LineString","coordinates":[[-74.010706,40.70414],[-74.010531,40.704218],[-74.010366,40.70431],[-74.010216,40.704416],[-74.010084,40.704531],[-74.01007,40.704546],[-74.009747,40.704775]]}},{"type":"Feature","properties":{"fclass":"primary","name":"East Houston Street","oneway":"F","bridge":"F","tunnel":"F"},"geometry":{"type":"LineString","coordinates":[[-73.99538,40.7250317],[-73.9949457,40.7248794],[-73.9942093,40.7246222],[-73.9934974,40.7243769],[-73.9931303,40.7242497]]}},{"type":"Feature","properties":{"fclass":"primary","name":"West Houston Street","oneway":"F","bridge":"F","tunnel":"F"},"geometry":{"type":"LineString","coordinates":[[-74.0028881,40.7282397],[-74.0028163,40.7282487],[-74.0027311,40.7282326],[-74.0025727,40.7281837],[-74.002194,40.7279821],[-74.0014474,40.7276134],[-74.0006671,40.7272467],[-73.9999616,40.7268923],[-73.9991678,40.7264918],[-73.9984031,40.7261225],[-73.9976632,40.725761],[-73.9971002,40.7254618],[-73.9967971,40.7253748]]}},{"type":"Feature","properties":{"fclass":"primary","name":"East Houston Street","oneway":"F","bridge":"F","tunnel":"F"},"geometry":{"type":"LineString","coordinates":[[-73.9885782,40.7228496],[-73.9885637,40.7228452],[-73.9884612,40.7228134],[-73.9879094,40.7226423],[-73.9871645,40.7224092],[-73.9863351,40.7221619]]}},{"type":"Feature","properties":{"fclass":"residential","name":"Mosco Street","oneway":"B","bridge":"F","tunnel":"F"},"geometry":{"type":"LineString","coordinates":[[-73.9987971,40.7145117],[-73.9995925,40.7144649]]}},{"type":"Feature","properties":{"fclass":"residential","name":"Elizabeth Street","oneway":"F","bridge":"F","tunnel":"F"},"geometry":{"type":"LineString","coordinates":[[-73.9977161,40.7153606],[-73.9971947,40.7162134],[-73.9969812,40.7165614],[-73.996327,40.717596],[-73.9959807,40.7181461],[-73.9956862,40.718771],[-73.99526,40.719867],[-73.994969,40.720627],[-73.994706,40.721308],[-73.994153,40.722723],[-73.9934974,40.7243769],[-73.993437,40.7245054],[-73.9930403,40.7254655]]}},{"type":"Feature","properties":{"fclass":"residential","name":"Broome Street","oneway":"F","bridge":"F","tunnel":"F"},"geometry":{"type":"LineString","coordinates":[[-73.9862,40.716899],[-73.9866671,40.7170424],[-73.98704,40.717157],[-73.9875925,40.717323],[-73.987879,40.717409]]}},{"type":"Feature","properties":{"fclass":"footway","oneway":"B","layer":-1,"bridge":"F","tunnel":"T"},"geometry":{"type":"LineString","coordinates":[[-74.0091902,40.7106664],[-74.0077648,40.710241],[-74.0065258,40.7095086]]}},{"type":"Feature","properties":{"fclass":"secondary","name":"Park Row","oneway":"F","bridge":"F","tunnel":"F"},"geometry":{"type":"LineString","coordinates":[[-74.0078826,40.7117727],[-74.0079354,40.7118161],[-74.0079862,40.7118609],[-74.0080394,40.7119117],[-74.0081224,40.7119925]]}},{"type":"Feature","properties":{"fclass":"residential","name":"Chambers Street","oneway":"B","bridge":"F","tunnel":"F"},"geometry":{"type":"LineString","coordinates":[[-74.014069,40.7177121],[-74.014999,40.718124]]}},{"type":"Feature","properties":{"fclass":"residential","name":"Essex Street","oneway":"B","bridge":"F","tunnel":"F"},"geometry":{"type":"LineString","coordinates":[[-73.989155,40.716708],[-73.988671,40.71765],[-73.9884714,40.7180346],[-73.9882932,40.718378],[-73.98825,40.7184613]]}},{"type":"Feature","properties":{"fclass":"secondary","name":"Grand Street","oneway":"B","bridge":"F","tunnel":"F"},"geometry":{"type":"LineString","coordinates":[[-73.989155,40.716708],[-73.9889602,40.7166419]]}},{"type":"Feature","properties":{"fclass":"secondary","name":"Lafayette Street","oneway":"F","bridge":"F","tunnel":"F"},"geometry":{"type":"LineString","coordinates":[[-74.0030272,40.7155919],[-74.0030432,40.7154935],[-74.0031641,40.7147294],[-74.0031728,40.7146958],[-74.0033688,40.7142347],[-74.0034171,40.7141185],[-74.0034478,40.7140395],[-74.0036256,40.7136499]]}},{"type":"Feature","properties":{"fclass":"primary","name":"Pearl Street","oneway":"B","bridge":"F","tunnel":"F"},"geometry":{"type":"LineString","coordinates":[[-74.001657,40.7094916],[-74.002503,40.708846]]}},{"type":"Feature","properties":{"fclass":"primary","name":"Pike Street","oneway":"F","bridge":"F","tunnel":"F"},"geometry":{"type":"LineString","coordinates":[[-73.9922712,40.7124675],[-73.9923665,40.713132],[-73.9923727,40.7131973],[-73.9923868,40.713266],[-73.992434,40.7135286]]}},{"type":"Feature","properties":{"fclass":"residential","name":"Spring Street","oneway":"F","bridge":"F","tunnel":"F"},"geometry":{"type":"LineString","coordinates":[[-73.9971275,40.7223037],[-73.996268,40.721952],[-73.9958546,40.7217827],[-73.995464,40.721619],[-73.994706,40.721308],[-73.9939451,40.7209934],[-73.9938613,40.7209741],[-73.9937177,40.7209376]]}},{"type":"Feature","properties":{"fclass":"unclassified","name":"Washington Street","oneway":"F","bridge":"F","tunnel":"F"},"geometry":{"type":"LineString","coordinates":[[-74.0099015,40.7260807],[-74.0100227,40.7253929],[-74.010035,40.725363],[-74.0100531,40.7253365],[-74.0100907,40.7253004]]}},{"type":"Feature","properties":{"fclass":"unclassified","name":"Washington Street","oneway":"F","bridge":"F","tunnel":"F"},"geometry":{"type":"LineString","coordinates":[[-74.0093501,40.7289809],[-74.009487,40.728263],[-74.009623,40.727557],[-74.0099015,40.7260807]]}},{"type":"Feature","properties":{"fclass":"tertiary","name":"West Houston Street","oneway":"F","bridge":"F","tunnel":"F"},"geometry":{"type":"LineString","coordinates":[[-74.0093501,40.7289809],[-74.0094387,40.7289905]]}},{"type":"Feature","properties":{"fclass":"residential","name":"Worth Street","oneway":"B","bridge":"F","tunnel":"F"},"geometry":{"type":"LineString","coordinates":[[-74.0030272,40.7155919],[-74.0021356,40.7151766]]}},{"type":"Feature","properties":{"fclass":"primary","name":"6th Avenue","oneway":"F","bridge":"F","tunnel":"F"},"geometry":{"type":"LineString","coordinates":[[-74.004031,40.725513],[-74.00373,40.72625],[-74.003445,40.726958],[-74.003155,40.727664],[-74.0030703,40.7278481]]}},{"type":"Feature","properties":{"fclass":"primary","name":"Allen Street","oneway":"F","bridge":"F","tunnel":"F"},"geometry":{"type":"LineString","coordinates":[[-73.9887917,40.7229077],[-73.9888238,40.7228181],[-73.9889846,40.7223658],[-73.98923,40.721677],[-73.9898235,40.7205938],[-73.989857,40.7205327]]}},{"type":"Feature","properties":{"fclass":"primary","name":"Battery Place","oneway":"F","maxspeed":40,"bridge":"F","tunnel":"F"},"geometry":{"type":"LineString","coordinates":[[-74.0142203,40.7046327],[-74.0143304,40.7046674],[-74.0144498,40.7047049],[-74.014548,40.7047332],[-74.0146408,40.704756],[-74.0147268,40.7047758],[-74.014847,40.7048003],[-74.0149772,40.7048266]]}},{"type":"Feature","properties":{"fclass":"residential","name":"Broad Street","oneway":"B","maxspeed":40,"bridge":"F","tunnel":"F"},"geometry":{"type":"LineString","coordinates":[[-74.011505,40.702959],[-74.011156,40.7017938]]}},{"type":"Feature","properties":{"fclass":"secondary","name":"Chrystie Street","oneway":"B","bridge":"F","tunnel":"F"},"geometry":{"type":"LineString","coordinates":[[-73.9910567,40.7235992],[-73.9909944,40.7237253]]}},{"type":"Feature","properties":{"fclass":"primary","name":"East Houston Street","oneway":"F","bridge":"F","tunnel":"F"},"geometry":{"type":"LineString","coordinates":[[-73.9887917,40.7229077],[-73.9886883,40.7228784],[-73.9885782,40.7228496]]}},{"type":"Feature","properties":{"fclass":"primary","name":"East Houston Street","oneway":"F","bridge":"F","tunnel":"F"},"geometry":{"type":"LineString","coordinates":[[-73.9910567,40.7235992],[-73.9909125,40.7235573],[-73.9903053,40.7233779],[-73.9894344,40.72311],[-73.989311,40.7230712]]}},{"type":"Feature","properties":{"fclass":"secondary","name":"Hudson Street","oneway":"F","bridge":"F","tunnel":"F"},"geometry":{"type":"LineString","coordinates":[[-74.008819,40.718642],[-74.008747,40.719029],[-74.008699,40.719296],[-74.0085822,40.7199619],[-74.008466,40.7206456]]}},{"type":"Feature","properties":{"fclass":"secondary","name":"Murray Street","oneway":"B","bridge":"F","tunnel":"F"},"geometry":{"type":"LineString","coordinates":[[-74.0132135,40.7152192],[-74.0135527,40.715273]]}},{"type":"Feature","properties":{"fclass":"primary","name":"Pike Street","oneway":"F","bridge":"F","tunnel":"F"},"geometry":{"type":"LineString","coordinates":[[-73.992566,40.712453],[-73.992457,40.711754],[-73.9924498,40.7117006],[-73.992423,40.7114974],[-73.9923866,40.7113148],[-73.9923285,40.7111374]]}},{"type":"Feature","properties":{"fclass":"residential","name":"South End Avenue","oneway":"B","bridge":"F","tunnel":"F"},"geometry":{"type":"LineString","coordinates":[[-74.017398,40.708457],[-74.0169614,40.7090555],[-74.016765,40.709333],[-74.0166612,40.709491],[-74.0165565,40.7096754],[-74.016466,40.7098598],[-74.0163751,40.7100847]]}},{"type":"Feature","properties":{"fclass":"primary","name":"South Street","oneway":"F","bridge":"F","tunnel":"F"},"geometry":{"type":"LineString","coordinates":[[-74.011156,40.7017938],[-74.0116921,40.701672],[-74.0118517,40.7016387],[-74.0120123,40.7016074],[-74.0124662,40.7015182]]}},{"type":"Feature","properties":{"fclass":"unclassified","name":"Vesey Street","oneway":"B","bridge":"F","tunnel":"F"},"geometry":{"type":"LineString","coordinates":[[-74.0140936,40.7138571],[-74.01417,40.713888],[-74.0151432,40.7143219],[-74.0161816,40.7147844]]}},{"type":"Feature","properties":{"fclass":"primary","name":"Water Street","oneway":"B","bridge":"F","tunnel":"F"},"geometry":{"type":"LineString","coordinates":[[-74.011505,40.702959],[-74.0103882,40.7032421],[-74.0102042,40.7032931],[-74.0101314,40.7033259],[-74.0089635,40.7040838],[-74.008789,40.704211]]}},{"type":"Feature","properties":{"fclass":"trunk","name":"West Street","ref":"NY 9A","oneway":"F","maxspeed":56,"bridge":"F","tunnel":"F"},"geometry":{"type":"LineString","coordinates":[[-74.0146456,40.7111301],[-74.0150378,40.7098348]]}},{"type":"Feature","properties":{"fclass":"trunk","name":"West Street","ref":"NY 9A","oneway":"F","bridge":"F","tunnel":"F"},"geometry":{"type":"LineString","coordinates":[[-74.0123245,40.7190475],[-74.012299,40.719162],[-74.0120686,40.7201945],[-74.0120425,40.7203103]]}},{"type":"Feature","properties":{"fclass":"trunk","name":"West Street","ref":"NY 9A","oneway":"F","maxspeed":56,"bridge":"F","tunnel":"F"},"geometry":{"type":"LineString","coordinates":[[-74.0139334,40.7138012],[-74.0142218,40.7128719],[-74.0142627,40.7127323],[-74.0143037,40.7125902],[-74.0144656,40.7119515],[-74.0144882,40.7118562],[-74.0145161,40.7117365],[-74.0145652,40.7115151],[-74.0146456,40.7111301]]}},{"type":"Feature","properties":{"fclass":"trunk","name":"West Street","ref":"NY 9A","oneway":"F","bridge":"F","tunnel":"F"},"geometry":{"type":"LineString","coordinates":[[-74.0132135,40.7152192],[-74.0131126,40.71566],[-74.0130407,40.715966]]}},{"type":"Feature","properties":{"fclass":"trunk","name":"West Street","ref":"NY 9A","oneway":"F","bridge":"F","tunnel":"F"},"geometry":{"type":"LineString","coordinates":[[-74.0127587,40.7171144],[-74.012351,40.7189293],[-74.0123245,40.7190475]]}},{"type":"Feature","properties":{"fclass":"trunk","name":"West Street","ref":"NY 9A","oneway":"F","maxspeed":56,"bridge":"F","tunnel":"F"},"geometry":{"type":"LineString","coordinates":[[-74.0144343,40.7110326],[-74.0144063,40.7110975],[-74.01438,40.7111713],[-74.0143596,40.7112501],[-74.0140575,40.7126638],[-74.0140379,40.7127437],[-74.014013,40.7128271],[-74.0139828,40.7129155],[-74.0138364,40.7133068],[-74.0137241,40.7135885],[-74.0136812,40.7137088]]}},{"type":"Feature","properties":{"fclass":"residential","name":"West Thames Street","oneway":"B","bridge":"F","tunnel":"F"},"geometry":{"type":"LineString","coordinates":[[-74.017398,40.708457],[-74.0175171,40.70851],[-74.0180548,40.7087487],[-74.0181385,40.7087859]]}},{"type":"Feature","properties":{"fclass":"residential","name":"West Thames Street","oneway":"B","bridge":"F","tunnel":"F"},"geometry":{"type":"LineString","coordinates":[[-74.016626,40.708134],[-74.0172734,40.7084049],[-74.017398,40.708457]]}},{"type":"Feature","properties":{"fclass":"primary","name":"2nd Avenue","oneway":"F","bridge":"F","tunnel":"F"},"geometry":{"type":"LineString","coordinates":[[-73.9909044,40.7241854],[-73.9911844,40.7238898],[-73.9912601,40.7238048]]}},{"type":"Feature","properties":{"fclass":"secondary","name":"Canal Street","oneway":"B","bridge":"F","tunnel":"F"},"geometry":{"type":"LineString","coordinates":[[-73.9911306,40.7146683],[-73.9918892,40.7148987],[-73.9923741,40.7150548]]}},{"type":"Feature","properties":{"fclass":"residential","name":"Ludlow Street","oneway":"F","bridge":"F","tunnel":"F"},"geometry":{"type":"LineString","coordinates":[[-73.9911306,40.7146683],[-73.9912215,40.7145143],[-73.9912886,40.714487]]}},{"type":"Feature","properties":{"fclass":"primary","name":"Bowery","oneway":"F","bridge":"F","tunnel":"F"},"geometry":{"type":"LineString","coordinates":[[-73.9974921,40.7139962],[-73.9974447,40.7140458],[-73.9974136,40.714086]]}},{"type":"Feature","properties":{"fclass":"secondary","name":"Broadway","oneway":"F","maxspeed":40,"bridge":"F","tunnel":"F"},"geometry":{"type":"LineString","coordinates":[[-74.006753,40.713618],[-74.0072253,40.7130447],[-74.0075883,40.7126272],[-74.0076722,40.7125287],[-74.0081224,40.7119925]]}},{"type":"Feature","properties":{"fclass":"secondary","name":"Broadway","oneway":"F","maxspeed":40,"bridge":"F","tunnel":"F"},"geometry":{"type":"LineString","coordinates":[[-74.006304,40.7141733],[-74.0067046,40.7136777],[-74.006753,40.713618]]}},{"type":"Feature","properties":{"fclass":"primary","name":"Chatham Square","oneway":"F","bridge":"F","tunnel":"F"},"geometry":{"type":"LineString","coordinates":[[-73.9985204,40.713443],[-73.997981,40.7136728]]}},{"type":"Feature","properties":{"fclass":"residential","name":"East 8th Street","oneway":"F","bridge":"F","tunnel":"F"},"geometry":{"type":"LineString","coordinates":[[-73.9906942,40.7298885],[-73.990588,40.7298431],[-73.9904134,40.7297698],[-73.9902112,40.7296852]]}},{"type":"Feature","properties":{"fclass":"secondary","name":"East Broadway","oneway":"B","bridge":"F","tunnel":"F"},"geometry":{"type":"LineString","coordinates":[[-73.9902009,40.714051],[-73.9893356,40.7141236],[-73.9886963,40.7141772],[-73.987158,40.7143064]]}},{"type":"Feature","properties":{"fclass":"secondary","name":"East Broadway","oneway":"B","bridge":"F","tunnel":"F"},"geometry":{"type":"LineString","coordinates":[[-73.9977831,40.7135026],[-73.9977468,40.7134806],[-73.9977088,40.7134635],[-73.9976732,40.7134529],[-73.9976343,40.7134472],[-73.9975861,40.7134474],[-73.9975361,40.7134498],[-73.9973668,40.7134633],[-73.9972984,40.7134687]]}},{"type":"Feature","properties":{"fclass":"unclassified","name":"North End Avenue","oneway":"F","bridge":"F","tunnel":"F"},"geometry":{"type":"LineString","coordinates":[[-74.014296,40.716992],[-74.0138438,40.7176124]]}},{"type":"Feature","properties":{"fclass":"residential","name":"Warren Street","oneway":"B","bridge":"F","tunnel":"F"},"geometry":{"type":"LineString","coordinates":[[-74.014296,40.716992],[-74.0134541,40.7166166],[-74.0134021,40.716594],[-74.0133557,40.7165757]]}},{"type":"Feature","properties":{"fclass":"footway","oneway":"B","bridge":"F","tunnel":"F"},"geometry":{"type":"LineString","coordinates":[[-74.0061488,40.7301644],[-74.0061594,40.7300848],[-74.0061643,40.7300273],[-74.006041,40.7299094],[-74.006106,40.7295001],[-74.0061167,40.7294238]]}},{"type":"Feature","properties":{"fclass":"footway","name":"Schwartz Plaza","oneway":"B","bridge":"F","tunnel":"F"},"geometry":{"type":"LineString","coordinates":[[-73.9971088,40.7289271],[-73.9966145,40.7295094]]}},{"type":"Feature","properties":{"fclass":"footway","oneway":"B","bridge":"F","tunnel":"F"},"geometry":{"type":"LineString","coordinates":[[-73.9969601,40.7312006],[-73.9969065,40.7311773],[-73.9968014,40.7311142],[-73.9967335,40.7310734],[-73.996586,40.7309575],[-73.9963876,40.730863],[-73.9962306,40.7308071],[-73.9961686,40.7307619],[-73.9960577,40.7306388],[-73.9960738,40.7304901],[-73.996148,40.7303802],[-73.9962483,40.7302321],[-73.9963782,40.7301093],[-73.9964848,40.7300338],[-73.9965726,40.7299964],[-73.9966856,40.7299466],[-73.996801,40.7299486],[-73.9969444,40.7299573],[-73.9970992,40.7299982],[-73.9972716,40.7300694],[-73.9973278,40.730118],[-73.9973748,40.7301716],[-73.9974303,40.7302184],[-73.9975268,40.7302625],[-73.9975934,40.730282],[-73.9977103,40.7303203],[-73.9977997,40.7303563],[-73.997948,40.7304222],[-73.9980653,40.7305051],[-73.9981168,40.7305781],[-73.9981517,40.7306717],[-73.9982001,40.730754],[-73.9982658,40.7308069],[-73.9983516,40.7308433],[-73.9984454,40.7308556],[-73.998533,40.7308465],[-73.9985826,40.7308413],[-73.99869,40.7308338],[-73.9987616,40.730842],[-73.9988722,40.7308873],[-73.9989728,40.7309526],[-73.9990032,40.7309821],[-73.9990174,40.7310097],[-73.9990273,40.7310352],[-73.9990355,40.7310573]]}},{"type":"Feature","properties":{"fclass":"footway","oneway":"B","bridge":"F","tunnel":"F"},"geometry":{"type":"LineString","coordinates":[[-74.0148575,40.7017014],[-74.0146773,40.7016268],[-74.0143872,40.7015217],[-74.0142224,40.701455],[-74.0140309,40.701351]]}},{"type":"Feature","properties":{"fclass":"cycleway","name":"North Cove","oneway":"B","bridge":"F","tunnel":"F"},"geometry":{"type":"LineString","coordinates":[[-74.016609,40.7120861],[-74.0166097,40.7120172],[-74.0165785,40.7119387],[-74.0164653,40.7118717],[-74.0160037,40.7116802],[-74.015843,40.7116208],[-74.0158154,40.7115944],[-74.0158085,40.7115653]]}},{"type":"Feature","properties":{"fclass":"pedestrian","oneway":"B","bridge":"F","tunnel":"F"},"geometry":{"type":"LineString","coordinates":[[-73.9975579,40.7217218],[-73.9975227,40.721765],[-73.9975072,40.7217578],[-73.9974858,40.7217811],[-73.997502,40.7217905],[-73.9974772,40.721821],[-73.9974566,40.721813],[-73.9974082,40.7218655],[-73.9973996,40.7218737],[-73.9973897,40.7218761],[-73.9973788,40.721872],[-73.9973757,40.7218653],[-73.9973771,40.7218562],[-73.9974511,40.7216593],[-73.9974617,40.7216499],[-73.9974833,40.7216433],[-73.997498,40.7216438],[-73.997521,40.7216117],[-73.997559,40.7216254],[-73.997544,40.7216553],[-73.9975596,40.7216659],[-73.9975662,40.7216836],[-73.9975622,40.7216977],[-73.9975478,40.7217136],[-73.9975579,40.7217218]]}},{"type":"Feature","properties":{"fclass":"footway","oneway":"B","bridge":"F","tunnel":"F"},"geometry":{"type":"LineString","coordinates":[[-74.0173424,40.7149316],[-74.0173924,40.7149273]]}},{"type":"Feature","properties":{"fclass":"footway","oneway":"B","bridge":"F","tunnel":"F"},"geometry":{"type":"LineString","coordinates":[[-74.0120636,40.7045443],[-74.0115607,40.7045513]]}},{"type":"Feature","properties":{"fclass":"footway","oneway":"B","bridge":"F","tunnel":"F"},"geometry":{"type":"LineString","coordinates":[[-74.0085265,40.7050529],[-74.0081106,40.7046827]]}},{"type":"Feature","properties":{"fclass":"residential","name":"Rivington Street","oneway":"F","bridge":"F","tunnel":"F"},"geometry":{"type":"LineString","coordinates":[[-73.989857,40.7205327],[-73.989946,40.7205597],[-73.9906286,40.7207666],[-73.9915037,40.721032]]}},{"type":"Feature","properties":{"fclass":"residential","name":"Rivington Street","oneway":"F","bridge":"F","tunnel":"F"},"geometry":{"type":"LineString","coordinates":[[-73.9896204,40.720461],[-73.989681,40.7204793],[-73.9897246,40.7204926],[-73.9897774,40.7205086],[-73.989857,40.7205327]]}},{"type":"Feature","properties":{"fclass":"primary","name":"Allen Street","oneway":"F","bridge":"F","tunnel":"F"},"geometry":{"type":"LineString","coordinates":[[-73.9902047,40.7192589],[-73.9896443,40.7204142],[-73.9896204,40.720461]]}},{"type":"Feature","properties":{"fclass":"primary","name":"Delancey Street","oneway":"F","bridge":"F","tunnel":"F"},"geometry":{"type":"LineString","coordinates":[[-73.9902047,40.7192589],[-73.9902833,40.7192854],[-73.9903934,40.7193201],[-73.9904721,40.719345],[-73.9912392,40.719571],[-73.9921015,40.7198246],[-73.9923165,40.719891]]}},{"type":"Feature","properties":{"fclass":"primary","name":"Allen Street","oneway":"F","bridge":"F","tunnel":"F"},"geometry":{"type":"LineString","coordinates":[[-73.9896204,40.720461],[-73.9895877,40.7205251],[-73.988998,40.7215997],[-73.988798,40.7221608],[-73.9886785,40.722535]]}},{"type":"Feature","properties":{"fclass":"primary","name":"Delancey Street","oneway":"F","bridge":"F","tunnel":"F"},"geometry":{"type":"LineString","coordinates":[[-73.9905492,40.7191935],[-73.990471,40.719168],[-73.9904083,40.7191479],[-73.9903611,40.7191328],[-73.990284,40.7191088],[-73.9898117,40.7189506],[-73.9893102,40.7187887]]}},{"type":"Feature","properties":{"fclass":"primary","name":"Allen Street","oneway":"F","bridge":"F","tunnel":"F"},"geometry":{"type":"LineString","coordinates":[[-73.989857,40.7205327],[-73.9898813,40.7204853],[-73.9904721,40.719345],[-73.9905492,40.7191935]]}},{"type":"Feature","properties":{"fclass":"secondary","name":"Barclay Street","oneway":"F","maxspeed":40,"bridge":"F","tunnel":"F"},"geometry":{"type":"LineString","coordinates":[[-74.009667,40.712736],[-74.010996,40.7133365],[-74.0116215,40.7136222],[-74.0123386,40.7139475],[-74.0134177,40.7144375]]}},{"type":"Feature","properties":{"fclass":"trunk","name":"West Street","oneway":"F","maxspeed":56,"bridge":"F","tunnel":"F"},"geometry":{"type":"LineString","coordinates":[[-74.0157753,40.7077457],[-74.0158147,40.7076497],[-74.016012,40.70716]]}},{"type":"Feature","properties":{"fclass":"primary","name":"Chatham Square","oneway":"F","bridge":"F","tunnel":"F"},"geometry":{"type":"LineString","coordinates":[[-73.9980742,40.7137811],[-73.998681,40.7135191]]}},{"type":"Feature","properties":{"fclass":"secondary","name":"Church Street","oneway":"F","bridge":"F","tunnel":"F"},"geometry":{"type":"LineString","coordinates":[[-74.0088462,40.7138056],[-74.0084008,40.7143685],[-74.007952,40.7149351]]}},{"type":"Feature","properties":{"fclass":"secondary","name":"Murray Street","oneway":"F","bridge":"F","tunnel":"F"},"geometry":{"type":"LineString","coordinates":[[-74.0088462,40.7138056],[-74.0090911,40.7139134],[-74.0098224,40.7142445],[-74.010128,40.714383]]}},{"type":"Feature","properties":{"fclass":"trunk","name":"West Street","ref":"NY 9A","oneway":"F","maxspeed":56,"bridge":"F","tunnel":"F"},"geometry":{"type":"LineString","coordinates":[[-74.0135527,40.715273],[-74.0135795,40.71515],[-74.0135986,40.715049],[-74.0137212,40.7144848],[-74.0137492,40.7143765],[-74.0137784,40.7142696],[-74.013814,40.7141549],[-74.0139334,40.7138012]]}},{"type":"Feature","properties":{"fclass":"trunk","name":"West Street","ref":"NY 9A","oneway":"F","bridge":"F","tunnel":"F"},"geometry":{"type":"LineString","coordinates":[[-74.012933,40.7164233],[-74.0127587,40.7171144]]}},{"type":"Feature","properties":{"fclass":"secondary","name":"Broadway","oneway":"F","maxspeed":40,"bridge":"F","tunnel":"F"},"geometry":{"type":"LineString","coordinates":[[-74.0086337,40.7113899],[-74.009063,40.710887],[-74.009474,40.710413],[-74.009543,40.710327],[-74.009988,40.709806],[-74.010542,40.709154],[-74.010846,40.708797],[-74.011012,40.708594],[-74.011248,40.708304],[-74.011703,40.707756],[-74.011947,40.707452],[-74.012508,40.706767],[-74.0132405,40.7058712],[-74.013792,40.70527],[-74.013901,40.70513],[-74.013985,40.704998],[-74.014067,40.704837],[-74.0141583,40.7046964],[-74.0142203,40.7046327]]}},{"type":"Feature","properties":{"fclass":"secondary","name":"Church Street","oneway":"F","bridge":"F","tunnel":"F"},"geometry":{"type":"LineString","coordinates":[[-74.009667,40.712736],[-74.0092661,40.7132584],[-74.0090151,40.7135856],[-74.0088462,40.7138056]]}},{"type":"Feature","properties":{"fclass":"primary","name":"Pike Street","oneway":"F","bridge":"F","tunnel":"F"},"geometry":{"type":"LineString","coordinates":[[-73.992495,40.7138684],[-73.9925137,40.7139784]]}},{"type":"Feature","properties":{"fclass":"residential","name":"Chambers Street","oneway":"B","bridge":"F","tunnel":"F"},"geometry":{"type":"LineString","coordinates":[[-74.0131641,40.7172994],[-74.0138438,40.7176124],[-74.014069,40.7177121]]}},{"type":"Feature","properties":{"fclass":"secondary","name":"Chambers Street","oneway":"B","bridge":"F","tunnel":"F"},"geometry":{"type":"LineString","coordinates":[[-74.0122034,40.7168623],[-74.0125902,40.7170378],[-74.0127587,40.7171144]]}},{"type":"Feature","properties":{"fclass":"pedestrian","name":"City Hall Park Greenway","oneway":"B","bridge":"F","tunnel":"F"},"geometry":{"type":"LineString","coordinates":[[-74.006753,40.713618],[-74.0065976,40.7135245],[-74.0063063,40.7133526],[-74.006134,40.7133075],[-74.0060619,40.713268],[-74.0058568,40.7131283],[-74.0056977,40.7130642],[-74.0054474,40.7129788],[-74.0052706,40.7128866],[-74.0049871,40.7127966],[-74.0049085,40.7125342],[-74.0048445,40.7124759]]}},{"type":"Feature","properties":{"fclass":"secondary","name":"Grand Street","oneway":"B","bridge":"F","tunnel":"F"},"geometry":{"type":"LineString","coordinates":[[-73.993095,40.717922],[-73.99222,40.717658],[-73.991422,40.717418],[-73.991351,40.717398],[-73.9913193,40.717389],[-73.9912744,40.7173763],[-73.991176,40.717343]]}},{"type":"Feature","properties":{"fclass":"unclassified","name":"Greenwich Street","oneway":"F","bridge":"F","tunnel":"F"},"geometry":{"type":"LineString","coordinates":[[-74.010784,40.716915],[-74.0109453,40.7162912]]}},{"type":"Feature","properties":{"fclass":"pedestrian","name":"Stanton Street","oneway":"F","bridge":"F","tunnel":"F"},"geometry":{"type":"LineString","coordinates":[[-73.98923,40.721677],[-73.9891854,40.7216617],[-73.9890931,40.7216302],[-73.988998,40.7215997]]}},{"type":"Feature","properties":{"fclass":"residential","name":"Albany Street","oneway":"B","maxspeed":40,"bridge":"F","tunnel":"F"},"geometry":{"type":"LineString","coordinates":[[-74.0163751,40.7100847],[-74.017553,40.7103718]]}},{"type":"Feature","properties":{"fclass":"residential","name":"Albany Street","oneway":"B","maxspeed":40,"bridge":"F","tunnel":"F"},"geometry":{"type":"LineString","coordinates":[[-74.0152163,40.7098422],[-74.0152991,40.7098508],[-74.0153533,40.7098584],[-74.015418,40.7098688],[-74.015493,40.7098843],[-74.0163751,40.7100847]]}},{"type":"Feature","properties":{"fclass":"footway","name":"Battery Park City Greenway","oneway":"B","bridge":"F","tunnel":"F"},"geometry":{"type":"LineString","coordinates":[[-74.0170707,40.7047356],[-74.017227,40.7047746],[-74.017306,40.7047969],[-74.0173821,40.7048264],[-74.017487,40.704875],[-74.017549,40.7049132],[-74.0177117,40.7050312],[-74.0177574,40.7050693],[-74.0178135,40.7051208],[-74.0178481,40.7051627],[-74.0178886,40.7052122],[-74.017914,40.7052443],[-74.017938,40.7052787]]}},{"type":"Feature","properties":{"fclass":"footway","name":"Battery Park City Greenway","oneway":"B","bridge":"F","tunnel":"F"},"geometry":{"type":"LineString","coordinates":[[-74.0192018,40.7057681],[-74.0191012,40.7057621],[-74.0190194,40.7057091],[-74.0189428,40.7056691],[-74.0189082,40.7056561],[-74.0188528,40.7056436],[-74.018718,40.7056157],[-74.018653,40.7055954],[-74.018636,40.7055855],[-74.0185991,40.7055642],[-74.0184825,40.7054575],[-74.0183762,40.7053878],[-74.0182135,40.7053058],[-74.0181277,40.7052761],[-74.0180931,40.7052687],[-74.0180624,40.7052646],[-74.0180341,40.7052646],[-74.0179788,40.705271],[-74.017938,40.7052787]]}},{"type":"Feature","properties":{"fclass":"footway","oneway":"B","bridge":"F","tunnel":"F"},"geometry":{"type":"LineString","coordinates":[[-74.014029,40.7022354],[-74.0141183,40.7022344],[-74.0142591,40.7022286],[-74.0143651,40.7022154],[-74.0144626,40.702161],[-74.0145265,40.7020966],[-74.0148063,40.7017979],[-74.014859,40.7017735],[-74.0148682,40.7017562]]}},{"type":"Feature","properties":{"fclass":"footway","oneway":"B","bridge":"F","tunnel":"F"},"geometry":{"type":"LineString","coordinates":[[-74.014999,40.701781],[-74.0150467,40.7017964],[-74.015064,40.7018261],[-74.0151012,40.701925],[-74.0151464,40.7020023],[-74.0152177,40.7020737],[-74.0152948,40.702128],[-74.015415,40.7021938],[-74.0155315,40.7022495],[-74.015616,40.702311],[-74.0156987,40.7024195],[-74.015731,40.7024414],[-74.0157877,40.7024801],[-74.0159261,40.7025503],[-74.0160407,40.702606],[-74.0161434,40.7027088],[-74.016175,40.7027504],[-74.0162235,40.7028404],[-74.0162937,40.7030291],[-74.0163614,40.703186],[-74.0161831,40.7033629],[-74.0161643,40.7033978],[-74.016164,40.7034434],[-74.0162566,40.703579],[-74.016357,40.7037346],[-74.016444,40.7038581],[-74.0164442,40.7038887],[-74.0164192,40.703986],[-74.0163241,40.7041041],[-74.016309,40.7041784],[-74.0163341,40.7043213],[-74.0163495,40.7044284],[-74.016389,40.7046263]]}},{"type":"Feature","properties":{"fclass":"footway","oneway":"B","bridge":"F","tunnel":"F"},"geometry":{"type":"LineString","coordinates":[[-74.0148583,40.7017389],[-74.0148546,40.7017203],[-74.0148575,40.7017014],[-74.0148704,40.7016793],[-74.0148922,40.7016616],[-74.0149204,40.7016504],[-74.0149521,40.7016469],[-74.0149834,40.7016515],[-74.015011,40.7016636],[-74.0150318,40.7016821],[-74.0150428,40.701703],[-74.0150448,40.7017255],[-74.0150375,40.7017474],[-74.0150217,40.7017665],[-74.014999,40.701781],[-74.0149713,40.7017894],[-74.0149415,40.701791],[-74.0149126,40.7017854],[-74.0148874,40.7017735],[-74.0148682,40.7017562],[-74.0148583,40.7017389]]}},{"type":"Feature","properties":{"fclass":"cycleway","name":"Catherine Slip","oneway":"B","bridge":"F","tunnel":"F"},"geometry":{"type":"LineString","coordinates":[[-73.9960642,40.709204],[-73.9960165,40.7090376]]}},{"type":"Feature","properties":{"fclass":"cycleway","name":"Hudson River Greenway","oneway":"B","bridge":"F","tunnel":"F"},"geometry":{"type":"LineString","coordinates":[[-74.0152163,40.7098422],[-74.0154169,40.7090771],[-74.0158586,40.7079032],[-74.0158978,40.7077967],[-74.015929,40.7077105],[-74.0160985,40.7072926],[-74.0162346,40.7070485],[-74.0163633,40.7067039],[-74.0164464,40.706429],[-74.0164715,40.7063378],[-74.0167088,40.7057288],[-74.0170022,40.704953],[-74.0170357,40.7048437],[-74.0170707,40.7047356]]}},{"type":"Feature","properties":{"fclass":"cycleway","name":"Market Slip","oneway":"B","bridge":"F","tunnel":"F"},"geometry":{"type":"LineString","coordinates":[[-73.9940004,40.7092995],[-73.9940064,40.7093704],[-73.994026,40.7095139]]}},{"type":"Feature","properties":{"fclass":"cycleway","name":"North Cove","oneway":"B","bridge":"F","tunnel":"F"},"geometry":{"type":"LineString","coordinates":[[-74.0162326,40.7134697],[-74.0169421,40.7138252],[-74.0167836,40.7139989]]}},{"type":"Feature","properties":{"fclass":"cycleway","name":"Old Slip","oneway":"B","bridge":"F","tunnel":"F"},"geometry":{"type":"LineString","coordinates":[[-74.0076012,40.7031527],[-74.0076856,40.7032318]]}},{"type":"Feature","properties":{"fclass":"cycleway","name":"Battery Park Greenway","oneway":"B","bridge":"F","tunnel":"F"},"geometry":{"type":"LineString","coordinates":[[-74.014029,40.7022354],[-74.0139515,40.7022373],[-74.0138825,40.7022389],[-74.0136733,40.702251],[-74.0130536,40.7022792],[-74.0130191,40.702276]]}},{"type":"Feature","properties":{"fclass":"cycleway","name":"Robert F Wagner Senior Place","oneway":"B","bridge":"F","tunnel":"F"},"geometry":{"type":"LineString","coordinates":[[-73.9985898,40.7084367],[-73.9986523,40.7084586],[-73.99872,40.7084792],[-73.9987756,40.708496],[-73.9989139,40.7085386],[-73.9990087,40.7085585]]}},{"type":"Feature","properties":{"fclass":"residential","name":"South End Avenue","oneway":"B","bridge":"F","tunnel":"F"},"geometry":{"type":"LineString","coordinates":[[-74.0163751,40.7100847],[-74.0159875,40.7110975],[-74.0158085,40.7115653]]}},{"type":"Feature","properties":{"fclass":"primary","name":"South Street","oneway":"B","bridge":"F","tunnel":"F"},"geometry":{"type":"LineString","coordinates":[[-74.0062888,40.7042568],[-74.0060892,40.7043769],[-74.0060358,40.7044089],[-74.0054084,40.7048198],[-74.0048883,40.7051545],[-74.0047521,40.7052371],[-74.0044746,40.7054111],[-74.0041824,40.7055923],[-74.0038615,40.7057934]]}},{"type":"Feature","properties":{"fclass":"primary","name":"South Street","oneway":"B","bridge":"F","tunnel":"F"},"geometry":{"type":"LineString","coordinates":[[-74.0038615,40.7057934],[-74.0036103,40.705953],[-74.0034588,40.7060468],[-74.0033471,40.7061113],[-74.0031771,40.7062072],[-74.0023124,40.7066963],[-74.0013072,40.7072755],[-74.001017,40.7074385],[-74.0008621,40.7075213],[-74.0001126,40.707892]]}},{"type":"Feature","properties":{"fclass":"unclassified","name":"Washington Street","oneway":"F","bridge":"F","tunnel":"F"},"geometry":{"type":"LineString","coordinates":[[-74.008051,40.7393803],[-74.008103,40.738759],[-74.008154,40.738142],[-74.008206,40.737554],[-74.008254,40.736961],[-74.008322,40.736188],[-74.00837,40.735506],[-74.008436,40.734791],[-74.008462,40.734477],[-74.008491,40.734094],[-74.008554,40.733401],[-74.0086061,40.7326715],[-74.008784,40.731873],[-74.0089251,40.7311535],[-74.00907,40.730434],[-74.0092081,40.7297049],[-74.0093501,40.7289809]]}},{"type":"Feature","properties":{"fclass":"footway","oneway":"B","bridge":"F","tunnel":"F"},"geometry":{"type":"LineString","coordinates":[[-74.0187564,40.7065461],[-74.0186736,40.7066721]]}},{"type":"Feature","properties":{"fclass":"service","oneway":"F","bridge":"F","tunnel":"F"},"geometry":{"type":"LineString","coordinates":[[-74.010942,40.7291525],[-74.0110391,40.7291973],[-74.0111236,40.7291998],[-74.0111884,40.7291684],[-74.011214,40.728967],[-74.011223,40.728867],[-74.0111963,40.7288236]]}},{"type":"Feature","properties":{"fclass":"footway","oneway":"B","bridge":"F","tunnel":"F"},"geometry":{"type":"LineString","coordinates":[[-74.016175,40.7027504],[-74.016329,40.7026447],[-74.0164816,40.7025726],[-74.016621,40.70254],[-74.0168371,40.7025087]]}},{"type":"Feature","properties":{"fclass":"footway","name":"1st Place","oneway":"B","bridge":"F","tunnel":"F"},"geometry":{"type":"LineString","coordinates":[[-74.0187564,40.7065461],[-74.0188396,40.7065154],[-74.018977,40.7064525],[-74.0190238,40.7064161],[-74.0190544,40.7063856],[-74.019072,40.7063617],[-74.0190873,40.7063318],[-74.0190976,40.7063054],[-74.019106,40.7062713],[-74.0191118,40.7062232],[-74.0191064,40.7061798],[-74.0190787,40.7061067],[-74.0190519,40.7060384],[-74.019041,40.7059731],[-74.0190407,40.7059424],[-74.019046,40.7059086],[-74.0190618,40.7058728],[-74.0190811,40.7058389],[-74.0191053,40.7058087],[-74.0192018,40.7057681]]}},{"type":"Feature","properties":{"fclass":"footway","oneway":"B","layer":1,"bridge":"F","tunnel":"F"},"geometry":{"type":"LineString","coordinates":[[-74.012401,40.7013586],[-74.0124946,40.7013375],[-74.0126998,40.7012999],[-74.0127278,40.7012947],[-74.013026,40.7005491]]}},{"type":"Feature","properties":{"fclass":"cycleway","name":"1st Avenue cycle track","oneway":"F","bridge":"F","tunnel":"F"},"geometry":{"type":"LineString","coordinates":[[-73.988451,40.723277],[-73.988464,40.7233614],[-73.9884741,40.7234148],[-73.9881043,40.7239575],[-73.9880825,40.7239895],[-73.987623,40.7246029],[-73.9876047,40.7246272],[-73.9871664,40.7252332],[-73.9871571,40.7252461],[-73.9867381,40.7258228],[-73.9867261,40.7258394],[-73.9863053,40.7264217],[-73.9862823,40.7264537],[-73.9858681,40.727012],[-73.9858542,40.7270307],[-73.9854277,40.7276267],[-73.985415,40.7276445],[-73.9849891,40.7282216],[-73.9849775,40.7282373],[-73.9845525,40.7288174],[-73.9845454,40.728827],[-73.9841193,40.7294089],[-73.9841116,40.7294196],[-73.9836611,40.7300406],[-73.9836438,40.7300645],[-73.9831958,40.7306807],[-73.9831801,40.7307023],[-73.9827651,40.7312654],[-73.9827374,40.7313042],[-73.9826672,40.7314023],[-73.982608,40.7314845],[-73.9822476,40.7319852],[-73.9822172,40.7320274],[-73.98218,40.732079],[-73.982131,40.7321457],[-73.9817824,40.7326159],[-73.9817581,40.7326527],[-73.9817083,40.7327234],[-73.9816573,40.7327911],[-73.9813284,40.7332498],[-73.981304,40.733284],[-73.9812868,40.733308],[-73.9812474,40.7333635],[-73.9809396,40.7337945],[-73.9809108,40.7338365],[-73.9808638,40.7339025],[-73.9808261,40.7339557],[-73.9804902,40.7344058],[-73.9804734,40.7344272],[-73.9804325,40.7344791],[-73.9803899,40.734537],[-73.9800696,40.7349714],[-73.9800414,40.7350135],[-73.9799962,40.7350684],[-73.9799588,40.7351213],[-73.9796465,40.73554],[-73.9796067,40.7355913],[-73.9795702,40.7356379],[-73.9795212,40.7357053],[-73.9791835,40.7361834],[-73.979163,40.7362105],[-73.9791354,40.7362507],[-73.9790808,40.736326],[-73.9787404,40.7368096],[-73.978716,40.7368412],[-73.9786506,40.73693],[-73.9785731,40.737038],[-73.978222,40.7375278],[-73.9781676,40.7376035],[-73.977778,40.7381119],[-73.9777055,40.7382147],[-73.977636,40.7383025],[-73.9775596,40.7383586],[-73.9772942,40.7387227],[-73.9772643,40.7387673],[-73.9772374,40.7388332],[-73.9772008,40.7389051],[-73.976872,40.7393644],[-73.9767974,40.7394516],[-73.9763958,40.7400092],[-73.9763467,40.7400776],[-73.9759688,40.7406034],[-73.9759108,40.740688],[-73.9754965,40.7412485],[-73.9754438,40.7413215],[-73.9748286,40.7421732],[-73.974799,40.7422148],[-73.974398,40.7427762],[-73.9741925,40.7430644],[-73.974134,40.7431455],[-73.9737274,40.7436854],[-73.9736921,40.7437338],[-73.9736228,40.7438288],[-73.9735456,40.7439329],[-73.9732128,40.7443857],[-73.9731844,40.7444256],[-73.973126,40.7445076],[-73.9730891,40.7445574],[-73.9727567,40.7450057],[-73.9727268,40.7450469],[-73.9726705,40.7451239],[-73.9726296,40.7451807],[-73.9722962,40.7456446],[-73.9722368,40.7457272]]}},{"type":"Feature","properties":{"fclass":"primary","name":"Delancey Street","oneway":"F","bridge":"F","tunnel":"F"},"geometry":{"type":"LineString","coordinates":[[-73.98825,40.7184613],[-73.9881373,40.7184268],[-73.9874601,40.7182205],[-73.986636,40.7179347],[-73.9861845,40.7177656]]}},{"type":"Feature","properties":{"fclass":"residential","name":"Essex Street","oneway":"B","bridge":"F","tunnel":"F"},"geometry":{"type":"LineString","coordinates":[[-73.98825,40.7184613],[-73.9881682,40.7186193]]}},{"type":"Feature","properties":{"fclass":"pedestrian","name":"Pedestrian Plaza at Ludlow and Canal","oneway":"B","bridge":"F","tunnel":"F"},"geometry":{"type":"LineString","coordinates":[[-73.991167,40.7145272],[-73.9912032,40.7144894],[-73.9912721,40.7144498],[-73.9907442,40.7144834],[-73.9909736,40.7145497],[-73.990983,40.7145356],[-73.991167,40.7145272]]}},{"type":"Feature","properties":{"fclass":"pedestrian","oneway":"B","bridge":"F","tunnel":"F"},"geometry":{"type":"LineString","coordinates":[[-74.0018792,40.7295269],[-74.0019311,40.7294642],[-74.0024383,40.7288832],[-74.0024714,40.7288885],[-74.0025635,40.7289072]]}},{"type":"Feature","properties":{"fclass":"primary","name":"Manhattan Bridge lower level (reversible)","oneway":"F","bridge":"F","tunnel":"F"},"geometry":{"type":"LineString","coordinates":[[-73.9960782,40.7162467],[-73.9960293,40.7161931],[-73.9959946,40.7161661],[-73.9959524,40.7161403],[-73.9958441,40.7160864],[-73.995764,40.7160414],[-73.9956921,40.715998],[-73.9956288,40.7159524],[-73.9955682,40.7159038],[-73.9955084,40.7158507],[-73.995452,40.7157916],[-73.9953888,40.7157199],[-73.9953301,40.7156474],[-73.9952314,40.7155147]]}},{"type":"Feature","properties":{"fclass":"service","oneway":"B","bridge":"F","tunnel":"F"},"geometry":{"type":"LineString","coordinates":[[-73.9959393,40.7128973],[-73.9959203,40.7127636]]}},{"type":"Feature","properties":{"fclass":"service","oneway":"B","bridge":"F","tunnel":"F"},"geometry":{"type":"LineString","coordinates":[[-73.995817,40.7121992],[-73.995835,40.7123313]]}},{"type":"Feature","properties":{"fclass":"service","oneway":"B","bridge":"F","tunnel":"F"},"geometry":{"type":"LineString","coordinates":[[-73.995555,40.7129294],[-73.9955753,40.71305]]}},{"type":"Feature","properties":{"fclass":"service","oneway":"B","bridge":"F","tunnel":"F"},"geometry":{"type":"LineString","coordinates":[[-73.9952508,40.7129549],[-73.9952971,40.7132142]]}},{"type":"Feature","properties":{"fclass":"footway","oneway":"B","bridge":"F","tunnel":"F"},"geometry":{"type":"LineString","coordinates":[[-74.0032615,40.7286872],[-74.003274,40.7284802],[-74.0032783,40.7284093]]}},{"type":"Feature","properties":{"fclass":"unclassified","name":"Greenwich Street","oneway":"F","bridge":"F","tunnel":"F"},"geometry":{"type":"LineString","coordinates":[[-74.012422,40.7108101],[-74.0126713,40.7101452]]}},{"type":"Feature","properties":{"fclass":"service","oneway":"F","bridge":"F","tunnel":"F"},"geometry":{"type":"LineString","coordinates":[[-74.0112052,40.7287631],[-74.0112227,40.7287215],[-74.011245,40.7285411],[-74.0112607,40.7284404],[-74.0112583,40.7283753],[-74.0112333,40.728317],[-74.011192,40.728295],[-74.0111471,40.7283002],[-74.0111178,40.7283307],[-74.0111097,40.7284058],[-74.0110963,40.7285394],[-74.0110885,40.7286275],[-74.0111131,40.7286783],[-74.0112052,40.7287631]]}},{"type":"Feature","properties":{"fclass":"service","oneway":"B","layer":1,"bridge":"F","tunnel":"F"},"geometry":{"type":"LineString","coordinates":[[-74.0120327,40.7288342],[-74.0138253,40.7289883]]}},{"type":"Feature","properties":{"fclass":"service","oneway":"B","bridge":"F","tunnel":"T"},"geometry":{"type":"LineString","coordinates":[[-74.0113247,40.7287734],[-74.0120327,40.7288342]]}},{"type":"Feature","properties":{"fclass":"service","oneway":"B","bridge":"F","tunnel":"F"},"geometry":{"type":"LineString","coordinates":[[-74.0111963,40.7288236],[-74.0112052,40.7287631],[-74.0112818,40.7287715],[-74.0113247,40.7287734]]}},{"type":"Feature","properties":{"fclass":"service","oneway":"F","bridge":"F","tunnel":"F"},"geometry":{"type":"LineString","coordinates":[[-74.0111963,40.7288236],[-74.0111604,40.7288653],[-74.0111537,40.7289678],[-74.0111392,40.729055],[-74.0111103,40.7291083],[-74.0110632,40.7291328],[-74.010942,40.7291525]]}},{"type":"Feature","properties":{"fclass":"residential","name":"Harrison Street","oneway":"B","bridge":"F","tunnel":"F"},"geometry":{"type":"LineString","coordinates":[[-74.0116866,40.7189681],[-74.0114582,40.7189397]]}},{"type":"Feature","properties":{"fclass":"residential","name":"Harrison Street","oneway":"B","bridge":"F","tunnel":"F"},"geometry":{"type":"LineString","coordinates":[[-74.0113584,40.7189271],[-74.0103514,40.7188019]]}},{"type":"Feature","properties":{"fclass":"residential","name":"Harrison Street","oneway":"B","bridge":"F","tunnel":"T"},"geometry":{"type":"LineString","coordinates":[[-74.012101,40.7190196],[-74.0116866,40.7189681]]}},{"type":"Feature","properties":{"fclass":"residential","name":"Harrison Street","oneway":"B","bridge":"F","tunnel":"T"},"geometry":{"type":"LineString","coordinates":[[-74.0114582,40.7189397],[-74.0113584,40.7189271]]}},{"type":"Feature","properties":{"fclass":"residential","name":"Forsyth Street","oneway":"B","bridge":"F","tunnel":"F"},"geometry":{"type":"LineString","coordinates":[[-73.9941553,40.7158457],[-73.9942712,40.7156084]]}},{"type":"Feature","properties":{"fclass":"primary","name":"Watts Street","oneway":"F","bridge":"F","tunnel":"F"},"geometry":{"type":"LineString","coordinates":[[-74.004786,40.723625],[-74.0058494,40.7237329],[-74.0059243,40.723748],[-74.006004,40.72377],[-74.006111,40.7238002]]}},{"type":"Feature","properties":{"fclass":"primary","name":"6th Avenue","oneway":"F","bridge":"F","tunnel":"F"},"geometry":{"type":"LineString","coordinates":[[-74.004786,40.723625],[-74.004575,40.724173],[-74.0042977,40.7248726],[-74.004031,40.725513]]}},{"type":"Feature","properties":{"fclass":"secondary","name":"Greenwich Street","oneway":"F","bridge":"F","tunnel":"F"},"geometry":{"type":"LineString","coordinates":[[-74.0149772,40.7048266],[-74.01494,40.7049116],[-74.0144213,40.7060963],[-74.014367,40.7062248],[-74.014352,40.7062514],[-74.0143333,40.7062715],[-74.0143096,40.7062924]]}},{"type":"Feature","properties":{"fclass":"motorway_link","ref":"I 78","oneway":"F","bridge":"F","tunnel":"F"},"geometry":{"type":"LineString","coordinates":[[-74.0075453,40.7208182],[-74.0074727,40.7208154],[-74.0073995,40.7208203],[-74.0073327,40.7208289],[-74.0072662,40.720846],[-74.0072025,40.72087],[-74.0071434,40.720903],[-74.007093,40.7209378],[-74.0070463,40.7209788],[-74.0070112,40.7210224],[-74.0069813,40.721072],[-74.0069558,40.721125],[-74.0069375,40.721173],[-74.0069167,40.7212295]]}},{"type":"Feature","properties":{"fclass":"secondary","name":"Varick Street","oneway":"F","bridge":"F","tunnel":"F"},"geometry":{"type":"LineString","coordinates":[[-74.0065526,40.7210963],[-74.006671,40.7204501]]}},{"type":"Feature","properties":{"fclass":"secondary","name":"Broadway","oneway":"F","maxspeed":40,"bridge":"F","tunnel":"F"},"geometry":{"type":"LineString","coordinates":[[-74.0045302,40.7162869],[-74.004976,40.71576],[-74.00542,40.715236],[-74.0058864,40.7146811],[-74.0060126,40.7145278]]}},{"type":"Feature","properties":{"fclass":"residential","name":"Worth Street","oneway":"B","bridge":"F","tunnel":"F"},"geometry":{"type":"LineString","coordinates":[[-74.0045302,40.7162869],[-74.0034817,40.7157968],[-74.0030272,40.7155919]]}},{"type":"Feature","properties":{"fclass":"motorway_link","ref":"I 78","oneway":"F","bridge":"F","tunnel":"F"},"geometry":{"type":"LineString","coordinates":[[-74.0067668,40.721724],[-74.0068308,40.7216914],[-74.0068964,40.7216642],[-74.0069543,40.7216444],[-74.0070258,40.7216296],[-74.0070952,40.7216216],[-74.0071716,40.7216171],[-74.0073151,40.7216171],[-74.0074636,40.7216177],[-74.0075325,40.7216125],[-74.0075986,40.721604],[-74.0076551,40.7215908],[-74.0077059,40.7215741],[-74.0077581,40.7215516],[-74.0078025,40.7215273],[-74.0078471,40.7214978],[-74.0078806,40.7214697],[-74.007912,40.7214383],[-74.0079362,40.721408],[-74.0079546,40.7213784],[-74.0079723,40.721345],[-74.0079862,40.7213081],[-74.0079951,40.7212673],[-74.0079985,40.721233],[-74.0079994,40.7211998],[-74.0079922,40.7211576],[-74.0079847,40.7211232],[-74.0079728,40.721087],[-74.0079546,40.7210523],[-74.0079314,40.7210184],[-74.007907,40.7209892],[-74.0078661,40.7209496],[-74.0078145,40.7209099],[-74.0077535,40.7208779],[-74.0076855,40.7208506],[-74.0076225,40.7208327],[-74.0075453,40.7208182]]}},{"type":"Feature","properties":{"fclass":"steps","name":"Chambers Street \u2013 World Trade Center / Park Place","oneway":"B","bridge":"F","tunnel":"F"},"geometry":{"type":"LineString","coordinates":[[-74.007826,40.7126969],[-74.0078035,40.712723],[-74.0077581,40.7127004],[-74.0077806,40.7126743],[-74.007826,40.7126969]]}},{"type":"Feature","properties":{"fclass":"residential","name":"Chambers Street","oneway":"B","bridge":"F","tunnel":"F"},"geometry":{"type":"LineString","coordinates":[[-74.004059,40.713135],[-74.0041927,40.7131968],[-74.0048234,40.7134886],[-74.006304,40.7141733],[-74.007952,40.7149351],[-74.0092213,40.7155224]]}},{"type":"Feature","properties":{"fclass":"primary","name":"Cooper Square","oneway":"B","bridge":"F","tunnel":"F"},"geometry":{"type":"LineString","coordinates":[[-73.9906198,40.7285321],[-73.9903443,40.72894],[-73.9899397,40.7295052],[-73.989902,40.729558]]}},{"type":"Feature","properties":{"fclass":"unclassified","name":"Broad Street","oneway":"B","maxspeed":40,"bridge":"F","tunnel":"F"},"geometry":{"type":"LineString","coordinates":[[-74.011505,40.702959],[-74.0115824,40.7035186]]}},{"type":"Feature","properties":{"fclass":"unclassified","name":"Broad Street","oneway":"F","maxspeed":40,"bridge":"F","tunnel":"F"},"geometry":{"type":"LineString","coordinates":[[-74.011576,40.7040261],[-74.011569,40.704249]]}},{"type":"Feature","properties":{"fclass":"footway","oneway":"B","bridge":"F","tunnel":"F"},"geometry":{"type":"LineString","coordinates":[[-74.007066,40.7122079],[-74.0070575,40.7121768],[-74.0070553,40.7121464],[-74.0070725,40.7121225],[-74.0070982,40.712101],[-74.0070056,40.7118631],[-74.0069614,40.7118102],[-74.0068762,40.7117227]]}},{"type":"Feature","properties":{"fclass":"footway","oneway":"B","bridge":"F","tunnel":"F"},"geometry":{"type":"LineString","coordinates":[[-74.0072487,40.7121213],[-74.0072554,40.7121557],[-74.007247,40.7121969],[-74.0072033,40.7122374]]}},{"type":"Feature","properties":{"fclass":"footway","oneway":"B","bridge":"F","tunnel":"F"},"geometry":{"type":"LineString","coordinates":[[-74.0074983,40.7120105],[-74.0074438,40.7119853],[-74.0072606,40.7120661],[-74.0072487,40.7121213],[-74.0073305,40.7121351],[-74.0075038,40.7120584],[-74.0074983,40.7120105],[-74.007777,40.7118723],[-74.0078826,40.7117727]]}},{"type":"Feature","properties":{"fclass":"footway","oneway":"B","bridge":"F","tunnel":"F"},"geometry":{"type":"LineString","coordinates":[[-74.0065988,40.7124369],[-74.007066,40.7122079]]}},{"type":"Feature","properties":{"fclass":"footway","oneway":"B","bridge":"F","tunnel":"F"},"geometry":{"type":"LineString","coordinates":[[-74.0048234,40.7134886],[-74.0048852,40.7134106]]}},{"type":"Feature","properties":{"fclass":"footway","oneway":"B","bridge":"F","tunnel":"F"},"geometry":{"type":"LineString","coordinates":[[-74.0133978,40.7056536],[-74.0136246,40.7050814]]}},{"type":"Feature","properties":{"fclass":"footway","oneway":"B","layer":1,"bridge":"F","tunnel":"F"},"geometry":{"type":"LineString","coordinates":[[-74.0027493,40.7126278],[-74.0025427,40.7125346]]}},{"type":"Feature","properties":{"fclass":"footway","oneway":"B","bridge":"F","tunnel":"F"},"geometry":{"type":"LineString","coordinates":[[-74.0025427,40.7125346],[-74.0024802,40.712506],[-74.0020488,40.7123091]]}},{"type":"Feature","properties":{"fclass":"footway","name":"pedestrian","oneway":"B","bridge":"F","tunnel":"F"},"geometry":{"type":"LineString","coordinates":[[-73.9895754,40.7151014],[-73.989862,40.7145555],[-73.9893485,40.7144065],[-73.9890512,40.7150074],[-73.9895678,40.7151575],[-73.9895754,40.7151014]]}},{"type":"Feature","properties":{"fclass":"pedestrian","oneway":"B","bridge":"F","tunnel":"F"},"geometry":{"type":"LineString","coordinates":[[-73.9925357,40.7201188],[-73.9925266,40.7201349],[-73.9925034,40.720166],[-73.9924686,40.7201903],[-73.9924258,40.720205],[-73.9923789,40.7202092],[-73.9923325,40.720202],[-73.9922914,40.7201845],[-73.9922595,40.7201582],[-73.99224,40.7201256],[-73.9922345,40.7200901],[-73.992244,40.7200551],[-73.9922535,40.7200372]]}},{"type":"Feature","properties":{"fclass":"pedestrian","oneway":"B","bridge":"F","tunnel":"F"},"geometry":{"type":"LineString","coordinates":[[-73.9924898,40.719615],[-73.9924995,40.7195918],[-73.9925236,40.7195634],[-73.992558,40.719542],[-73.9925994,40.7195297],[-73.9926439,40.7195277],[-73.9926868,40.7195363],[-73.992728,40.719557],[-73.9927573,40.7195872],[-73.9927712,40.7196231],[-73.992768,40.7196605],[-73.9927528,40.7196932]]}},{"type":"Feature","properties":{"fclass":"primary","name":"Manhattan Bridge","oneway":"F","bridge":"F","tunnel":"F"},"geometry":{"type":"LineString","coordinates":[[-73.9960782,40.7162467],[-73.9960714,40.7161463],[-73.9960633,40.7160962],[-73.9960506,40.7160524],[-73.9960324,40.7160141],[-73.9956683,40.715489],[-73.995623,40.7154348],[-73.9955764,40.7153864],[-73.9955182,40.7153327],[-73.9954568,40.7152809],[-73.9953068,40.7151609],[-73.9952534,40.7151141],[-73.9952032,40.7150675],[-73.9951532,40.7150219],[-73.9951071,40.7149751],[-73.9950601,40.7149236],[-73.9950161,40.7148665],[-73.9949713,40.7147982],[-73.994932,40.7147365],[-73.9947284,40.7143534]]}},{"type":"Feature","properties":{"fclass":"footway","oneway":"B","bridge":"F","tunnel":"F"},"geometry":{"type":"LineString","coordinates":[[-74.0113988,40.7277008],[-74.011059,40.7276805]]}},{"type":"Feature","properties":{"fclass":"footway","oneway":"B","bridge":"F","tunnel":"F"},"geometry":{"type":"LineString","coordinates":[[-74.0117296,40.7253391],[-74.0114596,40.725305],[-74.011408,40.7252983]]}},{"type":"Feature","properties":{"fclass":"footway","oneway":"B","bridge":"F","tunnel":"F"},"geometry":{"type":"LineString","coordinates":[[-74.011706,40.7254538],[-74.011635,40.7254474]]}},{"type":"Feature","properties":{"fclass":"footway","oneway":"B","bridge":"F","tunnel":"F"},"geometry":{"type":"LineString","coordinates":[[-74.011615,40.725446],[-74.0113866,40.7254237]]}},{"type":"Feature","properties":{"fclass":"steps","oneway":"B","bridge":"F","tunnel":"F"},"geometry":{"type":"LineString","coordinates":[[-74.011635,40.7254474],[-74.011615,40.725446]]}},{"type":"Feature","properties":{"fclass":"steps","oneway":"B","bridge":"F","tunnel":"F"},"geometry":{"type":"LineString","coordinates":[[-74.0117296,40.7253391],[-74.0116827,40.7252921]]}},{"type":"Feature","properties":{"fclass":"steps","oneway":"B","bridge":"F","tunnel":"F"},"geometry":{"type":"LineString","coordinates":[[-74.011769,40.7251488],[-74.0117038,40.7251822]]}},{"type":"Feature","properties":{"fclass":"steps","oneway":"B","bridge":"F","tunnel":"F"},"geometry":{"type":"LineString","coordinates":[[-74.0117491,40.7252449],[-74.011693,40.7252391]]}},{"type":"Feature","properties":{"fclass":"pedestrian","oneway":"B","bridge":"F","tunnel":"F"},"geometry":{"type":"LineString","coordinates":[[-74.0116827,40.7252921],[-74.011693,40.7252391],[-74.0117038,40.7251822],[-74.01169,40.7251806],[-74.0116928,40.7251653],[-74.0115185,40.7251464],[-74.0115061,40.7252179],[-74.011494,40.7252873],[-74.0116644,40.7253063],[-74.0116674,40.7252905],[-74.0116827,40.7252921]]}},{"type":"Feature","properties":{"fclass":"footway","oneway":"B","bridge":"F","tunnel":"F"},"geometry":{"type":"LineString","coordinates":[[-74.0114596,40.725305],[-74.0114745,40.7252151],[-74.0114908,40.7251167]]}},{"type":"Feature","properties":{"fclass":"footway","oneway":"B","bridge":"F","tunnel":"F"},"geometry":{"type":"LineString","coordinates":[[-74.0115061,40.7252179],[-74.0114745,40.7252151]]}},{"type":"Feature","properties":{"fclass":"footway","oneway":"B","bridge":"F","tunnel":"F"},"geometry":{"type":"LineString","coordinates":[[-74.0117249,40.7243608],[-74.0117627,40.7243198],[-74.0118007,40.7242434],[-74.0118216,40.7241591],[-74.0118087,40.7240527],[-74.0117877,40.7239598],[-74.0117877,40.7238791],[-74.0117958,40.7238008],[-74.0118266,40.7236981],[-74.0118577,40.72364],[-74.0119161,40.7235239],[-74.0119573,40.7234361],[-74.0120152,40.723286],[-74.0120427,40.7231723],[-74.0120528,40.7230482],[-74.012054,40.7229669],[-74.0120477,40.722937],[-74.0120363,40.7228825],[-74.0120301,40.7228245],[-74.0120265,40.7227908],[-74.0120411,40.722704],[-74.012067,40.7226404],[-74.0120976,40.7225944],[-74.0121387,40.7225382]]}},{"type":"Feature","properties":{"fclass":"footway","oneway":"B","bridge":"F","tunnel":"F"},"geometry":{"type":"LineString","coordinates":[[-74.0118491,40.7239989],[-74.0117877,40.7239598],[-74.0117524,40.7239328]]}},{"type":"Feature","properties":{"fclass":"footway","oneway":"B","bridge":"F","tunnel":"F"},"geometry":{"type":"LineString","coordinates":[[-74.0118926,40.7236639],[-74.0118577,40.72364],[-74.0118281,40.7236198]]}},{"type":"Feature","properties":{"fclass":"footway","oneway":"B","bridge":"F","tunnel":"F"},"geometry":{"type":"LineString","coordinates":[[-74.0120598,40.7235985],[-74.0119161,40.7235239],[-74.011844,40.7234719]]}},{"type":"Feature","properties":{"fclass":"footway","oneway":"B","bridge":"F","tunnel":"F"},"geometry":{"type":"LineString","coordinates":[[-74.0119846,40.7234522],[-74.0119573,40.7234361],[-74.0119104,40.7234082]]}},{"type":"Feature","properties":{"fclass":"footway","oneway":"B","bridge":"F","tunnel":"F"},"geometry":{"type":"LineString","coordinates":[[-74.0120943,40.7230757],[-74.0120528,40.7230482],[-74.012004,40.7230158]]}},{"type":"Feature","properties":{"fclass":"footway","oneway":"B","bridge":"F","tunnel":"F"},"geometry":{"type":"LineString","coordinates":[[-74.0121455,40.7226253],[-74.0120976,40.7225944],[-74.012051,40.7225607]]}},{"type":"Feature","properties":{"fclass":"footway","oneway":"B","bridge":"F","tunnel":"F"},"geometry":{"type":"LineString","coordinates":[[-74.0120838,40.7228635],[-74.0120301,40.7228245],[-74.0119774,40.7227861]]}},{"type":"Feature","properties":{"fclass":"footway","oneway":"B","bridge":"F","tunnel":"F"},"geometry":{"type":"LineString","coordinates":[[-74.0120134,40.7224594],[-74.0121387,40.7225382],[-74.0122634,40.7226142]]}},{"type":"Feature","properties":{"fclass":"pedestrian","oneway":"B","bridge":"F","tunnel":"F"},"geometry":{"type":"LineString","coordinates":[[-74.0122335,40.7224578],[-74.012236,40.722445],[-74.0122623,40.7224476],[-74.0122723,40.7223994],[-74.0122838,40.7223437],[-74.0122583,40.7223406],[-74.0122613,40.7223236],[-74.012061,40.7223025],[-74.0120483,40.7223718],[-74.0120363,40.7224371],[-74.0122335,40.7224578]]}},{"type":"Feature","properties":{"fclass":"steps","oneway":"B","bridge":"F","tunnel":"F"},"geometry":{"type":"LineString","coordinates":[[-74.0122623,40.7224476],[-74.0122925,40.722487]]}},{"type":"Feature","properties":{"fclass":"steps","oneway":"B","bridge":"F","tunnel":"F"},"geometry":{"type":"LineString","coordinates":[[-74.0122838,40.7223437],[-74.0123274,40.7223061]]}},{"type":"Feature","properties":{"fclass":"steps","oneway":"B","bridge":"F","tunnel":"F"},"geometry":{"type":"LineString","coordinates":[[-74.0122723,40.7223994],[-74.0123087,40.7224036]]}},{"type":"Feature","properties":{"fclass":"footway","oneway":"B","bridge":"F","tunnel":"F"},"geometry":{"type":"LineString","coordinates":[[-74.0120134,40.7224594],[-74.0120305,40.7223696],[-74.0120497,40.7222688]]}},{"type":"Feature","properties":{"fclass":"footway","oneway":"B","bridge":"F","tunnel":"F"},"geometry":{"type":"LineString","coordinates":[[-74.0120483,40.7223718],[-74.0120305,40.7223696]]}},{"type":"Feature","properties":{"fclass":"steps","oneway":"B","bridge":"F","tunnel":"F"},"geometry":{"type":"LineString","coordinates":[[-74.0126738,40.7214533],[-74.0128023,40.7214685]]}},{"type":"Feature","properties":{"fclass":"footway","oneway":"B","bridge":"F","tunnel":"F"},"geometry":{"type":"LineString","coordinates":[[-74.0125126,40.7214652],[-74.01305,40.721527],[-74.0131084,40.7212134],[-74.0131384,40.7210521],[-74.013155,40.720964],[-74.0128258,40.7209252]]}},{"type":"Feature","properties":{"fclass":"footway","oneway":"B","bridge":"F","tunnel":"F"},"geometry":{"type":"LineString","coordinates":[[-74.0126738,40.7214533],[-74.0125203,40.7214349]]}},{"type":"Feature","properties":{"fclass":"service","oneway":"B","bridge":"F","tunnel":"F"},"geometry":{"type":"LineString","coordinates":[[-74.012571,40.7212446],[-74.0123465,40.7212197]]}},{"type":"Feature","properties":{"fclass":"steps","oneway":"B","bridge":"F","tunnel":"F"},"geometry":{"type":"LineString","coordinates":[[-74.0131384,40.7210521],[-74.0130067,40.721037]]}},{"type":"Feature","properties":{"fclass":"service","oneway":"B","bridge":"F","tunnel":"F"},"geometry":{"type":"LineString","coordinates":[[-74.013155,40.720964],[-74.0133432,40.7209872]]}},{"type":"Feature","properties":{"fclass":"service","oneway":"B","bridge":"F","tunnel":"F"},"geometry":{"type":"LineString","coordinates":[[-74.0131084,40.7212134],[-74.0132903,40.721236]]}},{"type":"Feature","properties":{"fclass":"footway","oneway":"B","bridge":"F","tunnel":"F"},"geometry":{"type":"LineString","coordinates":[[-74.013661,40.7203762],[-74.0137251,40.7201047]]}},{"type":"Feature","properties":{"fclass":"service","oneway":"B","bridge":"F","tunnel":"F"},"geometry":{"type":"LineString","coordinates":[[-73.9892831,40.7182743],[-73.9890917,40.7182178],[-73.9888848,40.7181567],[-73.9884714,40.7180346]]}},{"type":"Feature","properties":{"fclass":"service","oneway":"B","bridge":"F","tunnel":"F"},"geometry":{"type":"LineString","coordinates":[[-73.9890917,40.7182178],[-73.9892135,40.7179839],[-73.9890047,40.7179277],[-73.9888848,40.7181567]]}},{"type":"Feature","properties":{"fclass":"footway","name":"Cherry Street","oneway":"B","bridge":"F","tunnel":"F"},"geometry":{"type":"LineString","coordinates":[[-73.9921785,40.710831],[-73.9921123,40.7108317],[-73.9920848,40.7108313],[-73.992056,40.7108373],[-73.9919523,40.710849]]}},{"type":"Feature","properties":{"fclass":"footway","name":"Pike Street","oneway":"B","bridge":"F","tunnel":"F"},"geometry":{"type":"LineString","coordinates":[[-73.9920848,40.7108313],[-73.9921024,40.7109012],[-73.9921213,40.7109774],[-73.9921283,40.7109937],[-73.992158,40.7110588],[-73.9921974,40.711151],[-73.992235,40.7113005],[-73.9922477,40.7113596],[-73.9922843,40.7116321],[-73.9922971,40.7117124],[-73.9923057,40.7117656],[-73.992308,40.7118454],[-73.9923564,40.7121148],[-73.9923938,40.7122158],[-73.9923928,40.7122652],[-73.992391,40.7122981],[-73.9923948,40.7123385],[-73.9924155,40.7124006],[-73.9924155,40.7124586],[-73.9925096,40.7131209],[-73.9925199,40.7131878],[-73.9925284,40.7132535],[-73.9925972,40.7137116],[-73.992618,40.7138581],[-73.992696,40.7143811]]}},{"type":"Feature","properties":{"fclass":"footway","name":"Delancey Street","oneway":"B","bridge":"F","tunnel":"F"},"geometry":{"type":"LineString","coordinates":[[-73.9905987,40.7190887],[-73.9905184,40.7190629],[-73.990468,40.7190467],[-73.9904161,40.71903],[-73.9903338,40.7190036]]}},{"type":"Feature","properties":{"fclass":"footway","oneway":"B","bridge":"F","tunnel":"F"},"geometry":{"type":"LineString","coordinates":[[-73.9917942,40.7099246],[-73.9918666,40.7099236],[-73.9919064,40.709923],[-73.9919718,40.709913]]}},{"type":"Feature","properties":{"fclass":"cycleway","oneway":"F","bridge":"F","tunnel":"F"},"geometry":{"type":"LineString","coordinates":[[-73.9918666,40.7099236],[-73.9918696,40.7099597],[-73.9918736,40.7099941],[-73.9919081,40.7100719],[-73.991927,40.7101303],[-73.9919515,40.7102088],[-73.9919545,40.7102822],[-73.9919545,40.7103578],[-73.9919605,40.7104311],[-73.9919792,40.7105193],[-73.991995,40.7105695],[-73.9920148,40.7106182],[-73.9920356,40.7107102],[-73.9920395,40.7107588],[-73.9920424,40.7107963],[-73.992056,40.7108373],[-73.9920792,40.7109043],[-73.9920889,40.7109452],[-73.9921057,40.710998],[-73.9921144,40.7110537],[-73.9921223,40.7111076],[-73.9921697,40.7112909],[-73.9921934,40.7114727],[-73.992223,40.7116381],[-73.9922389,40.7116598],[-73.9922467,40.711689],[-73.9922514,40.7117146],[-73.9922586,40.711754],[-73.9922584,40.7117692],[-73.9922497,40.71182],[-73.9922704,40.7120444],[-73.9922971,40.712105],[-73.9923227,40.7122188],[-73.9923317,40.7122742],[-73.9923366,40.7123101],[-73.9923595,40.7124607],[-73.9923673,40.7125298],[-73.9923916,40.7127072],[-73.9924498,40.7131255],[-73.9924603,40.7131918],[-73.9924708,40.7132586],[-73.9924888,40.713365],[-73.9925103,40.7135241],[-73.9925524,40.713743],[-73.992566,40.7138625],[-73.9926336,40.7143855],[-73.9926456,40.7145308],[-73.9926491,40.7146148],[-73.9925888,40.7148083],[-73.9924452,40.7150773],[-73.9918777,40.7161941],[-73.9916017,40.7167418],[-73.9915769,40.7167733],[-73.9912744,40.7173763],[-73.991214,40.7174965],[-73.9911624,40.7175545],[-73.9911315,40.7176114],[-73.9908371,40.7181943],[-73.9908316,40.7182397],[-73.9907691,40.7183651],[-73.9905496,40.718757],[-73.9904161,40.71903],[-73.9903611,40.7191328],[-73.9902833,40.7192854],[-73.989681,40.7204793],[-73.9892937,40.721224],[-73.9890931,40.7216302],[-73.989036,40.7217626],[-73.9889633,40.721958],[-73.988832,40.7223756],[-73.9886785,40.722535]]}},{"type":"Feature","properties":{"fclass":"footway","name":"East Houston Street","oneway":"B","bridge":"F","tunnel":"F"},"geometry":{"type":"LineString","coordinates":[[-73.9884842,40.7227241],[-73.9886071,40.722758]]}},{"type":"Feature","properties":{"fclass":"cycleway","oneway":"F","bridge":"F","tunnel":"F"},"geometry":{"type":"LineString","coordinates":[[-73.9887611,40.7228006],[-73.9889025,40.7224245],[-73.9891202,40.7218384],[-73.9891854,40.7216617],[-73.9892927,40.721446],[-73.9894526,40.7211295],[-73.9897774,40.7205086],[-73.9903934,40.7193201],[-73.990471,40.719168],[-73.9905184,40.7190629],[-73.9908601,40.7183922],[-73.9909217,40.7182672],[-73.991312,40.7174878],[-73.991351,40.717398],[-73.991385,40.7173436],[-73.9914133,40.7172924],[-73.9914525,40.7172523],[-73.9918173,40.7165433],[-73.9918889,40.7164147],[-73.9918976,40.7163872],[-73.9919006,40.7163502],[-73.991968,40.7162212],[-73.9925534,40.7151107],[-73.9925653,40.7150409],[-73.992581,40.714994],[-73.9927443,40.7146936],[-73.9927564,40.7146277],[-73.9927614,40.7144702],[-73.9927533,40.7143771],[-73.9926976,40.7139871],[-73.9926783,40.7138531],[-73.9926242,40.7135123],[-73.9925884,40.7132482],[-73.9925776,40.7131824],[-73.9925685,40.7131163],[-73.9925338,40.7129174],[-73.992472,40.7124565],[-73.9924486,40.7123419],[-73.9924564,40.7122579],[-73.9924035,40.7119093],[-73.9923898,40.7118024],[-73.992369,40.7117606],[-73.9923622,40.7117074],[-73.9923123,40.7113089],[-73.9922654,40.7111721],[-73.9922398,40.7111022],[-73.9921801,40.711022],[-73.9921527,40.7109891],[-73.9921273,40.7108978],[-73.9921123,40.7108317],[-73.992085,40.7107843],[-73.9920703,40.7107077],[-73.9920515,40.710623],[-73.9920153,40.7105145],[-73.9920026,40.7104572],[-73.9919937,40.7103903],[-73.9919918,40.7103324],[-73.9919918,40.710276],[-73.9919868,40.7102171],[-73.9919811,40.7101815],[-73.9919417,40.7100648],[-73.9919203,40.7100166],[-73.9919064,40.709923]]}},{"type":"Feature","properties":{"fclass":"footway","name":"Henry Street","oneway":"B","bridge":"F","tunnel":"F"},"geometry":{"type":"LineString","coordinates":[[-73.9926779,40.7132405],[-73.9925884,40.7132482],[-73.9925284,40.7132535],[-73.9924708,40.7132586],[-73.9923868,40.713266]]}},{"type":"Feature","properties":{"fclass":"footway","name":"Henry Street","oneway":"B","bridge":"F","tunnel":"F"},"geometry":{"type":"LineString","coordinates":[[-73.9926566,40.7131095],[-73.9925685,40.7131163],[-73.9925096,40.7131209],[-73.9924498,40.7131255],[-73.9923665,40.713132]]}},{"type":"Feature","properties":{"fclass":"residential","name":"Broome Street","oneway":"F","bridge":"F","tunnel":"F"},"geometry":{"type":"LineString","coordinates":[[-73.990716,40.718269],[-73.9906316,40.7182437],[-73.9902318,40.7181236],[-73.9894778,40.7178944],[-73.988671,40.71765]]}},{"type":"Feature","properties":{"fclass":"footway","name":"Broome Street","oneway":"B","bridge":"F","tunnel":"F"},"geometry":{"type":"LineString","coordinates":[[-73.9910235,40.7184406],[-73.9909396,40.7184157],[-73.9908601,40.7183922],[-73.9908157,40.718379],[-73.9907691,40.7183651],[-73.9906816,40.7183392],[-73.990596,40.7183138]]}},{"type":"Feature","properties":{"fclass":"footway","name":"Broome Street","oneway":"B","bridge":"F","tunnel":"F"},"geometry":{"type":"LineString","coordinates":[[-73.9910906,40.7183185],[-73.9910012,40.7182914],[-73.9909217,40.7182672],[-73.9908771,40.7182536],[-73.9908316,40.7182397],[-73.9907438,40.718213],[-73.9906601,40.7181875]]}},{"type":"Feature","properties":{"fclass":"service","oneway":"B","bridge":"F","tunnel":"F"},"geometry":{"type":"LineString","coordinates":[[-73.9998946,40.714096],[-73.9999293,40.713986],[-73.999857,40.7138005],[-73.9998181,40.713771],[-73.999768,40.7137615],[-73.999718,40.7137647],[-73.9995317,40.7138047],[-73.999434,40.7138768]]}},{"type":"Feature","properties":{"fclass":"service","oneway":"B","bridge":"F","tunnel":"T"},"geometry":{"type":"LineString","coordinates":[[-73.9971807,40.7275646],[-73.9972915,40.7274315]]}},{"type":"Feature","properties":{"fclass":"service","oneway":"B","bridge":"F","tunnel":"F"},"geometry":{"type":"LineString","coordinates":[[-73.9972915,40.7274315],[-73.997396,40.7273016]]}},{"type":"Feature","properties":{"fclass":"residential","name":"Wooster Street","oneway":"B","bridge":"F","tunnel":"F"},"geometry":{"type":"LineString","coordinates":[[-73.9990607,40.7266194],[-73.9981745,40.7276837]]}},{"type":"Feature","properties":{"fclass":"footway","oneway":"B","bridge":"F","tunnel":"F"},"geometry":{"type":"LineString","coordinates":[[-74.0108028,40.7040866],[-74.0107571,40.7041117]]}},{"type":"Feature","properties":{"fclass":"service","oneway":"B","bridge":"F","tunnel":"F"},"geometry":{"type":"LineString","coordinates":[[-74.0138507,40.7021615],[-74.0133794,40.7018338],[-74.0133593,40.701811],[-74.0133491,40.7017822],[-74.0133491,40.7017508],[-74.0133547,40.7017271],[-74.0133794,40.7016932],[-74.0136041,40.7014912],[-74.0136263,40.7014737],[-74.013654,40.701462],[-74.0136853,40.701457],[-74.013717,40.7014591],[-74.0137464,40.7014683],[-74.013771,40.7014837],[-74.0137886,40.7015039],[-74.0137976,40.701527],[-74.0138507,40.7021615]]}},{"type":"Feature","properties":{"fclass":"service","oneway":"B","bridge":"F","tunnel":"F"},"geometry":{"type":"LineString","coordinates":[[-74.0139642,40.7022262],[-74.0138507,40.7021615]]}},{"type":"Feature","properties":{"fclass":"footway","oneway":"B","bridge":"F","tunnel":"F"},"geometry":{"type":"LineString","coordinates":[[-74.0159093,40.7021175],[-74.0162858,40.7019443]]}},{"type":"Feature","properties":{"fclass":"footway","oneway":"B","bridge":"F","tunnel":"F"},"geometry":{"type":"LineString","coordinates":[[-74.0163614,40.703186],[-74.0164328,40.7031346],[-74.016506,40.7030908],[-74.01658,40.7030593],[-74.0166654,40.7030415],[-74.0167581,40.703036],[-74.016859,40.7030452],[-74.016941,40.703066],[-74.0170255,40.703098],[-74.0170913,40.703133],[-74.0171614,40.7031947],[-74.0172275,40.7032682]]}},{"type":"Feature","properties":{"fclass":"tertiary","name":"West Broadway","oneway":"B","bridge":"F","tunnel":"F"},"geometry":{"type":"LineString","coordinates":[[-74.000898,40.725773],[-73.9999616,40.7268923],[-73.9998647,40.727008]]}},{"type":"Feature","properties":{"fclass":"residential","name":"Prince Street","oneway":"F","bridge":"F","tunnel":"F"},"geometry":{"type":"LineString","coordinates":[[-74.000898,40.725773],[-74.0015804,40.7261286],[-74.00235,40.726496],[-74.003122,40.726878]]}},{"type":"Feature","properties":{"fclass":"service","oneway":"B","bridge":"F","tunnel":"F"},"geometry":{"type":"LineString","coordinates":[[-73.9872123,40.7236238],[-73.9871197,40.7237447]]}},{"type":"Feature","properties":{"fclass":"service","oneway":"B","bridge":"F","tunnel":"F"},"geometry":{"type":"LineString","coordinates":[[-73.9895765,40.7225541],[-73.9894501,40.7225139],[-73.9889846,40.7223658]]}},{"type":"Feature","properties":{"fclass":"service","oneway":"B","bridge":"F","tunnel":"F"},"geometry":{"type":"LineString","coordinates":[[-73.989378,40.7226517],[-73.9894501,40.7225139]]}},{"type":"Feature","properties":{"fclass":"service","oneway":"B","bridge":"F","tunnel":"F"},"geometry":{"type":"LineString","coordinates":[[-73.9996593,40.718386],[-73.9994671,40.718332],[-73.999392,40.7183351],[-73.9993436,40.7183625],[-73.9992404,40.7185241]]}},{"type":"Feature","properties":{"fclass":"footway","oneway":"B","bridge":"F","tunnel":"F"},"geometry":{"type":"LineString","coordinates":[[-74.0023752,40.7147078],[-74.002152,40.7146696],[-74.001872,40.7147383],[-74.0015673,40.714813],[-74.001513,40.7148778]]}},{"type":"Feature","properties":{"fclass":"footway","oneway":"B","bridge":"F","tunnel":"F"},"geometry":{"type":"LineString","coordinates":[[-74.00132,40.7147852],[-74.0014291,40.7147193],[-74.0018354,40.7146411],[-74.001872,40.7147383],[-74.0019776,40.714998],[-74.0019292,40.7150776]]}},{"type":"Feature","properties":{"fclass":"service","oneway":"B","bridge":"F","tunnel":"F"},"geometry":{"type":"LineString","coordinates":[[-73.9939056,40.7123447],[-73.9938508,40.71201]]}},{"type":"Feature","properties":{"fclass":"service","oneway":"B","bridge":"F","tunnel":"F"},"geometry":{"type":"LineString","coordinates":[[-73.9928933,40.7118291],[-73.993065,40.7121199],[-73.9931307,40.7124072]]}},{"type":"Feature","properties":{"fclass":"service","oneway":"B","bridge":"F","tunnel":"F"},"geometry":{"type":"LineString","coordinates":[[-73.9940737,40.7098733],[-73.9948985,40.7097441]]}},{"type":"Feature","properties":{"fclass":"secondary","name":"Varick Street","oneway":"F","bridge":"F","tunnel":"F"},"geometry":{"type":"LineString","coordinates":[[-74.0063044,40.7225635],[-74.0064083,40.721815],[-74.0064219,40.7217305],[-74.0064374,40.721645],[-74.0065526,40.7210963]]}},{"type":"Feature","properties":{"fclass":"residential","name":"Broome Street","oneway":"F","bridge":"F","tunnel":"F"},"geometry":{"type":"LineString","coordinates":[[-74.003635,40.723682],[-74.00438,40.724055]]}},{"type":"Feature","properties":{"fclass":"residential","name":"Broome Street","oneway":"F","bridge":"F","tunnel":"F"},"geometry":{"type":"LineString","coordinates":[[-74.00438,40.724055],[-74.004575,40.724173],[-74.004739,40.724267],[-74.0048191,40.7242913],[-74.004957,40.7243133],[-74.0060054,40.7244159]]}},{"type":"Feature","properties":{"fclass":"primary","name":"2nd Avenue","oneway":"F","bridge":"F","tunnel":"F"},"geometry":{"type":"LineString","coordinates":[[-73.9903443,40.724929],[-73.9905695,40.7246308]]}},{"type":"Feature","properties":{"fclass":"primary","name":"Bowery","oneway":"F","bridge":"F","tunnel":"F"},"geometry":{"type":"LineString","coordinates":[[-73.9922885,40.7252501],[-73.992392,40.7249145],[-73.9924093,40.7248677]]}},{"type":"Feature","properties":{"fclass":"cycleway","name":"Manhattan Bridge Bike Path","oneway":"B","layer":1,"bridge":"F","tunnel":"F"},"geometry":{"type":"LineString","coordinates":[[-73.9944954,40.7156022],[-73.9946292,40.715652],[-73.9946631,40.7156634],[-73.9946972,40.7156634],[-73.9947367,40.7156464],[-73.9947481,40.7156039],[-73.9947481,40.7155728],[-73.9947453,40.7155415],[-73.9947396,40.7155103],[-73.9947282,40.7154708],[-73.9947113,40.7154452],[-73.9946972,40.7153942],[-73.9946914,40.7153574],[-73.994683,40.7153036],[-73.9946802,40.7152753],[-73.9946857,40.7152356],[-73.9946857,40.7152015],[-73.994695,40.7151714]]}},{"type":"Feature","properties":{"fclass":"residential","name":"Mercer Street","oneway":"F","bridge":"F","tunnel":"F"},"geometry":{"type":"LineString","coordinates":[[-74.001447,40.721252],[-74.002221,40.720341],[-74.0025889,40.719916]]}},{"type":"Feature","properties":{"fclass":"residential","name":"Mercer Street","oneway":"F","bridge":"F","tunnel":"F"},"geometry":{"type":"LineString","coordinates":[[-73.998585,40.724632],[-73.999609,40.723423],[-74.000657,40.722183],[-74.001447,40.721252]]}},{"type":"Feature","properties":{"fclass":"residential","oneway":"B","bridge":"F","tunnel":"F"},"geometry":{"type":"LineString","coordinates":[[-74.0175731,40.7103563],[-74.0175988,40.7103465],[-74.0176272,40.7103437],[-74.0176553,40.7103479],[-74.0176802,40.7103587],[-74.0176991,40.710375],[-74.0177103,40.7103955],[-74.017712,40.7104176],[-74.0177038,40.7104389],[-74.017687,40.710457],[-74.0176633,40.71047],[-74.0176356,40.7104763],[-74.0176069,40.7104753],[-74.01758,40.7104675],[-74.0175578,40.7104534],[-74.017543,40.7104345],[-74.017537,40.7104132],[-74.0175404,40.7103915],[-74.017553,40.7103718],[-74.0175731,40.7103563]]}},{"type":"Feature","properties":{"fclass":"motorway_link","oneway":"F","maxspeed":40,"bridge":"F","tunnel":"F"},"geometry":{"type":"LineString","coordinates":[[-74.0150705,40.7068274],[-74.0150507,40.7067903],[-74.015041,40.706772],[-74.0150214,40.7067232],[-74.0150055,40.7066774],[-74.0149941,40.7066221],[-74.0149847,40.7065575],[-74.0149801,40.7064806],[-74.0149791,40.7064065],[-74.0149813,40.706346],[-74.0149855,40.7062887],[-74.014995,40.7062267],[-74.015006,40.7061652],[-74.0150201,40.7061077],[-74.0150621,40.7059596],[-74.015081,40.7058901],[-74.015094,40.7058286],[-74.0151119,40.705734]]}},{"type":"Feature","properties":{"fclass":"motorway_link","oneway":"F","bridge":"F","tunnel":"T"},"geometry":{"type":"LineString","coordinates":[[-74.0154511,40.7070983],[-74.0153868,40.7070841],[-74.0153252,40.7070635],[-74.0152734,40.7070374],[-74.0152256,40.7070043],[-74.015183,40.7069665],[-74.0151467,40.706928],[-74.0151129,40.706886],[-74.0150705,40.7068274]]}},{"type":"Feature","properties":{"fclass":"service","oneway":"B","bridge":"F","tunnel":"F"},"geometry":{"type":"LineString","coordinates":[[-74.015175,40.7055373],[-74.0149858,40.705813],[-74.0148243,40.706142],[-74.0147871,40.7062257],[-74.0147495,40.7063404],[-74.0147281,40.7064716],[-74.0147402,40.7066281],[-74.0147938,40.7068092],[-74.0148864,40.7069677],[-74.0149736,40.7070491]]}},{"type":"Feature","properties":{"fclass":"service","oneway":"B","bridge":"F","tunnel":"F"},"geometry":{"type":"LineString","coordinates":[[-74.0154281,40.7072046],[-74.0157346,40.7072216]]}},{"type":"Feature","properties":{"fclass":"service","oneway":"B","bridge":"F","tunnel":"T"},"geometry":{"type":"LineString","coordinates":[[-74.0149736,40.7070491],[-74.0151117,40.7071232],[-74.0152954,40.7071772],[-74.0154281,40.7072046]]}},{"type":"Feature","properties":{"fclass":"footway","oneway":"B","bridge":"F","tunnel":"F"},"geometry":{"type":"LineString","coordinates":[[-74.0174702,40.7031133],[-74.017409,40.7031326],[-74.0173151,40.7031621],[-74.0174036,40.7032972],[-74.017324,40.7033267],[-74.0172704,40.7033448]]}},{"type":"Feature","properties":{"fclass":"cycleway","oneway":"F","bridge":"F","tunnel":"F"},"geometry":{"type":"LineString","coordinates":[[-73.9942712,40.7156084],[-73.9942654,40.7156651],[-73.994286,40.7156972],[-73.9943644,40.7157247]]}},{"type":"Feature","properties":{"fclass":"residential","name":"West 4th Street","oneway":"F","bridge":"F","tunnel":"F"},"geometry":{"type":"LineString","coordinates":[[-73.9965062,40.7295311],[-73.995812,40.72918],[-73.9956014,40.7290763],[-73.9951204,40.7288393],[-73.995061,40.72881],[-73.994252,40.728412]]}},{"type":"Feature","properties":{"fclass":"footway","name":"Washington Square East","oneway":"B","bridge":"F","tunnel":"F"},"geometry":{"type":"LineString","coordinates":[[-73.996591,40.7296528],[-73.9961848,40.7301272],[-73.9961382,40.7301816],[-73.9960685,40.7302629],[-73.9957324,40.7306653],[-73.9956987,40.7307069]]}},{"type":"Feature","properties":{"fclass":"footway","oneway":"B","bridge":"F","tunnel":"F"},"geometry":{"type":"LineString","coordinates":[[-73.9957324,40.7306653],[-73.9960577,40.7306388],[-73.996828,40.7305672],[-73.9968603,40.7305266],[-73.9968857,40.7304961],[-73.9968357,40.730359],[-73.9967742,40.7301897],[-73.9967398,40.7300956],[-73.9966856,40.7299466],[-73.9966528,40.7298447],[-73.996591,40.7296528]]}},{"type":"Feature","properties":{"fclass":"footway","name":"Laguardia Place","oneway":"B","bridge":"F","tunnel":"F"},"geometry":{"type":"LineString","coordinates":[[-73.9975133,40.7299466],[-73.9974702,40.7299982],[-73.9974194,40.7300587]]}},{"type":"Feature","properties":{"fclass":"pedestrian","oneway":"B","bridge":"F","tunnel":"F"},"geometry":{"type":"LineString","coordinates":[[-74.0146495,40.7154057],[-74.0148245,40.7147322],[-74.0151432,40.7143219]]}},{"type":"Feature","properties":{"fclass":"service","oneway":"B","bridge":"F","tunnel":"F"},"geometry":{"type":"LineString","coordinates":[[-74.0135986,40.715049],[-74.0137925,40.7149013],[-74.0139457,40.7143078],[-74.013814,40.7141549]]}},{"type":"Feature","properties":{"fclass":"secondary","name":"Centre Street","oneway":"F","maxspeed":40,"bridge":"F","tunnel":"F"},"geometry":{"type":"LineString","coordinates":[[-74.0048445,40.7124759],[-74.0048983,40.7124434],[-74.0049721,40.7124016],[-74.0050362,40.7123672],[-74.005115,40.712331],[-74.0051959,40.7122975],[-74.0052841,40.712266],[-74.0056925,40.7121301]]}},{"type":"Feature","properties":{"fclass":"motorway_link","oneway":"F","bridge":"F","tunnel":"F"},"geometry":{"type":"LineString","coordinates":[[-74.0044351,40.7126748],[-74.0043971,40.7127325],[-74.0043566,40.7127892],[-74.004059,40.713135]]}},{"type":"Feature","properties":{"fclass":"footway","name":"Manhattan Bridge Pedestrian Path","oneway":"B","layer":3,"bridge":"T","tunnel":"F"},"geometry":{"type":"LineString","coordinates":[[-73.9866157,40.6996927],[-73.986863,40.7001416],[-73.987484,40.701257],[-73.988255,40.7026437],[-73.9943723,40.7135961],[-73.994788,40.7143351]]}},{"type":"Feature","properties":{"fclass":"service","name":"Theater Alley","oneway":"B","bridge":"F","tunnel":"F"},"geometry":{"type":"LineString","coordinates":[[-74.0067648,40.7115081],[-74.0077768,40.7108165]]}},{"type":"Feature","properties":{"fclass":"footway","oneway":"B","bridge":"F","tunnel":"F"},"geometry":{"type":"LineString","coordinates":[[-74.0005251,40.7113381],[-74.000486,40.7113736],[-74.0004389,40.7113773],[-74.000409,40.7113907],[-74.0004035,40.7114335],[-74.0003922,40.7114623],[-74.000382,40.7115014],[-74.000345,40.7115257],[-74.0002926,40.7115494],[-74.000231,40.7115605],[-74.0001893,40.711583],[-73.9999946,40.7116662]]}},{"type":"Feature","properties":{"fclass":"footway","oneway":"B","bridge":"F","tunnel":"F"},"geometry":{"type":"LineString","coordinates":[[-74.00074,40.7116031],[-74.0006855,40.7115778],[-74.000636,40.7115637],[-74.000589,40.7115575],[-74.0005739,40.7115605],[-74.0005368,40.7115677],[-74.0004616,40.7115759],[-74.0003784,40.7115637],[-74.0003194,40.7115505],[-74.0002926,40.7115494]]}},{"type":"Feature","properties":{"fclass":"footway","oneway":"B","bridge":"F","tunnel":"F"},"geometry":{"type":"LineString","coordinates":[[-74.000484,40.711195],[-74.0004991,40.7112201],[-74.0005251,40.7113381],[-74.0005739,40.7115605]]}},{"type":"Feature","properties":{"fclass":"footway","oneway":"B","bridge":"F","tunnel":"F"},"geometry":{"type":"LineString","coordinates":[[-74.0167786,40.715191],[-74.0167667,40.715218],[-74.0167332,40.7152334],[-74.0165568,40.715266],[-74.0165381,40.71526],[-74.016559,40.7151185],[-74.0165723,40.7150636],[-74.0165764,40.7150433],[-74.016571,40.715028],[-74.0165548,40.7150158],[-74.016512,40.7150026],[-74.0164663,40.7149996],[-74.0164368,40.7150096],[-74.01641,40.7150382],[-74.0163993,40.7150747],[-74.0164087,40.7151103],[-74.016418,40.7151409],[-74.0164663,40.7151449]]}},{"type":"Feature","properties":{"fclass":"footway","oneway":"B","layer":-1,"bridge":"F","tunnel":"T"},"geometry":{"type":"LineString","coordinates":[[-74.0164663,40.7151449],[-74.01681,40.715214]]}},{"type":"Feature","properties":{"fclass":"service","oneway":"B","bridge":"F","tunnel":"F"},"geometry":{"type":"LineString","coordinates":[[-73.9871341,40.7173406],[-73.9875235,40.7174549],[-73.9876437,40.7174901],[-73.9875743,40.717628],[-73.9875042,40.7177666],[-73.987452,40.7178702],[-73.986941,40.7177177],[-73.9869936,40.7176153],[-73.9870657,40.7174742],[-73.9871341,40.7173406]]}},{"type":"Feature","properties":{"fclass":"service","oneway":"B","bridge":"F","tunnel":"F"},"geometry":{"type":"LineString","coordinates":[[-73.9875743,40.717628],[-73.9870657,40.7174742]]}},{"type":"Feature","properties":{"fclass":"service","oneway":"B","bridge":"F","tunnel":"F"},"geometry":{"type":"LineString","coordinates":[[-73.9875042,40.7177666],[-73.9869936,40.7176153]]}},{"type":"Feature","properties":{"fclass":"service","oneway":"B","bridge":"F","tunnel":"F"},"geometry":{"type":"LineString","coordinates":[[-73.9875235,40.7174549],[-73.9875925,40.717323]]}},{"type":"Feature","properties":{"fclass":"footway","oneway":"B","bridge":"F","tunnel":"F"},"geometry":{"type":"LineString","coordinates":[[-73.9880943,40.7149224],[-73.9878784,40.7151135],[-73.9878436,40.7151786],[-73.9878395,40.7152437],[-73.987853,40.7152956],[-73.9878824,40.7153341],[-73.9879295,40.7153747],[-73.9879705,40.7153918],[-73.9880006,40.7154043],[-73.9880715,40.7154135],[-73.9881466,40.7154103],[-73.988207,40.71539],[-73.9882634,40.7153647],[-73.9885141,40.7151482]]}},{"type":"Feature","properties":{"fclass":"footway","oneway":"B","bridge":"F","tunnel":"F"},"geometry":{"type":"LineString","coordinates":[[-73.9881466,40.7154103],[-73.9880796,40.7154581],[-73.9880207,40.715509],[-73.9879844,40.7155598],[-73.9879764,40.7156136],[-73.987983,40.7156625],[-73.9881105,40.7157529]]}},{"type":"Feature","properties":{"fclass":"footway","oneway":"B","bridge":"F","tunnel":"F"},"geometry":{"type":"LineString","coordinates":[[-73.9879844,40.7155598],[-73.9879965,40.7154663],[-73.9879705,40.7153918]]}},{"type":"Feature","properties":{"fclass":"footway","oneway":"B","bridge":"F","tunnel":"F"},"geometry":{"type":"LineString","coordinates":[[-73.987853,40.7152956],[-73.9877964,40.7152849],[-73.987673,40.7152624],[-73.9872815,40.7151547]]}},{"type":"Feature","properties":{"fclass":"footway","oneway":"B","bridge":"F","tunnel":"F"},"geometry":{"type":"LineString","coordinates":[[-73.987673,40.7152624],[-73.9877375,40.7152463],[-73.9878436,40.7151786]]}},{"type":"Feature","properties":{"fclass":"service","oneway":"B","bridge":"F","tunnel":"F"},"geometry":{"type":"LineString","coordinates":[[-73.9881952,40.7100348],[-73.9881361,40.7097278],[-73.9859153,40.7099597],[-73.9858348,40.7100166],[-73.9858,40.710102],[-73.9857892,40.7102159],[-73.9858133,40.7103338]]}},{"type":"Feature","properties":{"fclass":"footway","oneway":"B","bridge":"F","tunnel":"F"},"geometry":{"type":"LineString","coordinates":[[-74.0093542,40.7071732],[-74.0092656,40.7072596]]}},{"type":"Feature","properties":{"fclass":"steps","oneway":"B","bridge":"F","tunnel":"F"},"geometry":{"type":"LineString","coordinates":[[-74.0088321,40.7074634],[-74.0087433,40.7074082]]}},{"type":"Feature","properties":{"fclass":"steps","oneway":"B","bridge":"F","tunnel":"F"},"geometry":{"type":"LineString","coordinates":[[-74.0096273,40.7079946],[-74.0096655,40.7080203]]}},{"type":"Feature","properties":{"fclass":"steps","oneway":"B","bridge":"F","tunnel":"F"},"geometry":{"type":"LineString","coordinates":[[-74.0093908,40.7084204],[-74.0094166,40.7084373]]}},{"type":"Feature","properties":{"fclass":"footway","oneway":"B","bridge":"F","tunnel":"F"},"geometry":{"type":"LineString","coordinates":[[-74.0094897,40.708484],[-74.0094166,40.7084373]]}},{"type":"Feature","properties":{"fclass":"steps","oneway":"B","bridge":"F","tunnel":"F"},"geometry":{"type":"LineString","coordinates":[[-74.0092255,40.7072986],[-74.0092656,40.7072596]]}},{"type":"Feature","properties":{"fclass":"footway","oneway":"B","bridge":"F","tunnel":"F"},"geometry":{"type":"LineString","coordinates":[[-74.0087433,40.7074082],[-74.0087041,40.707385],[-74.008645,40.70734]]}},{"type":"Feature","properties":{"fclass":"footway","oneway":"B","bridge":"F","tunnel":"F"},"geometry":{"type":"LineString","coordinates":[[-74.0096786,40.708029],[-74.0097125,40.7080005],[-74.0098559,40.7080864]]}},{"type":"Feature","properties":{"fclass":"footway","oneway":"B","bridge":"F","tunnel":"F"},"geometry":{"type":"LineString","coordinates":[[-74.009794,40.7081549],[-74.009647,40.7080633],[-74.0096786,40.708029],[-74.0096655,40.7080203]]}},{"type":"Feature","properties":{"fclass":"residential","name":"Pearl Street","oneway":"F","maxspeed":40,"bridge":"F","tunnel":"F"},"geometry":{"type":"LineString","coordinates":[[-74.0043254,40.7078335],[-74.0046626,40.7077033],[-74.0051647,40.7075094],[-74.005482,40.707387],[-74.0057186,40.707295],[-74.005951,40.707205],[-74.0061832,40.7071023],[-74.006456,40.706982],[-74.0065775,40.7068855],[-74.006781,40.706724],[-74.0069293,40.7065755],[-74.00713,40.706375],[-74.007452,40.706051],[-74.0078598,40.7056374],[-74.007949,40.705547],[-74.008007,40.705447],[-74.008046,40.705408],[-74.0081138,40.7053502],[-74.008202,40.705275],[-74.008267,40.7052272],[-74.00838,40.705144],[-74.0085265,40.7050529],[-74.008562,40.705031],[-74.0088781,40.7048603],[-74.009462,40.704545],[-74.0104785,40.7038268],[-74.0106367,40.7037097],[-74.0115824,40.7035186],[-74.0117094,40.7034272],[-74.01257,40.703207],[-74.0128897,40.7031352],[-74.013004,40.7031173],[-74.013715,40.7031344],[-74.0144383,40.7031515]]}},{"type":"Feature","properties":{"fclass":"footway","oneway":"B","bridge":"F","tunnel":"F"},"geometry":{"type":"LineString","coordinates":[[-74.0169369,40.7153202],[-74.01681,40.715214]]}},{"type":"Feature","properties":{"fclass":"pedestrian","oneway":"B","bridge":"F","tunnel":"F"},"geometry":{"type":"LineString","coordinates":[[-74.0110151,40.7253616],[-74.010897,40.7253454],[-74.010846,40.7253379],[-74.0108065,40.7253258],[-74.0107741,40.7253128],[-74.0107466,40.7252963],[-74.0107186,40.7252794],[-74.0106943,40.7252692],[-74.0106605,40.7252626],[-74.0106178,40.7252581],[-74.0105407,40.7252567],[-74.0105031,40.7252581],[-74.0104969,40.7252664],[-74.0104541,40.7252692],[-74.0103572,40.725277],[-74.0103158,40.7252881],[-74.010263,40.72531],[-74.0101748,40.7253554]]}},{"type":"Feature","properties":{"fclass":"footway","oneway":"B","bridge":"F","tunnel":"F"},"geometry":{"type":"LineString","coordinates":[[-74.0060892,40.7043769],[-74.006372,40.7045775],[-74.0064713,40.704641],[-74.0065693,40.7047034],[-74.0066644,40.7047647],[-74.0068358,40.7048796],[-74.0070137,40.7049897],[-74.0071202,40.7050554],[-74.0072401,40.7051236],[-74.007392,40.705183]]}},{"type":"Feature","properties":{"fclass":"footway","oneway":"B","bridge":"F","tunnel":"F"},"geometry":{"type":"LineString","coordinates":[[-74.0139773,40.7025477],[-74.0137706,40.7027106],[-74.0137307,40.7027854],[-74.013715,40.7031344]]}},{"type":"Feature","properties":{"fclass":"footway","oneway":"B","bridge":"F","tunnel":"F"},"geometry":{"type":"LineString","coordinates":[[-74.0167375,40.7120598],[-74.016726,40.7121024]]}},{"type":"Feature","properties":{"fclass":"footway","oneway":"B","bridge":"F","tunnel":"F"},"geometry":{"type":"LineString","coordinates":[[-74.0167567,40.7181751],[-74.016724,40.7181722],[-74.0167071,40.7181745],[-74.0166865,40.7181847],[-74.0166606,40.7182052],[-74.0166442,40.7182225],[-74.0166271,40.7182481],[-74.016621,40.7182761],[-74.0166013,40.7183768],[-74.0165817,40.7184236],[-74.0165611,40.7184549],[-74.0165376,40.7184736],[-74.0165086,40.7184923],[-74.0164644,40.718508],[-74.016415,40.7185188],[-74.0163676,40.7185204],[-74.016311,40.7185118],[-74.0162471,40.7184985],[-74.0161977,40.718501],[-74.0161381,40.7185072],[-74.0160927,40.7185252],[-74.0160763,40.7185415],[-74.0160658,40.7185746]]}},{"type":"Feature","properties":{"fclass":"footway","oneway":"B","bridge":"F","tunnel":"F"},"geometry":{"type":"LineString","coordinates":[[-74.0151356,40.7173749],[-74.0152055,40.717304],[-74.0152637,40.7172278],[-74.0152812,40.7171965],[-74.0152862,40.7171702],[-74.0152862,40.7171381],[-74.0152812,40.7171163],[-74.0152674,40.7170852],[-74.0152065,40.7170125],[-74.0151454,40.7169568],[-74.015235,40.7168557],[-74.0152625,40.7168085],[-74.0152936,40.7167432],[-74.0153235,40.7166442]]}},{"type":"Feature","properties":{"fclass":"footway","oneway":"B","bridge":"F","tunnel":"F"},"geometry":{"type":"LineString","coordinates":[[-74.0162846,40.7170038],[-74.0161345,40.716951],[-74.0160112,40.7168803],[-74.015934,40.716834],[-74.0159165,40.7168094],[-74.0159265,40.7167707],[-74.015959,40.7165989],[-74.0159452,40.7165658],[-74.0159066,40.7165242],[-74.0159003,40.7164931],[-74.0159028,40.7164535],[-74.0159191,40.716411],[-74.0159962,40.7162465],[-74.016017,40.716214],[-74.0160711,40.7161451]]}},{"type":"Feature","properties":{"fclass":"footway","oneway":"B","bridge":"F","tunnel":"F"},"geometry":{"type":"LineString","coordinates":[[-74.0156745,40.7168826],[-74.0155994,40.7168057],[-74.0155533,40.7167651],[-74.0155085,40.7167424],[-74.0154631,40.7167301],[-74.0154344,40.7167296],[-74.0154057,40.7167342],[-74.0153834,40.7167495],[-74.015356,40.7167726],[-74.0152755,40.7168877],[-74.0152718,40.7169],[-74.015278,40.7169062],[-74.0152923,40.7169034],[-74.0153247,40.7168826],[-74.015364,40.7168547],[-74.0154401,40.7168037]]}},{"type":"Feature","properties":{"fclass":"footway","oneway":"B","bridge":"F","tunnel":"F"},"geometry":{"type":"LineString","coordinates":[[-74.0162447,40.717087],[-74.0160074,40.7169982],[-74.0158506,40.7169323],[-74.015762,40.7168718],[-74.015735,40.7168429],[-74.0157072,40.7168132],[-74.0156175,40.7167065],[-74.0155129,40.716613],[-74.0154991,40.7165753],[-74.015503,40.716528],[-74.0155179,40.7164856],[-74.0155564,40.7164298],[-74.015605,40.7163693],[-74.0156474,40.716326],[-74.0156972,40.7162447],[-74.015793,40.7161093],[-74.0158438,40.7160406]]}},{"type":"Feature","properties":{"fclass":"footway","oneway":"B","bridge":"F","tunnel":"F"},"geometry":{"type":"LineString","coordinates":[[-74.0156312,40.7171581],[-74.0156965,40.717186]]}},{"type":"Feature","properties":{"fclass":"footway","oneway":"B","bridge":"F","tunnel":"F"},"geometry":{"type":"LineString","coordinates":[[-74.0154383,40.7173096],[-74.0156251,40.717168],[-74.0156312,40.7171581],[-74.0156347,40.7171473],[-74.0156347,40.7171353],[-74.0155873,40.7169637],[-74.0155793,40.716951],[-74.0155379,40.7169544],[-74.015493,40.7169556],[-74.0154506,40.7169544],[-74.0154145,40.7169544],[-74.0153142,40.7172554],[-74.0153167,40.7172769],[-74.0153255,40.7172909],[-74.0153353,40.7173002],[-74.0153484,40.717309],[-74.0153652,40.717317],[-74.015381,40.7173203],[-74.015397,40.7173223],[-74.0154136,40.7173215],[-74.0154251,40.717319],[-74.0154383,40.7173096]]}},{"type":"Feature","properties":{"fclass":"footway","oneway":"B","bridge":"F","tunnel":"F"},"geometry":{"type":"LineString","coordinates":[[-74.0155793,40.716951],[-74.015658,40.7168935],[-74.0156745,40.7168826],[-74.015735,40.7168429]]}},{"type":"Feature","properties":{"fclass":"footway","oneway":"B","bridge":"F","tunnel":"F"},"geometry":{"type":"LineString","coordinates":[[-74.0154145,40.7169544],[-74.0153397,40.7169634],[-74.01527,40.7169832],[-74.0152065,40.7170125]]}},{"type":"Feature","properties":{"fclass":"footway","oneway":"B","bridge":"F","tunnel":"F"},"geometry":{"type":"LineString","coordinates":[[-74.0155129,40.716613],[-74.015447,40.7166303],[-74.0153834,40.7166369],[-74.0153235,40.7166442],[-74.0152302,40.7165945],[-74.0151153,40.7165335],[-74.015024,40.716493],[-74.014777,40.716379]]}},{"type":"Feature","properties":{"fclass":"footway","oneway":"B","bridge":"F","tunnel":"F"},"geometry":{"type":"LineString","coordinates":[[-74.0153957,40.7174965],[-74.0154573,40.7174189],[-74.0154944,40.7173723],[-74.0156438,40.7172439],[-74.0156965,40.717186],[-74.015726,40.7171541],[-74.0157934,40.7170541],[-74.0158506,40.7169323]]}},{"type":"Feature","properties":{"fclass":"pedestrian","name":"Washington Street","oneway":"B","bridge":"F","tunnel":"F"},"geometry":{"type":"LineString","coordinates":[[-74.0140486,40.7090879],[-74.0140331,40.7091284],[-74.0139044,40.709463],[-74.0138881,40.7095052]]}},{"type":"Feature","properties":{"fclass":"footway","oneway":"B","bridge":"F","tunnel":"F"},"geometry":{"type":"LineString","coordinates":[[-74.0184664,40.7068732],[-74.0188897,40.7069655]]}},{"type":"Feature","properties":{"fclass":"footway","oneway":"B","bridge":"F","tunnel":"F"},"geometry":{"type":"LineString","coordinates":[[-74.0183587,40.7071668],[-74.0179822,40.7070067],[-74.0179458,40.7069912]]}},{"type":"Feature","properties":{"fclass":"residential","name":"Washington Street","oneway":"B","bridge":"F","tunnel":"F"},"geometry":{"type":"LineString","coordinates":[[-74.0138881,40.7095052],[-74.0136683,40.7100561]]}},{"type":"Feature","properties":{"fclass":"residential","name":"Greenwich Street","oneway":"F","bridge":"F","tunnel":"F"},"geometry":{"type":"LineString","coordinates":[[-74.0119705,40.7120811],[-74.0123901,40.7109037],[-74.012422,40.7108101]]}},{"type":"Feature","properties":{"fclass":"pedestrian","oneway":"B","bridge":"F","tunnel":"F"},"geometry":{"type":"LineString","coordinates":[[-74.006419,40.7074931],[-74.0063842,40.707524],[-74.006838,40.707858],[-74.00685,40.707836],[-74.006941,40.707697],[-74.007035,40.707578],[-74.007151,40.707458],[-74.007286,40.707341],[-74.007459,40.707219],[-74.0072954,40.7072281],[-74.0072622,40.7072536],[-74.0071536,40.7073348],[-74.0067989,40.707604],[-74.0066697,40.707506],[-74.006535,40.7074033],[-74.006419,40.7074931]]}},{"type":"Feature","properties":{"fclass":"pedestrian","oneway":"B","bridge":"F","tunnel":"F"},"geometry":{"type":"LineString","coordinates":[[-74.0055244,40.7081055],[-74.0055825,40.7081624],[-74.0056095,40.7081875],[-74.005637,40.7082128],[-74.0056576,40.7082319],[-74.0056691,40.7082426],[-74.0056962,40.708268],[-74.0056703,40.7082868],[-74.0056284,40.7083143],[-74.0056371,40.7083222],[-74.0055746,40.7083633],[-74.0055638,40.7083537],[-74.005527,40.7083778],[-74.0055141,40.7083638],[-74.0053908,40.708243],[-74.0053321,40.7081817],[-74.0055244,40.7081055]]}},{"type":"Feature","properties":{"fclass":"footway","oneway":"B","bridge":"F","tunnel":"F"},"geometry":{"type":"LineString","coordinates":[[-74.0062022,40.7109694],[-74.0061244,40.7110144],[-74.0056011,40.7113122],[-74.0055052,40.7113664]]}},{"type":"Feature","properties":{"fclass":"service","oneway":"B","bridge":"F","tunnel":"F"},"geometry":{"type":"LineString","coordinates":[[-74.0030028,40.7080387],[-74.0031452,40.7079436]]}},{"type":"Feature","properties":{"fclass":"service","oneway":"B","bridge":"F","tunnel":"F"},"geometry":{"type":"LineString","coordinates":[[-74.0031963,40.7082842],[-74.0031093,40.7081739],[-74.0030028,40.7080387],[-74.0023033,40.708427]]}},{"type":"Feature","properties":{"fclass":"cycleway","oneway":"F","bridge":"F","tunnel":"F"},"geometry":{"type":"LineString","coordinates":[[-73.975881,40.744779],[-73.9758571,40.744643],[-73.9762215,40.7441413],[-73.9762766,40.7440652],[-73.9763316,40.7439892],[-73.9766636,40.7435172],[-73.9766885,40.7434837],[-73.9767467,40.7434047],[-73.9771277,40.7429004],[-73.9771747,40.7428391],[-73.9772141,40.7427824],[-73.9775302,40.7423394],[-73.9776094,40.7422283],[-73.977652,40.7421708],[-73.9780723,40.7416032],[-73.97852,40.7409857],[-73.9789764,40.7403597],[-73.9794219,40.739744],[-73.9798721,40.739128],[-73.980308,40.7385045],[-73.980716,40.7379465],[-73.9808145,40.7378404],[-73.9808938,40.7377576],[-73.9813153,40.7371747],[-73.9817646,40.7365666],[-73.9821842,40.7359854],[-73.9826156,40.7353976],[-73.9830393,40.7348105],[-73.9834683,40.7342265],[-73.9843627,40.7330002],[-73.9848716,40.7323181],[-73.9853654,40.7316249],[-73.9858263,40.7309842],[-73.986293,40.7303472],[-73.9867401,40.7297488],[-73.987166,40.7291612],[-73.9875992,40.7285644],[-73.9880372,40.7279514],[-73.9884665,40.7273715],[-73.9889093,40.7267605],[-73.989351,40.7261557],[-73.9897908,40.7255485],[-73.9902183,40.7249545],[-73.9903443,40.724929]]}},{"type":"Feature","properties":{"fclass":"primary","name":"1st Avenue","oneway":"F","bridge":"F","tunnel":"F"},"geometry":{"type":"LineString","coordinates":[[-73.988451,40.723277],[-73.9884068,40.7233377],[-73.987968,40.723942],[-73.987502,40.724584],[-73.987053,40.725203],[-73.986623,40.725796],[-73.986176,40.726409],[-73.985753,40.726988],[-73.985307,40.727599],[-73.984875,40.728194],[-73.9844395,40.7287826],[-73.9839986,40.729373],[-73.983536,40.7300191],[-73.9830643,40.7306534],[-73.9828578,40.7309397]]}},{"type":"Feature","properties":{"fclass":"footway","oneway":"B","bridge":"F","tunnel":"F"},"geometry":{"type":"LineString","coordinates":[[-74.0112354,40.723546],[-74.0112198,40.723613],[-74.0112072,40.723663]]}},{"type":"Feature","properties":{"fclass":"footway","oneway":"B","bridge":"F","tunnel":"F"},"geometry":{"type":"LineString","coordinates":[[-74.0104845,40.7297312],[-74.0103583,40.7297183],[-74.0103461,40.7298109],[-74.0103396,40.7298921]]}},{"type":"Feature","properties":{"fclass":"primary","name":"Water Street","oneway":"B","bridge":"F","tunnel":"F"},"geometry":{"type":"LineString","coordinates":[[-74.008789,40.704211],[-74.008126,40.704672],[-74.0081106,40.7046827],[-74.007392,40.705183],[-74.006766,40.705624],[-74.006021,40.706142],[-74.005691,40.706375],[-74.005003,40.706853],[-74.004067,40.7074501]]}},{"type":"Feature","properties":{"fclass":"residential","name":"Orchard Street","oneway":"F","bridge":"F","tunnel":"F"},"geometry":{"type":"LineString","coordinates":[[-73.9897282,40.7191093],[-73.9891101,40.7203061],[-73.9885411,40.7214132],[-73.9885198,40.7214549],[-73.9884873,40.721518],[-73.9879094,40.7226423],[-73.9878544,40.7227492],[-73.987845,40.7227676]]}},{"type":"Feature","properties":{"fclass":"footway","oneway":"B","bridge":"F","tunnel":"F"},"geometry":{"type":"LineString","coordinates":[[-73.9981347,40.7099595],[-73.99743,40.7100702],[-73.9973652,40.7100935],[-73.9973276,40.710126],[-73.9973104,40.7101457],[-73.9973004,40.710196],[-73.9973187,40.7102802],[-73.997337,40.7103292],[-73.9974017,40.7105167],[-73.9974083,40.7105822],[-73.9974083,40.7106652],[-73.9974017,40.7107343],[-73.997428,40.7108667],[-73.9974963,40.7111219],[-73.9975375,40.7112424],[-73.9975574,40.7112979]]}},{"type":"Feature","properties":{"fclass":"footway","oneway":"B","bridge":"F","tunnel":"F"},"geometry":{"type":"LineString","coordinates":[[-73.9973276,40.710126],[-73.9972877,40.7101078]]}},{"type":"Feature","properties":{"fclass":"footway","oneway":"B","bridge":"F","tunnel":"F"},"geometry":{"type":"LineString","coordinates":[[-73.9972135,40.7101191],[-73.9970891,40.7096794]]}},{"type":"Feature","properties":{"fclass":"footway","oneway":"B","bridge":"F","tunnel":"F"},"geometry":{"type":"LineString","coordinates":[[-73.9969314,40.7114311],[-73.9968053,40.7114516]]}},{"type":"Feature","properties":{"fclass":"footway","oneway":"B","bridge":"F","tunnel":"F"},"geometry":{"type":"LineString","coordinates":[[-73.9974835,40.7096171],[-73.9974422,40.7094674]]}},{"type":"Feature","properties":{"fclass":"footway","oneway":"B","bridge":"F","tunnel":"F"},"geometry":{"type":"LineString","coordinates":[[-73.9979746,40.7095237],[-73.9979471,40.7093838]]}},{"type":"Feature","properties":{"fclass":"footway","oneway":"B","bridge":"F","tunnel":"F"},"geometry":{"type":"LineString","coordinates":[[-74.0007276,40.7109855],[-74.0005666,40.7111222],[-74.0004896,40.7111629]]}},{"type":"Feature","properties":{"fclass":"footway","oneway":"B","bridge":"F","tunnel":"F"},"geometry":{"type":"LineString","coordinates":[[-73.9995878,40.7116972],[-73.9995137,40.711812],[-73.9994769,40.7118977]]}},{"type":"Feature","properties":{"fclass":"footway","oneway":"B","bridge":"F","tunnel":"F"},"geometry":{"type":"LineString","coordinates":[[-73.9978794,40.7120554],[-73.997872,40.7119617],[-73.997869,40.7118741]]}},{"type":"Feature","properties":{"fclass":"footway","oneway":"B","bridge":"F","tunnel":"F"},"geometry":{"type":"LineString","coordinates":[[-73.9999946,40.7116662],[-73.9998157,40.7116815],[-73.9995878,40.7116972]]}},{"type":"Feature","properties":{"fclass":"service","oneway":"B","bridge":"F","tunnel":"F"},"geometry":{"type":"LineString","coordinates":[[-73.9966847,40.7101998],[-73.9972135,40.7101191],[-73.9972877,40.7101078]]}},{"type":"Feature","properties":{"fclass":"footway","oneway":"B","bridge":"F","tunnel":"F"},"geometry":{"type":"LineString","coordinates":[[-74.0004896,40.7111629],[-74.0003817,40.71111],[-74.0002563,40.7110496]]}},{"type":"Feature","properties":{"fclass":"footway","oneway":"B","bridge":"F","tunnel":"F"},"geometry":{"type":"LineString","coordinates":[[-73.9987242,40.7117825],[-73.9987423,40.7118822],[-73.9987567,40.7119581]]}},{"type":"Feature","properties":{"fclass":"footway","oneway":"B","bridge":"F","tunnel":"F"},"geometry":{"type":"LineString","coordinates":[[-74.0005208,40.7108148],[-74.0006082,40.7108827],[-74.0007276,40.7109855]]}},{"type":"Feature","properties":{"fclass":"footway","oneway":"B","bridge":"F","tunnel":"F"},"geometry":{"type":"LineString","coordinates":[[-73.9986132,40.711974],[-73.9986366,40.711892],[-73.9986494,40.7117907]]}},{"type":"Feature","properties":{"fclass":"footway","oneway":"B","bridge":"F","tunnel":"F"},"geometry":{"type":"LineString","coordinates":[[-73.9994769,40.7118977],[-73.9987567,40.7119581]]}},{"type":"Feature","properties":{"fclass":"footway","oneway":"B","bridge":"F","tunnel":"F"},"geometry":{"type":"LineString","coordinates":[[-73.9994769,40.7118977],[-73.9996108,40.711885],[-73.9997912,40.7118621],[-73.9998843,40.7117783],[-73.9999946,40.7116662]]}},{"type":"Feature","properties":{"fclass":"footway","oneway":"B","bridge":"F","tunnel":"F"},"geometry":{"type":"LineString","coordinates":[[-73.9969314,40.7114311],[-73.9969223,40.7113961]]}},{"type":"Feature","properties":{"fclass":"footway","oneway":"B","bridge":"F","tunnel":"F"},"geometry":{"type":"LineString","coordinates":[[-74.0159476,40.7079225],[-74.0154865,40.7091636],[-74.0152991,40.7098508]]}},{"type":"Feature","properties":{"fclass":"footway","oneway":"B","bridge":"F","tunnel":"F"},"geometry":{"type":"LineString","coordinates":[[-74.0160663,40.7077594],[-74.0159936,40.7078411],[-74.0159476,40.7079225]]}},{"type":"Feature","properties":{"fclass":"pedestrian","name":"Little Red Square","oneway":"B","bridge":"F","tunnel":"F"},"geometry":{"type":"LineString","coordinates":[[-74.0019311,40.7294642],[-74.0024383,40.7288832],[-74.0024714,40.7288885],[-74.0021264,40.7295514],[-74.0020772,40.7295295],[-74.0019311,40.7294642]]}},{"type":"Feature","properties":{"fclass":"footway","name":"Bleecker Street","oneway":"B","bridge":"F","tunnel":"F"},"geometry":{"type":"LineString","coordinates":[[-74.0019311,40.7294642],[-74.0020772,40.7295295],[-74.0021264,40.7295514]]}},{"type":"Feature","properties":{"fclass":"footway","name":"6th Avenue","oneway":"B","bridge":"F","tunnel":"F"},"geometry":{"type":"LineString","coordinates":[[-74.0029901,40.7283096],[-74.0029839,40.7283812],[-74.002984,40.7284513],[-74.0029121,40.7285172],[-74.0028615,40.7285745]]}},{"type":"Feature","properties":{"fclass":"footway","oneway":"B","bridge":"F","tunnel":"F"},"geometry":{"type":"LineString","coordinates":[[-74.0020098,40.7297467],[-74.0020221,40.729705],[-74.0020485,40.7296153],[-74.0020772,40.7295295]]}},{"type":"Feature","properties":{"fclass":"footway","name":"West Houston Street","oneway":"B","bridge":"F","tunnel":"F"},"geometry":{"type":"LineString","coordinates":[[-74.00263,40.7284563],[-74.0027551,40.7285176],[-74.0028615,40.7285745]]}},{"type":"Feature","properties":{"fclass":"footway","name":"6th Avenue","oneway":"B","bridge":"F","tunnel":"F"},"geometry":{"type":"LineString","coordinates":[[-74.0027682,40.7281503],[-74.0027311,40.7282326],[-74.0026832,40.7283384],[-74.0026627,40.7283838],[-74.00263,40.7284563]]}},{"type":"Feature","properties":{"fclass":"footway","name":"West Houston Street","oneway":"B","bridge":"F","tunnel":"F"},"geometry":{"type":"LineString","coordinates":[[-74.0030985,40.7283367],[-74.0029901,40.7283096],[-74.0028881,40.7282397],[-74.0027682,40.7281503]]}},{"type":"Feature","properties":{"fclass":"residential","name":"Thompson Street","oneway":"B","bridge":"F","tunnel":"F"},"geometry":{"type":"LineString","coordinates":[[-73.9980696,40.7302877],[-73.998605,40.729685]]}},{"type":"Feature","properties":{"fclass":"footway","oneway":"B","bridge":"F","tunnel":"F"},"geometry":{"type":"LineString","coordinates":[[-74.000745,40.7118132],[-73.9997912,40.7118621],[-73.9990893,40.7125469],[-73.9983925,40.7132264]]}},{"type":"Feature","properties":{"fclass":"footway","oneway":"B","bridge":"F","tunnel":"F"},"geometry":{"type":"LineString","coordinates":[[-74.0011712,40.7103808],[-74.0007821,40.7108781],[-74.0007276,40.7109855],[-74.0007906,40.7111333],[-74.0009823,40.7114498],[-74.0010548,40.7116111]]}},{"type":"Feature","properties":{"fclass":"footway","oneway":"B","bridge":"F","tunnel":"F"},"geometry":{"type":"LineString","coordinates":[[-73.9978794,40.7120554],[-73.9981874,40.7131213],[-73.9982089,40.7131356]]}},{"type":"Feature","properties":{"fclass":"footway","oneway":"B","bridge":"F","tunnel":"F"},"geometry":{"type":"LineString","coordinates":[[-74.0004896,40.7111629],[-74.000484,40.711195]]}},{"type":"Feature","properties":{"fclass":"footway","oneway":"B","bridge":"F","tunnel":"F"},"geometry":{"type":"LineString","coordinates":[[-73.9977767,40.7136584],[-73.9978708,40.7137235]]}},{"type":"Feature","properties":{"fclass":"footway","oneway":"B","bridge":"F","tunnel":"F"},"geometry":{"type":"LineString","coordinates":[[-73.9963783,40.7092981],[-73.996424,40.7092727],[-73.9978538,40.7090507],[-73.9986595,40.7089225],[-73.9991866,40.7088417],[-73.9992081,40.7088518],[-74.0000646,40.7095245],[-74.000932,40.7102267],[-74.0010366,40.710298],[-74.0011712,40.7103808],[-74.0011943,40.710349],[-74.0012413,40.7102708]]}},{"type":"Feature","properties":{"fclass":"footway","oneway":"B","bridge":"F","tunnel":"F"},"geometry":{"type":"LineString","coordinates":[[-73.9987567,40.7119581],[-73.9988744,40.7124024],[-73.998912,40.7124416]]}},{"type":"Feature","properties":{"fclass":"footway","oneway":"B","bridge":"F","tunnel":"F"},"geometry":{"type":"LineString","coordinates":[[-73.9973855,40.7135401],[-73.9973202,40.7135491],[-73.9972373,40.7135607],[-73.9972168,40.7134756],[-73.9971957,40.7133885],[-73.9972737,40.7133777],[-73.997346,40.7133712]]}},{"type":"Feature","properties":{"fclass":"unclassified","name":"William Street","oneway":"F","bridge":"F","tunnel":"F"},"geometry":{"type":"LineString","coordinates":[[-74.006076,40.7099177],[-74.0060472,40.7099466],[-74.005599,40.710397]]}},{"type":"Feature","properties":{"fclass":"residential","name":"Ann Street","oneway":"F","maxspeed":40,"bridge":"F","tunnel":"T"},"geometry":{"type":"LineString","coordinates":[[-74.006076,40.7099177],[-74.0060226,40.7098691],[-74.005218,40.7094667],[-74.0051236,40.709403]]}},{"type":"Feature","properties":{"fclass":"residential","name":"Beaver Street","oneway":"F","maxspeed":40,"bridge":"F","tunnel":"F"},"geometry":{"type":"LineString","coordinates":[[-74.009016,40.705313],[-74.009984,40.705148]]}},{"type":"Feature","properties":{"fclass":"residential","name":"Hanover Street","oneway":"F","bridge":"F","tunnel":"F"},"geometry":{"type":"LineString","coordinates":[[-74.009016,40.705313],[-74.0089152,40.7049707],[-74.0088781,40.7048603]]}},{"type":"Feature","properties":{"fclass":"unclassified","name":"William Street","oneway":"F","bridge":"F","tunnel":"F"},"geometry":{"type":"LineString","coordinates":[[-74.009984,40.705148],[-74.009995,40.705331],[-74.009866,40.705797],[-74.009502,40.706379],[-74.008996,40.706953],[-74.008645,40.70734],[-74.0085853,40.7074005],[-74.008269,40.707722],[-74.0080159,40.707988],[-74.0076525,40.7083571],[-74.0074948,40.708521],[-74.0072882,40.7087143],[-74.006435,40.709557],[-74.006076,40.7099177]]}},{"type":"Feature","properties":{"fclass":"residential","name":"Beaver Street","oneway":"F","maxspeed":40,"bridge":"F","tunnel":"F"},"geometry":{"type":"LineString","coordinates":[[-74.009984,40.705148],[-74.0106123,40.705085],[-74.0113951,40.7050398],[-74.0115502,40.7049909]]}},{"type":"Feature","properties":{"fclass":"unclassified","name":"Beaver Street","oneway":"F","maxspeed":40,"bridge":"F","tunnel":"F"},"geometry":{"type":"LineString","coordinates":[[-74.0115502,40.7049909],[-74.011669,40.7049652],[-74.012627,40.7050111],[-74.0133487,40.7050474]]}},{"type":"Feature","properties":{"fclass":"pedestrian","name":"Front Street","oneway":"B","bridge":"F","tunnel":"F"},"geometry":{"type":"LineString","coordinates":[[-74.0027936,40.7071909],[-74.002744,40.707216]]}},{"type":"Feature","properties":{"fclass":"residential","name":"Beekman Street","oneway":"F","maxspeed":40,"bridge":"F","tunnel":"F"},"geometry":{"type":"LineString","coordinates":[[-74.002744,40.707216],[-74.003108,40.707671],[-74.0033612,40.7080029],[-74.0034468,40.7080774]]}},{"type":"Feature","properties":{"fclass":"unclassified","name":"Broad Street","oneway":"B","maxspeed":40,"bridge":"F","tunnel":"F"},"geometry":{"type":"LineString","coordinates":[[-74.011576,40.7040261],[-74.0115824,40.7035186]]}},{"type":"Feature","properties":{"fclass":"secondary","name":"Broadway","oneway":"F","maxspeed":40,"bridge":"F","tunnel":"F"},"geometry":{"type":"LineString","coordinates":[[-74.0081224,40.7119925],[-74.0086337,40.7113899]]}},{"type":"Feature","properties":{"fclass":"primary","name":"Canal Street","oneway":"B","bridge":"F","tunnel":"F"},"geometry":{"type":"LineString","coordinates":[[-73.997753,40.7168256],[-73.998586,40.7171185]]}},{"type":"Feature","properties":{"fclass":"footway","oneway":"B","bridge":"F","tunnel":"F"},"geometry":{"type":"LineString","coordinates":[[-73.9915125,40.7299586],[-73.9913195,40.729922],[-73.9911555,40.7298953]]}},{"type":"Feature","properties":{"fclass":"footway","oneway":"B","bridge":"F","tunnel":"F"},"geometry":{"type":"LineString","coordinates":[[-73.99138,40.7297806],[-73.9912656,40.7298405],[-73.9911555,40.7298953]]}},{"type":"Feature","properties":{"fclass":"footway","oneway":"B","bridge":"F","tunnel":"F"},"geometry":{"type":"LineString","coordinates":[[-73.9911361,40.730138],[-73.9910255,40.7300969],[-73.990905,40.7300647],[-73.9908415,40.7300275],[-73.9906566,40.7299673],[-73.9905753,40.7299006]]}},{"type":"Feature","properties":{"fclass":"footway","oneway":"B","bridge":"F","tunnel":"F"},"geometry":{"type":"LineString","coordinates":[[-73.9916833,40.7298148],[-73.991582,40.7298905],[-73.9915125,40.7299586]]}},{"type":"Feature","properties":{"fclass":"footway","oneway":"B","bridge":"F","tunnel":"F"},"geometry":{"type":"LineString","coordinates":[[-73.9913156,40.730063],[-73.9911635,40.7299972],[-73.991052,40.7299492]]}},{"type":"Feature","properties":{"fclass":"footway","oneway":"B","bridge":"F","tunnel":"F"},"geometry":{"type":"LineString","coordinates":[[-73.990619,40.7296749],[-73.9906097,40.7297438],[-73.990588,40.7298431],[-73.9905753,40.7299006]]}},{"type":"Feature","properties":{"fclass":"footway","oneway":"B","bridge":"F","tunnel":"F"},"geometry":{"type":"LineString","coordinates":[[-73.9898005,40.7294459],[-73.9899397,40.7295052],[-73.9900822,40.7295681]]}},{"type":"Feature","properties":{"fclass":"footway","oneway":"B","bridge":"F","tunnel":"F"},"geometry":{"type":"LineString","coordinates":[[-73.9899881,40.7296924],[-73.990045,40.7296173],[-73.9900822,40.7295681]]}},{"type":"Feature","properties":{"fclass":"footway","oneway":"B","bridge":"F","tunnel":"F"},"geometry":{"type":"LineString","coordinates":[[-73.9898005,40.7294459],[-73.9897638,40.7294983],[-73.9897246,40.7295542]]}},{"type":"Feature","properties":{"fclass":"pedestrian","oneway":"B","bridge":"F","tunnel":"F"},"geometry":{"type":"LineString","coordinates":[[-73.9899572,40.7296824],[-73.9899881,40.7296924],[-73.9903768,40.7298212],[-73.9903708,40.7298325],[-73.9903657,40.7298421],[-73.9898461,40.7299365],[-73.9898183,40.7299243],[-73.9897985,40.7299156],[-73.9899422,40.7297039],[-73.9899572,40.7296824]]}},{"type":"Feature","properties":{"fclass":"footway","oneway":"B","bridge":"F","tunnel":"F"},"geometry":{"type":"LineString","coordinates":[[-73.9903708,40.7298325],[-73.9899713,40.7297145],[-73.9899422,40.7297039]]}},{"type":"Feature","properties":{"fclass":"footway","oneway":"B","bridge":"F","tunnel":"F"},"geometry":{"type":"LineString","coordinates":[[-73.9909324,40.7234576],[-73.9911026,40.7235064],[-73.9912364,40.7235454]]}},{"type":"Feature","properties":{"fclass":"footway","oneway":"B","bridge":"F","tunnel":"F"},"geometry":{"type":"LineString","coordinates":[[-73.9908654,40.7237941],[-73.9908853,40.7236937],[-73.9909125,40.7235573],[-73.9909324,40.7234576]]}},{"type":"Feature","properties":{"fclass":"footway","oneway":"B","bridge":"F","tunnel":"F"},"geometry":{"type":"LineString","coordinates":[[-73.991247,40.7276727],[-73.9913496,40.7277118],[-73.9914337,40.7277438]]}},{"type":"Feature","properties":{"fclass":"footway","oneway":"B","bridge":"F","tunnel":"F"},"geometry":{"type":"LineString","coordinates":[[-73.9912364,40.7235454],[-73.991212,40.7236461],[-73.9911612,40.7237757],[-73.991111,40.723868]]}},{"type":"Feature","properties":{"fclass":"footway","oneway":"B","bridge":"F","tunnel":"F"},"geometry":{"type":"LineString","coordinates":[[-73.9908654,40.7237941],[-73.9909913,40.7238322],[-73.991111,40.723868],[-73.9911844,40.7238898]]}},{"type":"Feature","properties":{"fclass":"footway","oneway":"B","bridge":"F","tunnel":"F"},"geometry":{"type":"LineString","coordinates":[[-74.0043013,40.7131365],[-74.0041927,40.7131968]]}},{"type":"Feature","properties":{"fclass":"footway","oneway":"B","bridge":"F","tunnel":"F"},"geometry":{"type":"LineString","coordinates":[[-74.0048852,40.7134106],[-74.0045192,40.7132448],[-74.0043013,40.7131365],[-74.0041414,40.7130568]]}},{"type":"Feature","properties":{"fclass":"service","name":"Steve Flanders Square","oneway":"B","bridge":"F","tunnel":"F"},"geometry":{"type":"LineString","coordinates":[[-74.005742,40.712237],[-74.0058455,40.7123337],[-74.0063082,40.7125605],[-74.0070483,40.7129127],[-74.0072253,40.7130447]]}},{"type":"Feature","properties":{"fclass":"footway","oneway":"B","bridge":"F","tunnel":"F"},"geometry":{"type":"LineString","coordinates":[[-74.0048852,40.7134106],[-74.0050549,40.713196],[-74.0051295,40.7132304]]}},{"type":"Feature","properties":{"fclass":"steps","oneway":"B","bridge":"F","tunnel":"F"},"geometry":{"type":"LineString","coordinates":[[-73.9961262,40.7284471],[-73.9958907,40.7287336],[-73.9956014,40.7290763]]}},{"type":"Feature","properties":{"fclass":"footway","oneway":"B","bridge":"F","tunnel":"F"},"geometry":{"type":"LineString","coordinates":[[-73.9900822,40.7295681],[-73.9902785,40.7296323],[-73.990619,40.7296749]]}},{"type":"Feature","properties":{"fclass":"footway","oneway":"B","bridge":"F","tunnel":"F"},"geometry":{"type":"LineString","coordinates":[[-73.9897246,40.7295542],[-73.9895438,40.7298166],[-73.9895292,40.7298375]]}},{"type":"Feature","properties":{"fclass":"footway","oneway":"B","bridge":"F","tunnel":"F"},"geometry":{"type":"LineString","coordinates":[[-73.9901346,40.7219072],[-73.9900822,40.7220005]]}},{"type":"Feature","properties":{"fclass":"footway","oneway":"B","bridge":"F","tunnel":"F"},"geometry":{"type":"LineString","coordinates":[[-73.989993,40.7218628],[-73.9899313,40.7219631]]}},{"type":"Feature","properties":{"fclass":"footway","oneway":"B","bridge":"F","tunnel":"F"},"geometry":{"type":"LineString","coordinates":[[-73.9905844,40.7207045],[-73.9907263,40.7207395],[-73.9906739,40.7208424]]}},{"type":"Feature","properties":{"fclass":"footway","oneway":"B","bridge":"F","tunnel":"F"},"geometry":{"type":"LineString","coordinates":[[-73.9905844,40.7207045],[-73.9905444,40.720798]]}},{"type":"Feature","properties":{"fclass":"footway","oneway":"B","bridge":"F","tunnel":"F"},"geometry":{"type":"LineString","coordinates":[[-73.9956096,40.7172811],[-73.9955419,40.7173956],[-73.9952585,40.7173092],[-73.9953231,40.7171855],[-73.9956096,40.7172811]]}},{"type":"Feature","properties":{"fclass":"footway","oneway":"B","bridge":"F","tunnel":"F"},"geometry":{"type":"LineString","coordinates":[[-73.996075,40.7159431],[-73.9961626,40.7160253],[-73.9962316,40.7160884],[-73.9962998,40.716151],[-73.996155,40.7163962],[-73.9958376,40.7162887],[-73.9958945,40.7162271],[-73.9959524,40.7161403],[-73.996004,40.7160599],[-73.9960324,40.7160141],[-73.996075,40.7159431]]}},{"type":"Feature","properties":{"fclass":"footway","oneway":"B","bridge":"F","tunnel":"F"},"geometry":{"type":"LineString","coordinates":[[-73.9966942,40.7149319],[-73.9968931,40.7150166],[-73.99699,40.715058],[-73.9969283,40.7151607],[-73.9968236,40.715122],[-73.9966202,40.7150464]]}},{"type":"Feature","properties":{"fclass":"footway","oneway":"B","bridge":"F","tunnel":"F"},"geometry":{"type":"LineString","coordinates":[[-73.9977767,40.7136584],[-73.9978708,40.7137235],[-73.9980652,40.7138483]]}},{"type":"Feature","properties":{"fclass":"footway","oneway":"B","bridge":"F","tunnel":"F"},"geometry":{"type":"LineString","coordinates":[[-73.997711,40.7140725],[-73.9976763,40.7141135],[-73.9976401,40.7141565],[-73.9975543,40.7141084],[-73.9974447,40.7140458],[-73.997372,40.7140025],[-73.9972333,40.7141752]]}},{"type":"Feature","properties":{"fclass":"footway","oneway":"B","bridge":"F","tunnel":"F"},"geometry":{"type":"LineString","coordinates":[[-73.997372,40.7140025],[-73.9974331,40.7139385],[-73.9974738,40.713895]]}},{"type":"Feature","properties":{"fclass":"footway","oneway":"B","bridge":"F","tunnel":"F"},"geometry":{"type":"LineString","coordinates":[[-73.9989249,40.7135027],[-73.9987461,40.7136522],[-73.9986597,40.7136598],[-73.9985705,40.7136684],[-73.9982655,40.713456],[-73.9984206,40.7133843],[-73.9985397,40.7133275],[-73.9986714,40.7133879],[-73.9988052,40.7134507],[-73.9989249,40.7135027]]}},{"type":"Feature","properties":{"fclass":"footway","oneway":"B","bridge":"F","tunnel":"F"},"geometry":{"type":"LineString","coordinates":[[-73.9971964,40.7128675],[-73.99707,40.7128814],[-73.99703,40.7127554],[-73.9971656,40.7127437],[-73.9971964,40.7128675]]}},{"type":"Feature","properties":{"fclass":"footway","oneway":"B","bridge":"F","tunnel":"F"},"geometry":{"type":"LineString","coordinates":[[-73.997346,40.7133712],[-73.9977594,40.7133568],[-73.9980038,40.7133405],[-73.9980783,40.7132846]]}},{"type":"Feature","properties":{"fclass":"footway","oneway":"B","bridge":"F","tunnel":"F"},"geometry":{"type":"LineString","coordinates":[[-73.9973855,40.7135401],[-73.9973668,40.7134633],[-73.997346,40.7133712]]}},{"type":"Feature","properties":{"fclass":"footway","oneway":"B","bridge":"F","tunnel":"F"},"geometry":{"type":"LineString","coordinates":[[-73.9983925,40.7132264],[-73.9982978,40.7131814],[-73.9982089,40.7131356]]}},{"type":"Feature","properties":{"fclass":"footway","oneway":"B","bridge":"F","tunnel":"F"},"geometry":{"type":"LineString","coordinates":[[-73.9982089,40.7131356],[-73.9981491,40.7131923],[-73.9980864,40.7132608],[-73.9980783,40.7132846],[-73.9980736,40.7132985],[-73.9980105,40.7135423]]}},{"type":"Feature","properties":{"fclass":"footway","oneway":"B","bridge":"F","tunnel":"F"},"geometry":{"type":"LineString","coordinates":[[-73.9982089,40.7131356],[-73.9988586,40.7124986],[-73.998912,40.7124416]]}},{"type":"Feature","properties":{"fclass":"footway","oneway":"B","bridge":"F","tunnel":"F"},"geometry":{"type":"LineString","coordinates":[[-73.998912,40.7124416],[-73.9994769,40.7118977]]}},{"type":"Feature","properties":{"fclass":"footway","oneway":"B","bridge":"F","tunnel":"F"},"geometry":{"type":"LineString","coordinates":[[-73.998912,40.7124416],[-73.9989958,40.7124936],[-73.9990893,40.7125469]]}},{"type":"Feature","properties":{"fclass":"footway","oneway":"B","bridge":"F","tunnel":"F"},"geometry":{"type":"LineString","coordinates":[[-73.9980105,40.7135423],[-73.9979059,40.7136013],[-73.9977767,40.7136584],[-73.9976716,40.7135131],[-73.9973855,40.7135401]]}},{"type":"Feature","properties":{"fclass":"footway","oneway":"B","bridge":"F","tunnel":"F"},"geometry":{"type":"LineString","coordinates":[[-74.0009922,40.7128535],[-74.0008275,40.7128836],[-74.0007488,40.7128977],[-74.0007611,40.7132201]]}},{"type":"Feature","properties":{"fclass":"footway","oneway":"B","bridge":"F","tunnel":"F"},"geometry":{"type":"LineString","coordinates":[[-74.0023022,40.7115263],[-74.0022593,40.7115181],[-74.0015352,40.7115752],[-74.0010548,40.7116111],[-74.0010246,40.7116119],[-74.0008601,40.7116136],[-74.00074,40.7116031],[-74.0007539,40.7117154],[-74.000745,40.7118132],[-74.001004,40.7117923],[-74.0009961,40.7117186],[-74.0010246,40.7116119]]}},{"type":"Feature","properties":{"fclass":"footway","oneway":"B","bridge":"F","tunnel":"F"},"geometry":{"type":"LineString","coordinates":[[-73.996842,40.7120313],[-73.996856,40.712104],[-73.9968698,40.7121762],[-73.9969436,40.7121635],[-73.9970054,40.7121528],[-73.99703,40.7120775],[-73.9970698,40.7119563],[-73.9969527,40.7119951],[-73.996842,40.7120313]]}},{"type":"Feature","properties":{"fclass":"footway","oneway":"B","bridge":"F","tunnel":"F"},"geometry":{"type":"LineString","coordinates":[[-73.9986132,40.711974],[-73.9978794,40.7120554]]}},{"type":"Feature","properties":{"fclass":"footway","oneway":"B","bridge":"F","tunnel":"F"},"geometry":{"type":"LineString","coordinates":[[-73.9987567,40.7119581],[-73.9987028,40.7119642],[-73.9986132,40.711974]]}},{"type":"Feature","properties":{"fclass":"footway","oneway":"B","bridge":"F","tunnel":"F"},"geometry":{"type":"LineString","coordinates":[[-73.9969223,40.7113961],[-73.9975574,40.7112979],[-73.998153,40.7112071],[-73.998354,40.7111725],[-73.9984103,40.711142],[-73.9984586,40.7110933],[-73.9985053,40.7110405]]}},{"type":"Feature","properties":{"fclass":"footway","oneway":"B","bridge":"F","tunnel":"F"},"geometry":{"type":"LineString","coordinates":[[-73.9968053,40.7114516],[-73.9966696,40.7114709],[-73.9966418,40.7113308],[-73.9969037,40.7113144]]}},{"type":"Feature","properties":{"fclass":"footway","oneway":"B","bridge":"F","tunnel":"F"},"geometry":{"type":"LineString","coordinates":[[-73.9966167,40.7102488],[-73.9965207,40.7102631],[-73.9963687,40.7102856],[-73.9963608,40.7102241],[-73.9963524,40.7101562],[-73.9964895,40.7101411],[-73.9965882,40.7101301]]}},{"type":"Feature","properties":{"fclass":"footway","oneway":"B","bridge":"F","tunnel":"F"},"geometry":{"type":"LineString","coordinates":[[-73.9963198,40.7091624],[-73.9963565,40.7092888],[-73.9962565,40.7092954],[-73.9961694,40.7093011],[-73.9961114,40.7093049],[-73.9960271,40.7093103],[-73.9959494,40.7093151],[-73.9958746,40.7093196],[-73.9958543,40.7092271]]}},{"type":"Feature","properties":{"fclass":"footway","oneway":"B","bridge":"F","tunnel":"F"},"geometry":{"type":"LineString","coordinates":[[-73.991052,40.7299492],[-73.9908785,40.7298756]]}},{"type":"Feature","properties":{"fclass":"footway","oneway":"B","bridge":"F","tunnel":"F"},"geometry":{"type":"LineString","coordinates":[[-73.991052,40.7299492],[-73.9909732,40.7300051],[-73.990905,40.7300647]]}},{"type":"Feature","properties":{"fclass":"footway","oneway":"B","bridge":"F","tunnel":"F"},"geometry":{"type":"LineString","coordinates":[[-73.9911555,40.7298953],[-73.9908867,40.7298475]]}},{"type":"Feature","properties":{"fclass":"footway","oneway":"B","bridge":"F","tunnel":"F"},"geometry":{"type":"LineString","coordinates":[[-73.9911555,40.7298953],[-73.991052,40.7299492]]}},{"type":"Feature","properties":{"fclass":"footway","oneway":"B","bridge":"F","tunnel":"F"},"geometry":{"type":"LineString","coordinates":[[-73.99138,40.7297806],[-73.9915064,40.7297872],[-73.9916833,40.7298148]]}},{"type":"Feature","properties":{"fclass":"footway","oneway":"B","bridge":"F","tunnel":"F"},"geometry":{"type":"LineString","coordinates":[[-73.9909324,40.729704],[-73.99138,40.7297806]]}},{"type":"Feature","properties":{"fclass":"footway","oneway":"B","bridge":"F","tunnel":"F"},"geometry":{"type":"LineString","coordinates":[[-73.990619,40.7296749],[-73.990838,40.7296854],[-73.9909324,40.729704]]}},{"type":"Feature","properties":{"fclass":"footway","name":"Peter Minuit Plaza","oneway":"B","bridge":"F","tunnel":"F"},"geometry":{"type":"LineString","coordinates":[[-74.0131286,40.7015734],[-74.0127985,40.7015661]]}},{"type":"Feature","properties":{"fclass":"footway","name":"Peter Minuit Plaza","oneway":"B","bridge":"F","tunnel":"F"},"geometry":{"type":"LineString","coordinates":[[-74.0127985,40.7015661],[-74.0126745,40.7015585]]}},{"type":"Feature","properties":{"fclass":"footway","name":"Peter Minuit Plaza","oneway":"B","bridge":"F","tunnel":"F"},"geometry":{"type":"LineString","coordinates":[[-74.0131227,40.7018101],[-74.0131154,40.7016785],[-74.0131286,40.7015734],[-74.0131706,40.7015764],[-74.0132927,40.7015877],[-74.013386,40.70158]]}},{"type":"Feature","properties":{"fclass":"footway","oneway":"B","bridge":"F","tunnel":"F"},"geometry":{"type":"LineString","coordinates":[[-74.0136812,40.7022857],[-74.0138866,40.70228],[-74.0139586,40.7023699],[-74.0138632,40.7024623]]}},{"type":"Feature","properties":{"fclass":"footway","oneway":"B","bridge":"F","tunnel":"F"},"geometry":{"type":"LineString","coordinates":[[-74.0127985,40.7015661],[-74.0127763,40.7015113],[-74.0127401,40.7014174],[-74.0126998,40.7012999]]}},{"type":"Feature","properties":{"fclass":"footway","oneway":"B","bridge":"F","tunnel":"F"},"geometry":{"type":"LineString","coordinates":[[-74.0126745,40.7015585],[-74.0125768,40.7015732]]}},{"type":"Feature","properties":{"fclass":"footway","oneway":"B","bridge":"F","tunnel":"F"},"geometry":{"type":"LineString","coordinates":[[-74.013386,40.70158],[-74.0134575,40.7015653],[-74.0136494,40.7013761],[-74.0136963,40.7013264],[-74.0137964,40.7013034]]}},{"type":"Feature","properties":{"fclass":"footway","oneway":"B","bridge":"F","tunnel":"F"},"geometry":{"type":"LineString","coordinates":[[-74.0129292,40.7023156],[-74.0129804,40.7022646]]}},{"type":"Feature","properties":{"fclass":"cycleway","name":"Peter Minuit Plaza Greenway","oneway":"B","bridge":"F","tunnel":"F"},"geometry":{"type":"LineString","coordinates":[[-74.0130191,40.702276],[-74.0129804,40.7022646],[-74.0129626,40.702248],[-74.012941,40.7022242],[-74.0129201,40.7021922],[-74.0129062,40.7021526],[-74.0128846,40.7020546],[-74.0128188,40.70179],[-74.0127994,40.7017553],[-74.0127719,40.7017251],[-74.0127393,40.7017016],[-74.0127223,40.7016839],[-74.0127102,40.7016582],[-74.0126745,40.7015585],[-74.0126634,40.7015292],[-74.012651,40.7015063],[-74.0126437,40.7014948],[-74.0126333,40.7014828],[-74.0126216,40.7014733],[-74.0126088,40.7014653],[-74.0125943,40.7014573],[-74.0125782,40.7014501],[-74.0125617,40.7014438],[-74.0125447,40.7014394],[-74.0124985,40.7014325],[-74.0124803,40.7014297],[-74.0124664,40.7014263],[-74.0124559,40.7014221],[-74.0124457,40.7014171],[-74.0124372,40.7014113],[-74.012428,40.701403],[-74.0124202,40.7013933],[-74.0124127,40.7013827],[-74.0124068,40.7013717],[-74.012401,40.7013586],[-74.0123599,40.7012583]]}},{"type":"Feature","properties":{"fclass":"footway","name":"Peter Minuit Plaza","oneway":"B","bridge":"F","tunnel":"F"},"geometry":{"type":"LineString","coordinates":[[-74.0129804,40.7022646],[-74.013001,40.7022327],[-74.0130311,40.7021682],[-74.01306,40.7021157],[-74.0130828,40.7020598],[-74.0130855,40.702014],[-74.013095,40.7019602],[-74.0131227,40.7018101],[-74.0131791,40.7018873],[-74.0132841,40.7019744],[-74.0135046,40.702102],[-74.0136628,40.7021936],[-74.0136733,40.702251]]}},{"type":"Feature","properties":{"fclass":"footway","oneway":"B","bridge":"F","tunnel":"F"},"geometry":{"type":"LineString","coordinates":[[-74.0136733,40.702251],[-74.0136812,40.7022857],[-74.0137025,40.7023852]]}},{"type":"Feature","properties":{"fclass":"footway","oneway":"B","bridge":"F","tunnel":"F"},"geometry":{"type":"LineString","coordinates":[[-74.0128078,40.7023438],[-74.0129292,40.7023156],[-74.0129296,40.7024103]]}},{"type":"Feature","properties":{"fclass":"path","oneway":"B","bridge":"F","tunnel":"T"},"geometry":{"type":"LineString","coordinates":[[-74.0050702,40.71235],[-74.0040005,40.7130711]]}},{"type":"Feature","properties":{"fclass":"residential","name":"Worth Street","oneway":"B","bridge":"F","tunnel":"F"},"geometry":{"type":"LineString","coordinates":[[-74.0088802,40.7182739],[-74.0075333,40.7176679]]}},{"type":"Feature","properties":{"fclass":"pedestrian","oneway":"B","bridge":"F","tunnel":"F"},"geometry":{"type":"LineString","coordinates":[[-74.0043703,40.7126871],[-74.0043064,40.712662],[-74.0040805,40.7125398],[-74.0040492,40.7125229],[-74.0040422,40.7125303],[-74.0035717,40.7126529],[-74.0035557,40.7126443],[-74.0034715,40.7127343],[-74.0034585,40.7127273],[-74.0033994,40.7127811],[-74.0033044,40.7128914],[-74.0032826,40.7129156],[-74.0032615,40.7129381],[-74.0032729,40.7129443],[-74.003188,40.7130351],[-74.0032044,40.713044],[-74.003241,40.7133801],[-74.0032315,40.7133903],[-74.0034932,40.713532],[-74.0033322,40.7136508],[-74.0032598,40.7136893],[-74.0030801,40.7137767],[-74.0030486,40.7136634],[-74.0029843,40.7134357],[-74.0029433,40.7133194],[-74.0028582,40.7131328],[-74.0028286,40.7131165],[-74.0027751,40.7131348],[-74.0027246,40.7130065],[-74.0026985,40.7129212],[-74.0027892,40.712905],[-74.002776,40.7128615],[-74.0028005,40.7128561],[-74.0029138,40.7128173],[-74.0029065,40.7127974],[-74.0028877,40.7127464],[-74.00238,40.7125143],[-74.00249,40.712368],[-74.002551,40.7123953],[-74.003153,40.7126656],[-74.0032008,40.7126871],[-74.003842,40.7125408],[-74.0041453,40.7124693],[-74.004439,40.7125513],[-74.0044144,40.7126156],[-74.0043703,40.7126871]]}},{"type":"Feature","properties":{"fclass":"pedestrian","oneway":"B","bridge":"F","tunnel":"F"},"geometry":{"type":"LineString","coordinates":[[-74.0037909,40.7129748],[-74.0036917,40.7130831],[-74.0038422,40.7131536],[-74.0039404,40.7130497],[-74.0037909,40.7129748]]}},{"type":"Feature","properties":{"fclass":"footway","oneway":"B","bridge":"F","tunnel":"F"},"geometry":{"type":"LineString","coordinates":[[-74.0030595,40.7126909],[-74.0040368,40.7131617]]}},{"type":"Feature","properties":{"fclass":"service","oneway":"B","bridge":"F","tunnel":"F"},"geometry":{"type":"LineString","coordinates":[[-74.0028776,40.7121972],[-74.0027306,40.7119728],[-74.0026724,40.7118933],[-74.0026227,40.7118291],[-74.0025695,40.7117669],[-74.0025164,40.7116979],[-74.0025008,40.7116698],[-74.0024886,40.7116361],[-74.0024805,40.7115878]]}},{"type":"Feature","properties":{"fclass":"footway","oneway":"B","bridge":"F","tunnel":"F"},"geometry":{"type":"LineString","coordinates":[[-74.0023022,40.7115263],[-74.0024041,40.7116829],[-74.0026938,40.7120387],[-74.0027072,40.712057],[-74.0026965,40.7120713]]}},{"type":"Feature","properties":{"fclass":"footway","oneway":"B","bridge":"F","tunnel":"F"},"geometry":{"type":"LineString","coordinates":[[-74.0011943,40.710349],[-74.0015324,40.710589],[-74.0017738,40.710831],[-74.0023022,40.7115263],[-74.0025839,40.7115202],[-74.0027797,40.7114795],[-74.0030827,40.7113495],[-74.0034287,40.7110994],[-74.0035682,40.7108412],[-74.0037747,40.7108737],[-74.0039652,40.7105769],[-74.0042307,40.7103308]]}},{"type":"Feature","properties":{"fclass":"footway","oneway":"B","bridge":"F","tunnel":"F"},"geometry":{"type":"LineString","coordinates":[[-74.0025626,40.7122352],[-74.0025314,40.7122738],[-74.0024802,40.712506]]}},{"type":"Feature","properties":{"fclass":"steps","oneway":"B","bridge":"F","tunnel":"F"},"geometry":{"type":"LineString","coordinates":[[-74.0026965,40.7120713],[-74.0025626,40.7122352]]}},{"type":"Feature","properties":{"fclass":"footway","oneway":"B","bridge":"F","tunnel":"F"},"geometry":{"type":"LineString","coordinates":[[-73.9927945,40.7105372],[-73.9930844,40.7104935],[-73.9937412,40.7103945],[-73.9939787,40.7103586]]}},{"type":"Feature","properties":{"fclass":"footway","oneway":"B","bridge":"F","tunnel":"F"},"geometry":{"type":"LineString","coordinates":[[-73.9937412,40.7103945],[-73.9938192,40.7103465],[-73.9938515,40.710312],[-73.993881,40.7102734],[-73.9938891,40.7102388],[-73.9938407,40.7098586],[-73.9938273,40.7098321],[-73.9938086,40.7098078],[-73.9937763,40.7097793],[-73.9936933,40.7097427],[-73.9936342,40.7097305],[-73.9935832,40.7097305],[-73.9928536,40.7098383],[-73.9927866,40.7098607],[-73.992733,40.7098912],[-73.9926874,40.7099298],[-73.9926015,40.7100497],[-73.9925828,40.7101006],[-73.9925774,40.7101757],[-73.9925989,40.7102571],[-73.9926391,40.7103405],[-73.9927116,40.7103973],[-73.9928134,40.7104462],[-73.992902,40.7104767],[-73.9930092,40.710495],[-73.9930844,40.7104935]]}},{"type":"Feature","properties":{"fclass":"steps","oneway":"B","bridge":"F","tunnel":"F"},"geometry":{"type":"LineString","coordinates":[[-74.0053479,40.7136479],[-74.0054053,40.7135732]]}},{"type":"Feature","properties":{"fclass":"steps","oneway":"B","bridge":"F","tunnel":"F"},"geometry":{"type":"LineString","coordinates":[[-74.007113,40.7217797],[-74.0069813,40.7217674]]}},{"type":"Feature","properties":{"fclass":"steps","oneway":"B","bridge":"F","tunnel":"F"},"geometry":{"type":"LineString","coordinates":[[-74.0066096,40.7216216],[-74.0066881,40.7215506]]}},{"type":"Feature","properties":{"fclass":"primary","name":"Laight Street","oneway":"F","bridge":"F","tunnel":"F"},"geometry":{"type":"LineString","coordinates":[[-74.0082308,40.7219848],[-74.0090561,40.7220674],[-74.009766,40.7221385],[-74.010558,40.7222177],[-74.0114934,40.7223115],[-74.0116274,40.722327],[-74.0118544,40.7223501]]}},{"type":"Feature","properties":{"fclass":"residential","name":"Greenwich Street","oneway":"F","bridge":"F","tunnel":"F"},"geometry":{"type":"LineString","coordinates":[[-74.0092993,40.7247725],[-74.0093172,40.7246766],[-74.0094238,40.7241026],[-74.0095373,40.7234428],[-74.009651,40.7227945],[-74.009766,40.7221385],[-74.0098818,40.7214709],[-74.0100068,40.7207656],[-74.0101206,40.7201172],[-74.0102386,40.7194445],[-74.0103514,40.7188019],[-74.0104744,40.7181127],[-74.0106316,40.7174635],[-74.010784,40.716915]]}},{"type":"Feature","properties":{"fclass":"primary","name":"Beach Street","oneway":"F","bridge":"F","tunnel":"F"},"geometry":{"type":"LineString","coordinates":[[-74.006671,40.7204501],[-74.0064195,40.7204244],[-74.005966,40.7203782],[-74.00558,40.7203388],[-74.0055405,40.7203358],[-74.0055143,40.7203364],[-74.0054888,40.7203422]]}},{"type":"Feature","properties":{"fclass":"primary","name":"Walker Street","oneway":"F","bridge":"F","tunnel":"F"},"geometry":{"type":"LineString","coordinates":[[-74.0064195,40.7204244],[-74.005659,40.7200754],[-74.0051933,40.7198568],[-74.0043701,40.7194841],[-74.0025284,40.7186388],[-74.0018251,40.7183161],[-74.000988,40.717932],[-74.000274,40.717619],[-73.9995816,40.7173727],[-73.999449,40.71733],[-73.9989713,40.7171853],[-73.998586,40.7171185]]}},{"type":"Feature","properties":{"fclass":"service","oneway":"B","bridge":"F","tunnel":"F"},"geometry":{"type":"LineString","coordinates":[[-74.0065256,40.7238048],[-74.0065243,40.723825],[-74.006529,40.7238452],[-74.0065362,40.7238595],[-74.0065505,40.7238765],[-74.0065684,40.7238896],[-74.00661,40.7239176],[-74.0066592,40.7239491],[-74.0067131,40.7239815],[-74.0067656,40.7240186],[-74.0068238,40.724067],[-74.0068724,40.7241112],[-74.00692,40.7241643],[-74.0069705,40.7242198],[-74.0070257,40.7242885],[-74.0070527,40.7243277],[-74.0070993,40.7244054]]}},{"type":"Feature","properties":{"fclass":"trunk","name":"West Street","ref":"NY 9A","oneway":"F","bridge":"F","tunnel":"F"},"geometry":{"type":"LineString","coordinates":[[-74.0117187,40.7229993],[-74.0117392,40.7229015],[-74.0118351,40.7224419],[-74.0118544,40.7223501],[-74.0118762,40.7222452],[-74.0119907,40.7216671],[-74.0122494,40.7204596],[-74.0122754,40.7203352]]}},{"type":"Feature","properties":{"fclass":"primary","name":"Canal Street","oneway":"F","bridge":"F","tunnel":"F"},"geometry":{"type":"LineString","coordinates":[[-74.0070321,40.7230893],[-74.0070838,40.7231292],[-74.0071539,40.7231841],[-74.0072259,40.7232366],[-74.0075182,40.7234375]]}},{"type":"Feature","properties":{"fclass":"secondary","name":"Reade Street","oneway":"F","bridge":"F","tunnel":"F"},"geometry":{"type":"LineString","coordinates":[[-74.0075518,40.7154408],[-74.0088192,40.7160187],[-74.009201,40.716193]]}},{"type":"Feature","properties":{"fclass":"residential","name":"Reade Street","oneway":"F","bridge":"F","tunnel":"F"},"geometry":{"type":"LineString","coordinates":[[-74.009201,40.716193],[-74.010784,40.716915]]}},{"type":"Feature","properties":{"fclass":"residential","name":"Greenwich Street","oneway":"B","bridge":"F","tunnel":"F"},"geometry":{"type":"LineString","coordinates":[[-74.0117732,40.7130017],[-74.0116215,40.7136222]]}},{"type":"Feature","properties":{"fclass":"trunk","name":"West Street","ref":"NY 9A","oneway":"F","bridge":"F","tunnel":"F"},"geometry":{"type":"LineString","coordinates":[[-74.0120425,40.7203103],[-74.0120191,40.7204272],[-74.0117682,40.7216452],[-74.0116502,40.7222207],[-74.0116274,40.722327],[-74.0116102,40.7224186],[-74.0115176,40.7228763],[-74.0114958,40.7229768],[-74.0113645,40.723629],[-74.0112521,40.7241894],[-74.0112346,40.7242762],[-74.0112152,40.7243719],[-74.0110733,40.7250735],[-74.0110506,40.7251812],[-74.0110151,40.7253616],[-74.0109778,40.7255461],[-74.01093,40.7258067]]}},{"type":"Feature","properties":{"fclass":"residential","name":"Warren Street","oneway":"F","bridge":"F","tunnel":"F"},"geometry":{"type":"LineString","coordinates":[[-74.012933,40.7164233],[-74.0128559,40.7163942],[-74.0127934,40.7163693],[-74.0111023,40.7155991],[-74.0096776,40.7149502],[-74.0084008,40.7143685],[-74.006753,40.713618]]}},{"type":"Feature","properties":{"fclass":"residential","name":"Albany Street","oneway":"F","maxspeed":40,"bridge":"F","tunnel":"F"},"geometry":{"type":"LineString","coordinates":[[-74.014729,40.7098267],[-74.0146816,40.7098234],[-74.0146487,40.709819],[-74.0146143,40.7098118],[-74.0145808,40.7098028],[-74.0138881,40.7095052],[-74.0130785,40.7091586]]}},{"type":"Feature","properties":{"fclass":"trunk","name":"West Street","ref":"NY 9A","oneway":"F","maxspeed":56,"bridge":"F","tunnel":"F"},"geometry":{"type":"LineString","coordinates":[[-74.014729,40.7098267],[-74.0147196,40.709873],[-74.0147122,40.7099246],[-74.0147093,40.7099983],[-74.0146985,40.7101386],[-74.0146887,40.7102145],[-74.014674,40.7102856],[-74.0146552,40.7103732],[-74.0146313,40.7104767],[-74.0146016,40.710583],[-74.0145224,40.7108247],[-74.0144915,40.7108993],[-74.0144628,40.7109657],[-74.0144343,40.7110326]]}},{"type":"Feature","properties":{"fclass":"service","oneway":"B","bridge":"F","tunnel":"F"},"geometry":{"type":"LineString","coordinates":[[-74.012532,40.7151115],[-74.0126142,40.7147763],[-74.0127441,40.7142475]]}},{"type":"Feature","properties":{"fclass":"pedestrian","oneway":"B","bridge":"F","tunnel":"F"},"geometry":{"type":"LineString","coordinates":[[-74.0124798,40.7133274],[-74.0125141,40.7131769]]}},{"type":"Feature","properties":{"fclass":"secondary","name":"Church Street","oneway":"F","bridge":"F","tunnel":"F"},"geometry":{"type":"LineString","coordinates":[[-74.007952,40.7149351],[-74.0075518,40.7154408],[-74.0071071,40.7160026],[-74.0066843,40.7165367],[-74.0062504,40.7170848],[-74.0057919,40.7176834],[-74.0055873,40.7179522]]}},{"type":"Feature","properties":{"fclass":"residential","name":"Lispenard Street","oneway":"F","bridge":"F","tunnel":"F"},"geometry":{"type":"LineString","coordinates":[[-74.0052198,40.7206388],[-74.0050671,40.7205685],[-74.0039145,40.7200394],[-74.0028589,40.7195528],[-74.002091,40.719153]]}},{"type":"Feature","properties":{"fclass":"residential","name":"White Street","oneway":"F","bridge":"F","tunnel":"F"},"geometry":{"type":"LineString","coordinates":[[-74.000818,40.71693],[-74.0015647,40.7173002],[-74.0023501,40.7176898],[-74.0024386,40.7177336],[-74.0030296,40.7180267],[-74.0036726,40.7183233],[-74.0048351,40.7188592],[-74.0051716,40.7190194],[-74.0061347,40.7194586]]}},{"type":"Feature","properties":{"fclass":"secondary","name":"Park Row","oneway":"F","bridge":"F","tunnel":"F"},"geometry":{"type":"LineString","coordinates":[[-74.0060875,40.7120267],[-74.0061749,40.7120051],[-74.0069614,40.7118102],[-74.0070495,40.7117884],[-74.0074876,40.7116798],[-74.007552,40.71167],[-74.0076082,40.7116678],[-74.0076623,40.7116718],[-74.0077178,40.7116829]]}},{"type":"Feature","properties":{"fclass":"residential","name":"Rector Place","oneway":"B","bridge":"F","tunnel":"F"},"geometry":{"type":"LineString","coordinates":[[-74.015989,40.7089645],[-74.015945,40.7090833],[-74.0159468,40.7091102],[-74.0159636,40.709133],[-74.0159905,40.7091494],[-74.0160343,40.709162],[-74.016765,40.709333],[-74.0177435,40.709559],[-74.0178007,40.7095594],[-74.0178486,40.7095436],[-74.017881,40.7095092],[-74.0178947,40.7094684]]}},{"type":"Feature","properties":{"fclass":"residential","name":"Rector Place","oneway":"B","bridge":"F","tunnel":"F"},"geometry":{"type":"LineString","coordinates":[[-74.0178947,40.7094684],[-74.017906,40.709412],[-74.017885,40.7093648],[-74.0178451,40.7093316],[-74.017763,40.7092981],[-74.0169614,40.7090555],[-74.0161647,40.7088181],[-74.0161091,40.7088102],[-74.0160636,40.7088214],[-74.0160347,40.7088406],[-74.015989,40.7089645]]}},{"type":"Feature","properties":{"fclass":"residential","oneway":"B","bridge":"F","tunnel":"F"},"geometry":{"type":"LineString","coordinates":[[-74.0180548,40.7087487],[-74.0181316,40.7086989],[-74.0181517,40.7086868],[-74.0181756,40.7086802],[-74.0182011,40.7086798],[-74.0182256,40.7086854],[-74.0182475,40.7086973],[-74.018263,40.7087143],[-74.01827,40.708734],[-74.018268,40.7087543],[-74.0182572,40.7087732],[-74.0182388,40.7087881],[-74.0182149,40.7087976],[-74.0181881,40.7088005],[-74.0181616,40.7087963],[-74.0181385,40.7087859]]}},{"type":"Feature","properties":{"fclass":"motorway","name":"FDR Drive","ref":"NY 907L","oneway":"F","layer":-1,"bridge":"F","tunnel":"T"},"geometry":{"type":"LineString","coordinates":[[-74.016672,40.7051007],[-74.0166946,40.705026],[-74.0167107,40.7049524],[-74.016723,40.7048776],[-74.0167312,40.7047869],[-74.0167297,40.70471],[-74.0167217,40.7046243],[-74.0167085,40.7045346],[-74.0166904,40.7044364],[-74.0166676,40.704344],[-74.0166405,40.7042487],[-74.016604,40.7041501],[-74.0165613,40.7040466],[-74.0156668,40.702215],[-74.0156213,40.7021173],[-74.0155806,40.7020349],[-74.0155373,40.7019565],[-74.0154897,40.7018788],[-74.0154374,40.7018107],[-74.0153762,40.701743],[-74.015313,40.7016839],[-74.0152484,40.7016361],[-74.0151766,40.7015893],[-74.0151043,40.7015437],[-74.0150327,40.7015041],[-74.0149612,40.7014679],[-74.0148895,40.7014339],[-74.0148192,40.7014038],[-74.014738,40.701372],[-74.014655,40.7013425],[-74.01457,40.7013136],[-74.0144831,40.7012895],[-74.0143895,40.7012642],[-74.0142873,40.7012421],[-74.0141717,40.7012217],[-74.0140506,40.701204],[-74.0139272,40.7011882],[-74.0138145,40.7011778],[-74.0136904,40.7011749],[-74.0135795,40.7011749],[-74.0134734,40.7011806],[-74.0133485,40.7011906],[-74.0132038,40.7012071],[-74.0130813,40.7012238],[-74.012937,40.701244],[-74.0127994,40.7012632],[-74.0126681,40.7012856],[-74.0125443,40.7013102],[-74.0119425,40.7014428]]}},{"type":"Feature","properties":{"fclass":"trunk","name":"West Street","oneway":"F","maxspeed":56,"bridge":"F","tunnel":"F"},"geometry":{"type":"LineString","coordinates":[[-74.0164045,40.7047995],[-74.0164163,40.7048817],[-74.0164237,40.7049181],[-74.016437,40.7049623],[-74.0164527,40.7050071],[-74.0164624,40.7050408],[-74.016467,40.7050715],[-74.0164633,40.7051122],[-74.0164572,40.7051501],[-74.0164464,40.705189],[-74.0161508,40.7059492],[-74.016121,40.7060317],[-74.0160903,40.706121],[-74.0160603,40.7062142],[-74.0160371,40.706296],[-74.0160155,40.7063828],[-74.0160026,40.7064495],[-74.0159857,40.7065492],[-74.0159713,40.7066133],[-74.0159533,40.706677]]}},{"type":"Feature","properties":{"fclass":"footway","oneway":"B","bridge":"F","tunnel":"F"},"geometry":{"type":"LineString","coordinates":[[-74.0146486,40.704391],[-74.014729,40.7044398],[-74.0148098,40.7044054],[-74.0154479,40.7041423],[-74.0162918,40.7038035],[-74.016357,40.7037346],[-74.0165017,40.7035712],[-74.0172275,40.7032682]]}},{"type":"Feature","properties":{"fclass":"primary","name":"State Street","oneway":"B","bridge":"F","tunnel":"F"},"geometry":{"type":"LineString","coordinates":[[-74.0142203,40.7046327],[-74.0142414,40.7045149],[-74.0144036,40.7036142],[-74.0144422,40.7034011],[-74.0144501,40.7033315],[-74.0144502,40.7032626],[-74.014449,40.7032086],[-74.0144383,40.7031515],[-74.0144066,40.7030657],[-74.0143675,40.7029783],[-74.0143331,40.7029113],[-74.0142837,40.7028352],[-74.0142133,40.7027486],[-74.0141521,40.7026853]]}},{"type":"Feature","properties":{"fclass":"motorway_link","oneway":"F","bridge":"F","tunnel":"F"},"geometry":{"type":"LineString","coordinates":[[-74.0077897,40.703049],[-74.0078103,40.7030751],[-74.0078394,40.7031045],[-74.0078723,40.7031242],[-74.0079163,40.703145],[-74.0079606,40.703155],[-74.0080054,40.7031609],[-74.0080502,40.7031645]]}},{"type":"Feature","properties":{"fclass":"residential","name":"Old Slip","oneway":"F","bridge":"F","tunnel":"F"},"geometry":{"type":"LineString","coordinates":[[-74.0089635,40.7040838],[-74.0086004,40.7037615],[-74.008026,40.7032521],[-74.0080136,40.7032308],[-74.0080142,40.7032107],[-74.0080218,40.7031921],[-74.0080502,40.7031645]]}},{"type":"Feature","properties":{"fclass":"motorway","name":"FDR Drive","ref":"NY 907L","oneway":"F","layer":-1,"bridge":"F","tunnel":"T"},"geometry":{"type":"LineString","coordinates":[[-74.0119684,40.7015105],[-74.0125691,40.7013781],[-74.0126902,40.701354],[-74.0128181,40.7013321],[-74.0129538,40.7013132],[-74.013098,40.7012931],[-74.013219,40.7012766],[-74.0133602,40.7012604],[-74.0134816,40.7012509],[-74.013583,40.7012453],[-74.013689,40.7012453],[-74.0138076,40.7012481],[-74.013914,40.701258],[-74.014034,40.7012732],[-74.0141523,40.7012907],[-74.0142641,40.7013104],[-74.0143612,40.7013313],[-74.0144515,40.7013556],[-74.0145348,40.701379],[-74.0146164,40.7014066],[-74.0146969,40.7014352],[-74.014775,40.7014657],[-74.014842,40.7014945],[-74.0149107,40.701527],[-74.0149794,40.7015619],[-74.0150471,40.7015993],[-74.0151165,40.701643],[-74.0151855,40.7016881],[-74.0152443,40.7017315],[-74.0153017,40.7017852],[-74.0153588,40.7018483],[-74.0154073,40.7019114],[-74.0154523,40.701985],[-74.0154942,40.7020609],[-74.015534,40.7021414],[-74.0155793,40.702239],[-74.0164732,40.7040693],[-74.016515,40.70417],[-74.0165503,40.7042656],[-74.0165765,40.7043579],[-74.0165986,40.7044478],[-74.0166164,40.7045433],[-74.0166291,40.7046307],[-74.016637,40.7047131],[-74.0166382,40.704785],[-74.0166305,40.7048708],[-74.0166187,40.7049423],[-74.0166034,40.7050123],[-74.0165814,40.7050856]]}},{"type":"Feature","properties":{"fclass":"motorway_link","oneway":"F","maxspeed":40,"bridge":"F","tunnel":"F"},"geometry":{"type":"LineString","coordinates":[[-74.0153066,40.7074751],[-74.0153872,40.7075188],[-74.0154265,40.7075398],[-74.0154644,40.7075671],[-74.0154962,40.7075986],[-74.0155105,40.7076333],[-74.0155146,40.7076647],[-74.0155121,40.7077007]]}},{"type":"Feature","properties":{"fclass":"residential","name":"Washington Street","oneway":"F","bridge":"F","tunnel":"T"},"geometry":{"type":"LineString","coordinates":[[-74.0146638,40.7074981],[-74.0146923,40.707428]]}},{"type":"Feature","properties":{"fclass":"residential","name":"Joseph P. Ward Street","oneway":"F","bridge":"F","tunnel":"F"},"geometry":{"type":"LineString","coordinates":[[-74.0152582,40.7076163],[-74.0155121,40.7077007]]}},{"type":"Feature","properties":{"fclass":"service","oneway":"F","bridge":"F","tunnel":"F"},"geometry":{"type":"LineString","coordinates":[[-74.0139452,40.7071447],[-74.0140331,40.7071813],[-74.0140576,40.7071915]]}},{"type":"Feature","properties":{"fclass":"residential","name":"Edgar Street","oneway":"F","bridge":"F","tunnel":"F"},"geometry":{"type":"LineString","coordinates":[[-74.0139452,40.7071447],[-74.0138848,40.70712],[-74.0136044,40.7070041],[-74.0135063,40.7069635]]}},{"type":"Feature","properties":{"fclass":"service","oneway":"F","bridge":"F","tunnel":"F"},"geometry":{"type":"LineString","coordinates":[[-74.0140835,40.7071315],[-74.0140598,40.7071222],[-74.0139686,40.7070863]]}},{"type":"Feature","properties":{"fclass":"motorway_link","oneway":"F","bridge":"F","tunnel":"F"},"geometry":{"type":"LineString","coordinates":[[-74.0156972,40.7073071],[-74.0157617,40.7072836],[-74.0158274,40.7072593],[-74.0158915,40.7072307],[-74.0159381,40.7072082],[-74.0159801,40.7071839],[-74.016012,40.70716]]}},{"type":"Feature","properties":{"fclass":"motorway","name":"Hugh L. Carey Tunnel","oneway":"F","maxspeed":40,"layer":-2,"bridge":"F","tunnel":"T"},"geometry":{"type":"LineString","coordinates":[[-74.0055164,40.6818746],[-74.0055712,40.6819641],[-74.0056183,40.6820444],[-74.0056672,40.6821326],[-74.0057098,40.6822196],[-74.0057398,40.6822818],[-74.0059532,40.6827905],[-74.0059982,40.6828932],[-74.0060516,40.6829998],[-74.0060964,40.6830901],[-74.0061454,40.6831819],[-74.0061875,40.6832561],[-74.0062288,40.6833243],[-74.0062802,40.6834085],[-74.00633,40.6834875],[-74.0063864,40.6835735],[-74.0109505,40.6899815],[-74.011111,40.6902176],[-74.0112462,40.6904359],[-74.011382,40.6906863],[-74.011494,40.6909255],[-74.0115944,40.6911896],[-74.0150972,40.7007102],[-74.0151816,40.7010078],[-74.0152565,40.701282],[-74.015308,40.7015509],[-74.0153446,40.7018199],[-74.015385,40.7020976],[-74.0154194,40.7023735],[-74.0154501,40.7026188],[-74.0154705,40.7029105],[-74.0154746,40.7032192],[-74.015472,40.7034997],[-74.0154557,40.7037306],[-74.0154317,40.7039879],[-74.0153886,40.704256],[-74.0153375,40.7044794],[-74.0152674,40.704702],[-74.0150557,40.7052452]]}},{"type":"Feature","properties":{"fclass":"footway","oneway":"B","bridge":"F","tunnel":"F"},"geometry":{"type":"LineString","coordinates":[[-74.011226,40.7014934],[-74.0111138,40.7014902],[-74.0110755,40.7014916],[-74.0110388,40.7014974],[-74.0103797,40.7016517],[-74.0103287,40.7016648],[-74.009598,40.7018646],[-74.0095531,40.7018778],[-74.0095121,40.7018907],[-74.0091706,40.7020046],[-74.0091426,40.702016],[-74.0091192,40.7020279],[-74.0077423,40.702869],[-74.0075956,40.7031001]]}},{"type":"Feature","properties":{"fclass":"cycleway","oneway":"F","bridge":"F","tunnel":"F"},"geometry":{"type":"LineString","coordinates":[[-74.0078704,40.703268],[-74.0078002,40.7032519],[-74.0076856,40.7032318]]}},{"type":"Feature","properties":{"fclass":"footway","oneway":"B","bridge":"F","tunnel":"F"},"geometry":{"type":"LineString","coordinates":[[-74.0075956,40.7031001],[-74.0075668,40.7031454],[-74.007512,40.703179],[-74.0067775,40.703628]]}},{"type":"Feature","properties":{"fclass":"footway","oneway":"B","bridge":"F","tunnel":"F"},"geometry":{"type":"LineString","coordinates":[[-74.0076663,40.7033218],[-74.00753,40.7031959],[-74.007512,40.703179]]}},{"type":"Feature","properties":{"fclass":"cycleway","oneway":"F","bridge":"F","tunnel":"F"},"geometry":{"type":"LineString","coordinates":[[-74.0076663,40.7033218],[-74.0076856,40.7032318],[-74.0077287,40.7029823]]}},{"type":"Feature","properties":{"fclass":"footway","oneway":"B","bridge":"F","tunnel":"F"},"geometry":{"type":"LineString","coordinates":[[-74.0063547,40.7042152],[-74.0062924,40.704161],[-74.0060145,40.7039188]]}},{"type":"Feature","properties":{"fclass":"cycleway","name":"East River Esplanade","oneway":"B","bridge":"F","tunnel":"F"},"geometry":{"type":"LineString","coordinates":[[-74.0020245,40.7065771],[-74.0020638,40.7065749],[-74.002096,40.7065677],[-74.0021238,40.7065556],[-74.002912,40.7061057],[-74.0030186,40.706041],[-74.0033137,40.7058578],[-74.0033522,40.70584],[-74.0033968,40.7058226],[-74.00344,40.7058096],[-74.0034817,40.7058021],[-74.0037557,40.70578],[-74.0037852,40.7057728],[-74.0038116,40.7057603],[-74.0045974,40.7052511],[-74.0062924,40.704161],[-74.0068772,40.7037906],[-74.0068885,40.7037808],[-74.0069002,40.7037671],[-74.0069083,40.7037525],[-74.0069131,40.703735],[-74.0069363,40.7035752],[-74.0069411,40.7035606],[-74.006949,40.7035501],[-74.0069607,40.7035413],[-74.00753,40.7031959],[-74.0076012,40.7031527],[-74.0076242,40.7031344],[-74.0076456,40.7031097],[-74.0076756,40.7030646]]}},{"type":"Feature","properties":{"fclass":"footway","oneway":"B","bridge":"F","tunnel":"F"},"geometry":{"type":"LineString","coordinates":[[-74.0067775,40.703628],[-74.0069083,40.7037525],[-74.0069795,40.7038204]]}},{"type":"Feature","properties":{"fclass":"motorway","name":"FDR Drive","oneway":"F","layer":1,"bridge":"T","tunnel":"F"},"geometry":{"type":"LineString","coordinates":[[-73.9995499,40.7080839],[-73.9996574,40.7080213],[-73.999761,40.7079595],[-73.9998731,40.7078944],[-73.9999776,40.7078374],[-74.000093,40.7077768],[-74.0003503,40.7076481],[-74.0010493,40.7073041],[-74.0011666,40.707245],[-74.0012738,40.707189],[-74.001618,40.7070051]]}},{"type":"Feature","properties":{"fclass":"secondary","name":"Frankfort Street","oneway":"F","bridge":"F","tunnel":"F"},"geometry":{"type":"LineString","coordinates":[[-74.0031167,40.7106422],[-74.003157,40.7106903],[-74.0031892,40.7107241],[-74.0032294,40.7107606],[-74.0032663,40.7107887],[-74.003405,40.7108744],[-74.0034628,40.7109023],[-74.0035131,40.710923],[-74.0035663,40.7109395],[-74.003624,40.710952]]}},{"type":"Feature","properties":{"fclass":"secondary","name":"Frankfort Street","oneway":"B","bridge":"F","tunnel":"F"},"geometry":{"type":"LineString","coordinates":[[-74.0031167,40.7106422],[-74.0030718,40.7105982],[-74.003016,40.7105468],[-74.0029473,40.7104895],[-74.0023996,40.7100493],[-74.0022958,40.709967],[-74.0022265,40.7099149],[-74.0020513,40.7097922],[-74.0019788,40.7097405],[-74.001657,40.7094916]]}},{"type":"Feature","properties":{"fclass":"service","oneway":"B","bridge":"F","tunnel":"F"},"geometry":{"type":"LineString","coordinates":[[-73.9965458,40.7097656],[-73.9970891,40.7096794],[-73.9974835,40.7096171],[-73.997745,40.7095768],[-73.997812,40.709571],[-73.997872,40.709571],[-73.997934,40.709584],[-73.997996,40.709615],[-73.998037,40.709653],[-73.998064,40.709701],[-73.998111,40.7098729],[-73.9981347,40.7099595],[-73.9981551,40.7100345],[-73.9982772,40.7104503],[-73.9983075,40.7105533],[-73.998429,40.7109431],[-73.998433,40.710956],[-73.998433,40.710974],[-73.998427,40.71101],[-73.998404,40.711055],[-73.998363,40.711092],[-73.998313,40.711118],[-73.9975375,40.7112424],[-73.9969056,40.7113441],[-73.996782,40.711364]]}},{"type":"Feature","properties":{"fclass":"primary","name":"Pearl Street","oneway":"B","bridge":"F","tunnel":"F"},"geometry":{"type":"LineString","coordinates":[[-74.0011122,40.7101928],[-74.0012105,40.7100562],[-74.0012472,40.7100053],[-74.001287,40.7099517],[-74.001548,40.7096039],[-74.0015788,40.7095665],[-74.001619,40.7095243],[-74.001657,40.7094916]]}},{"type":"Feature","properties":{"fclass":"motorway_link","oneway":"F","layer":2,"bridge":"T","tunnel":"F"},"geometry":{"type":"LineString","coordinates":[[-74.0031033,40.7117899],[-74.0030607,40.7117956],[-74.0030119,40.7117984],[-74.002964,40.7117954],[-74.0029185,40.7117875],[-74.0028721,40.7117747],[-74.002833,40.7117574],[-74.0028037,40.7117403],[-74.002772,40.7117156],[-74.0027432,40.7116881],[-74.0025941,40.7113297],[-74.0025697,40.711275],[-74.0025403,40.7112191],[-74.0025047,40.7111594],[-74.002472,40.711105],[-74.002436,40.7110497],[-74.0023921,40.7109867],[-74.002344,40.7109253],[-74.0022933,40.7108621],[-74.0022138,40.7107749],[-74.0021267,40.7106861],[-74.0020374,40.7106049],[-74.0019304,40.7105147],[-74.0018391,40.7104426],[-74.0003853,40.7093117],[-74.0003447,40.7092767],[-74.0003142,40.7092444],[-74.000281,40.7092067],[-74.000253,40.709167],[-74.0002275,40.7091185],[-74.000207,40.7090706],[-74.0001962,40.7090286],[-74.0001902,40.7089806],[-74.0001684,40.708574]]}},{"type":"Feature","properties":{"fclass":"secondary","name":"Robert F. Wagner Sr. Place","oneway":"F","bridge":"F","tunnel":"F"},"geometry":{"type":"LineString","coordinates":[[-73.9993475,40.7088382],[-74.000132,40.7094748],[-74.0003514,40.7096521],[-74.0004355,40.7097113],[-74.0007034,40.7098844]]}},{"type":"Feature","properties":{"fclass":"service","oneway":"F","bridge":"F","tunnel":"F"},"geometry":{"type":"LineString","coordinates":[[-74.001257,40.713496],[-74.0016297,40.7137211],[-74.001737,40.713786],[-74.0026026,40.7142941]]}},{"type":"Feature","properties":{"fclass":"service","oneway":"B","bridge":"F","tunnel":"F"},"geometry":{"type":"LineString","coordinates":[[-74.0000497,40.7117633],[-73.9998843,40.7117783],[-73.9997022,40.7117948]]}},{"type":"Feature","properties":{"fclass":"service","oneway":"B","bridge":"F","tunnel":"F"},"geometry":{"type":"LineString","coordinates":[[-74.0008915,40.7132417],[-74.001257,40.713496]]}},{"type":"Feature","properties":{"fclass":"service","name":"Park Row","oneway":"F","bridge":"F","tunnel":"F"},"geometry":{"type":"LineString","coordinates":[[-74.0024736,40.7126195],[-74.0024351,40.7126355],[-74.0023775,40.7126577],[-74.0023065,40.7126817],[-74.0022377,40.712704],[-74.002164,40.7127232],[-74.0020863,40.7127422],[-74.001991,40.712764],[-74.0009418,40.7129907],[-74.0008575,40.7130088],[-74.000308,40.7131277],[-74.0002355,40.713141],[-74.0001537,40.7131552],[-74.0000706,40.7131655],[-73.9997045,40.7132049],[-73.9992205,40.713264],[-73.9991433,40.7132744],[-73.9990757,40.7132851],[-73.9990082,40.7132969],[-73.998945,40.7133096],[-73.9988789,40.7133244],[-73.9988181,40.7133409],[-73.9986714,40.7133879],[-73.9985204,40.713443]]}},{"type":"Feature","properties":{"fclass":"service","oneway":"B","bridge":"F","tunnel":"F"},"geometry":{"type":"LineString","coordinates":[[-74.0009442,40.7130508],[-74.0009418,40.7129907],[-74.0009383,40.7128],[-74.0009196,40.7118699]]}},{"type":"Feature","properties":{"fclass":"service","oneway":"B","bridge":"F","tunnel":"F"},"geometry":{"type":"LineString","coordinates":[[-74.0008396,40.711714],[-74.0007539,40.7117154],[-74.0001553,40.7117564]]}},{"type":"Feature","properties":{"fclass":"service","oneway":"B","bridge":"F","tunnel":"F"},"geometry":{"type":"LineString","coordinates":[[-74.0030777,40.7121665],[-74.0029671,40.7120953],[-74.0029379,40.7120741],[-74.0029159,40.7120518],[-74.0026083,40.7116788],[-74.0025791,40.7116475],[-74.0025497,40.7116246],[-74.002518,40.7116067],[-74.0024805,40.7115878]]}},{"type":"Feature","properties":{"fclass":"secondary","name":"Madison Street","oneway":"B","bridge":"F","tunnel":"F"},"geometry":{"type":"LineString","coordinates":[[-73.9997022,40.7117948],[-73.9995137,40.711812],[-73.9987423,40.7118822],[-73.9986793,40.711888],[-73.9986366,40.711892],[-73.997872,40.7119617],[-73.9977746,40.7119726],[-73.9976974,40.7119828],[-73.997334,40.712029],[-73.9972275,40.7120445],[-73.99703,40.7120775],[-73.9969405,40.7120926],[-73.996886,40.7121004],[-73.996856,40.712104],[-73.996829,40.7121072],[-73.995817,40.7121992],[-73.994361,40.712308],[-73.9939056,40.7123447],[-73.9937732,40.7123554],[-73.9933835,40.7123869],[-73.9931307,40.7124072],[-73.992566,40.712453],[-73.992472,40.7124565],[-73.9924155,40.7124586],[-73.9923595,40.7124607],[-73.9922712,40.7124675]]}},{"type":"Feature","properties":{"fclass":"primary","name":"Oliver Street","oneway":"B","bridge":"F","tunnel":"F"},"geometry":{"type":"LineString","coordinates":[[-73.9982255,40.7132537],[-73.9984206,40.7133843],[-73.99845,40.7134042],[-73.9984826,40.7134233],[-73.9985204,40.713443]]}},{"type":"Feature","properties":{"fclass":"residential","name":"Worth Street","oneway":"B","bridge":"F","tunnel":"F"},"geometry":{"type":"LineString","coordinates":[[-73.998681,40.7135191],[-73.999434,40.7138768],[-73.999553,40.7139335],[-73.9998946,40.714096],[-74.000454,40.7143698],[-74.000552,40.7144167],[-74.0011891,40.7147225],[-74.00132,40.7147852],[-74.001513,40.7148778],[-74.0019292,40.7150776],[-74.0021356,40.7151766]]}},{"type":"Feature","properties":{"fclass":"primary","name":"Bowery","oneway":"F","bridge":"F","tunnel":"F"},"geometry":{"type":"LineString","coordinates":[[-73.9960782,40.7162467],[-73.9961976,40.7161264],[-73.9962316,40.7160884],[-73.9962583,40.7160525],[-73.996284,40.7160128],[-73.9968236,40.715122],[-73.9968603,40.7150651],[-73.9968931,40.7150166],[-73.9971596,40.7146482],[-73.997323,40.7144225]]}},{"type":"Feature","properties":{"fclass":"secondary","name":"Division Street","oneway":"F","bridge":"F","tunnel":"F"},"geometry":{"type":"LineString","coordinates":[[-73.9939482,40.714294],[-73.9941374,40.7142818],[-73.9948483,40.7142419],[-73.9971012,40.7140677],[-73.9971443,40.7140681],[-73.997191,40.7140711],[-73.9974136,40.714086],[-73.9974494,40.714087],[-73.9974841,40.714086],[-73.9975239,40.7140816],[-73.9975615,40.7140717],[-73.9975943,40.7140611]]}},{"type":"Feature","properties":{"fclass":"motorway","name":"Holland Tunnel","ref":"I 78","oneway":"F","maxspeed":56,"layer":-1,"bridge":"F","tunnel":"T"},"geometry":{"type":"LineString","coordinates":[[-74.0211316,40.7274474],[-74.0156862,40.7265658],[-74.0155091,40.7265371],[-74.0153403,40.7265141],[-74.0151991,40.7264977],[-74.0123217,40.7262045],[-74.012216,40.7261912],[-74.0121134,40.7261758],[-74.0120124,40.7261569],[-74.0119171,40.7261324],[-74.0118151,40.7261006],[-74.0116952,40.7260602],[-74.011559,40.726011],[-74.011436,40.7259621],[-74.011332,40.7259192],[-74.0112193,40.7258684],[-74.011104,40.7258155],[-74.0109953,40.7257617],[-74.0108868,40.7257048],[-74.0107847,40.7256469],[-74.01069,40.7255914],[-74.0106023,40.7255334],[-74.0081238,40.7237331],[-74.008073,40.7236915],[-74.0080233,40.7236423],[-74.0079814,40.7235912],[-74.0079163,40.7235089],[-74.0078698,40.723456],[-74.0078214,40.7234116],[-74.0077631,40.7233638]]}},{"type":"Feature","properties":{"fclass":"primary","name":"East Houston Street","oneway":"F","bridge":"F","tunnel":"F"},"geometry":{"type":"LineString","coordinates":[[-73.989311,40.7230712],[-73.9888762,40.722934],[-73.9887917,40.7229077]]}},{"type":"Feature","properties":{"fclass":"primary","name":"East Houston Street","oneway":"F","bridge":"F","tunnel":"F"},"geometry":{"type":"LineString","coordinates":[[-73.9931303,40.7242497],[-73.9926927,40.7240979]]}},{"type":"Feature","properties":{"fclass":"primary","name":"East Houston Street","oneway":"F","bridge":"F","tunnel":"F"},"geometry":{"type":"LineString","coordinates":[[-73.988117,40.7228506],[-73.98843,40.7229461],[-73.9885488,40.7229822]]}},{"type":"Feature","properties":{"fclass":"primary","name":"East Houston Street","oneway":"F","bridge":"F","tunnel":"F"},"geometry":{"type":"LineString","coordinates":[[-73.9958216,40.7251408],[-73.99538,40.7250317]]}},{"type":"Feature","properties":{"fclass":"primary","name":"East Houston Street","oneway":"T","bridge":"F","tunnel":"F"},"geometry":{"type":"LineString","coordinates":[[-73.9967161,40.725502],[-73.9964137,40.7254289],[-73.9961157,40.7253523]]}},{"type":"Feature","properties":{"fclass":"primary","name":"East Houston Street","oneway":"F","bridge":"F","tunnel":"F"},"geometry":{"type":"LineString","coordinates":[[-73.9926927,40.7240979],[-73.9925623,40.7240528],[-73.991212,40.7236461],[-73.9910567,40.7235992]]}},{"type":"Feature","properties":{"fclass":"primary","name":"East Houston Street","oneway":"F","bridge":"F","tunnel":"F"},"geometry":{"type":"LineString","coordinates":[[-73.9967971,40.7253748],[-73.9964522,40.7252891],[-73.9959026,40.7251607],[-73.9958216,40.7251408]]}},{"type":"Feature","properties":{"fclass":"primary","name":"West Houston Street","oneway":"F","bridge":"F","tunnel":"F"},"geometry":{"type":"LineString","coordinates":[[-73.999435,40.7268065],[-73.9998647,40.727008]]}},{"type":"Feature","properties":{"fclass":"primary","name":"West Houston Street","oneway":"F","bridge":"F","tunnel":"F"},"geometry":{"type":"LineString","coordinates":[[-73.9972444,40.725711],[-73.9975705,40.7258746]]}},{"type":"Feature","properties":{"fclass":"primary","name":"West Houston Street","oneway":"F","bridge":"F","tunnel":"F"},"geometry":{"type":"LineString","coordinates":[[-73.9967161,40.725502],[-73.9969928,40.725585],[-73.9972444,40.725711]]}},{"type":"Feature","properties":{"fclass":"primary","name":"West Houston Street","oneway":"F","bridge":"F","tunnel":"F"},"geometry":{"type":"LineString","coordinates":[[-73.9975705,40.7258746],[-73.998303,40.7262407],[-73.9990607,40.7266194],[-73.999435,40.7268065]]}},{"type":"Feature","properties":{"fclass":"primary","name":"West Houston Street","oneway":"F","bridge":"F","tunnel":"F"},"geometry":{"type":"LineString","coordinates":[[-74.0023984,40.7282488],[-74.0026832,40.7283384],[-74.0028315,40.7283615]]}},{"type":"Feature","properties":{"fclass":"primary","name":"Delancey Street","oneway":"F","bridge":"F","tunnel":"F"},"geometry":{"type":"LineString","coordinates":[[-73.9923165,40.719891],[-73.9928368,40.7200517]]}},{"type":"Feature","properties":{"fclass":"primary","name":"Delancey Street","oneway":"F","bridge":"F","tunnel":"F"},"geometry":{"type":"LineString","coordinates":[[-73.9928368,40.7200517],[-73.9932662,40.7201785]]}},{"type":"Feature","properties":{"fclass":"primary","name":"Delancey Street","oneway":"F","bridge":"F","tunnel":"F"},"geometry":{"type":"LineString","coordinates":[[-73.993952,40.7203419],[-73.9941172,40.7203456]]}},{"type":"Feature","properties":{"fclass":"primary","name":"Delancey Street","oneway":"F","bridge":"F","tunnel":"F"},"geometry":{"type":"LineString","coordinates":[[-73.987377,40.7183874],[-73.9880603,40.7185877],[-73.9881682,40.7186193]]}},{"type":"Feature","properties":{"fclass":"primary","name":"Delancey Street","oneway":"F","bridge":"F","tunnel":"F"},"geometry":{"type":"LineString","coordinates":[[-73.9857348,40.717821],[-73.9865383,40.7181208],[-73.987377,40.7183874]]}},{"type":"Feature","properties":{"fclass":"primary","name":"Delancey Street","oneway":"F","bridge":"F","tunnel":"F"},"geometry":{"type":"LineString","coordinates":[[-73.9932662,40.7201785],[-73.9937905,40.7203335],[-73.993952,40.7203419]]}},{"type":"Feature","properties":{"fclass":"secondary","name":"Grand Street","oneway":"B","bridge":"F","tunnel":"F"},"geometry":{"type":"LineString","coordinates":[[-73.9889602,40.7166419],[-73.9883893,40.7164482]]}},{"type":"Feature","properties":{"fclass":"secondary","name":"Grand Street","oneway":"B","bridge":"F","tunnel":"F"},"geometry":{"type":"LineString","coordinates":[[-73.9933141,40.7179887],[-73.993095,40.717922]]}},{"type":"Feature","properties":{"fclass":"primary","name":"Bowery","oneway":"F","bridge":"F","tunnel":"F"},"geometry":{"type":"LineString","coordinates":[[-73.9924093,40.7248677],[-73.9926443,40.7242312]]}},{"type":"Feature","properties":{"fclass":"primary","name":"Bowery","oneway":"F","bridge":"F","tunnel":"F"},"geometry":{"type":"LineString","coordinates":[[-73.9941172,40.7203456],[-73.994132,40.7200947]]}},{"type":"Feature","properties":{"fclass":"primary","name":"Bowery","oneway":"F","bridge":"F","tunnel":"F"},"geometry":{"type":"LineString","coordinates":[[-73.993925,40.7208178],[-73.9941172,40.7203456]]}},{"type":"Feature","properties":{"fclass":"primary","name":"Bowery","oneway":"F","bridge":"F","tunnel":"F"},"geometry":{"type":"LineString","coordinates":[[-73.9925623,40.7240528],[-73.99251,40.724192]]}},{"type":"Feature","properties":{"fclass":"primary","name":"Bowery","oneway":"F","bridge":"F","tunnel":"F"},"geometry":{"type":"LineString","coordinates":[[-73.9932042,40.7223416],[-73.9930316,40.7228016]]}},{"type":"Feature","properties":{"fclass":"primary","name":"Bowery","oneway":"B","bridge":"F","tunnel":"F"},"geometry":{"type":"LineString","coordinates":[[-73.9954864,40.7172158],[-73.9958254,40.7166488],[-73.9960782,40.7162467]]}},{"type":"Feature","properties":{"fclass":"primary","name":"Bowery","oneway":"F","bridge":"F","tunnel":"F"},"geometry":{"type":"LineString","coordinates":[[-73.997323,40.7144225],[-73.9975205,40.7141496],[-73.9975543,40.7141084],[-73.9975943,40.7140611]]}},{"type":"Feature","properties":{"fclass":"primary","name":"Bowery","oneway":"F","bridge":"F","tunnel":"F"},"geometry":{"type":"LineString","coordinates":[[-73.9963308,40.7157329],[-73.9961864,40.7159767],[-73.9961626,40.7160253],[-73.9961398,40.7160778],[-73.9960782,40.7162467]]}},{"type":"Feature","properties":{"fclass":"primary","name":"Cooper Square","oneway":"F","bridge":"F","tunnel":"F"},"geometry":{"type":"LineString","coordinates":[[-73.9911655,40.7277842],[-73.9910068,40.7279994]]}},{"type":"Feature","properties":{"fclass":"primary","name":"Cooper Square","oneway":"F","bridge":"F","tunnel":"F"},"geometry":{"type":"LineString","coordinates":[[-73.9910068,40.7279994],[-73.9907048,40.7283303]]}},{"type":"Feature","properties":{"fclass":"primary","name":"2nd Avenue","oneway":"F","bridge":"F","tunnel":"F"},"geometry":{"type":"LineString","coordinates":[[-73.9905695,40.7246308],[-73.9908276,40.7242892]]}},{"type":"Feature","properties":{"fclass":"primary","name":"Pike Street","oneway":"F","bridge":"F","tunnel":"F"},"geometry":{"type":"LineString","coordinates":[[-73.9925137,40.7139784],[-73.9925836,40.714389]]}},{"type":"Feature","properties":{"fclass":"primary","name":"Pike Street","oneway":"F","bridge":"F","tunnel":"F"},"geometry":{"type":"LineString","coordinates":[[-73.9928196,40.7143726],[-73.9927985,40.7142111]]}},{"type":"Feature","properties":{"fclass":"primary","name":"Pike Street","oneway":"F","bridge":"F","tunnel":"F"},"geometry":{"type":"LineString","coordinates":[[-73.9927985,40.7142111],[-73.9927506,40.7138471]]}},{"type":"Feature","properties":{"fclass":"primary","name":"Canal Street","oneway":"B","bridge":"F","tunnel":"F"},"geometry":{"type":"LineString","coordinates":[[-73.9960782,40.7162467],[-73.9968986,40.7165327]]}},{"type":"Feature","properties":{"fclass":"primary","name":"Canal Street","oneway":"B","bridge":"F","tunnel":"F"},"geometry":{"type":"LineString","coordinates":[[-73.9974421,40.7167191],[-73.9974485,40.7167213],[-73.997753,40.7168256]]}},{"type":"Feature","properties":{"fclass":"primary","name":"Canal Street","oneway":"B","bridge":"F","tunnel":"F"},"geometry":{"type":"LineString","coordinates":[[-73.9968986,40.7165327],[-73.9969812,40.7165614],[-73.9974421,40.7167191]]}},{"type":"Feature","properties":{"fclass":"secondary","name":"Lafayette Street","oneway":"F","bridge":"F","tunnel":"F"},"geometry":{"type":"LineString","coordinates":[[-73.9960417,40.7242101],[-73.995882,40.724403]]}},{"type":"Feature","properties":{"fclass":"secondary","name":"Lafayette Street","oneway":"F","bridge":"F","tunnel":"F"},"geometry":{"type":"LineString","coordinates":[[-73.9971275,40.7223037],[-73.996661,40.723467]]}},{"type":"Feature","properties":{"fclass":"secondary","name":"Lafayette Street","oneway":"F","bridge":"F","tunnel":"F"},"geometry":{"type":"LineString","coordinates":[[-73.995882,40.724403],[-73.9955551,40.7248121]]}},{"type":"Feature","properties":{"fclass":"secondary","name":"Lafayette Street","oneway":"F","bridge":"F","tunnel":"F"},"geometry":{"type":"LineString","coordinates":[[-73.9938433,40.727019],[-73.99364,40.727289]]}},{"type":"Feature","properties":{"fclass":"secondary","name":"Lafayette Street","oneway":"F","bridge":"F","tunnel":"F"},"geometry":{"type":"LineString","coordinates":[[-73.996661,40.723467],[-73.996476,40.723686]]}},{"type":"Feature","properties":{"fclass":"secondary","name":"Lafayette Street","oneway":"F","bridge":"F","tunnel":"F"},"geometry":{"type":"LineString","coordinates":[[-73.9955551,40.7248121],[-73.99538,40.7250317]]}},{"type":"Feature","properties":{"fclass":"secondary","name":"Lafayette Street","oneway":"F","bridge":"F","tunnel":"F"},"geometry":{"type":"LineString","coordinates":[[-73.996476,40.723686],[-73.9960417,40.7242101]]}},{"type":"Feature","properties":{"fclass":"secondary","name":"Lafayette Street","oneway":"F","bridge":"F","tunnel":"F"},"geometry":{"type":"LineString","coordinates":[[-73.99364,40.727289],[-73.993147,40.727867],[-73.9916841,40.7295791]]}},{"type":"Feature","properties":{"fclass":"secondary","name":"Lafayette Street","oneway":"F","bridge":"F","tunnel":"F"},"geometry":{"type":"LineString","coordinates":[[-73.9916841,40.7295791],[-73.9915064,40.7297872],[-73.9914389,40.7298661]]}},{"type":"Feature","properties":{"fclass":"secondary","name":"Lafayette Street","oneway":"F","bridge":"F","tunnel":"F"},"geometry":{"type":"LineString","coordinates":[[-73.99538,40.7250317],[-73.995285,40.7251507],[-73.9947115,40.7258521],[-73.994648,40.7259345],[-73.9945837,40.726018],[-73.994403,40.726263],[-73.994129,40.72664]]}},{"type":"Feature","properties":{"fclass":"residential","name":"Astor Place","oneway":"B","bridge":"F","tunnel":"F"},"geometry":{"type":"LineString","coordinates":[[-73.992841,40.730079],[-73.991582,40.7298905],[-73.9914389,40.7298661]]}},{"type":"Feature","properties":{"fclass":"secondary","name":"7th Avenue South","oneway":"F","bridge":"F","tunnel":"F"},"geometry":{"type":"LineString","coordinates":[[-74.00446,40.730719],[-74.004688,40.730321],[-74.0051653,40.7294702]]}},{"type":"Feature","properties":{"fclass":"unclassified","name":"Bedford Street","oneway":"F","bridge":"F","tunnel":"F"},"geometry":{"type":"LineString","coordinates":[[-74.003297,40.728713],[-74.003657,40.729344],[-74.0039572,40.7298634],[-74.004303,40.730447],[-74.00446,40.730719]]}},{"type":"Feature","properties":{"fclass":"secondary","name":"Chambers Street","oneway":"B","bridge":"F","tunnel":"F"},"geometry":{"type":"LineString","coordinates":[[-74.0127587,40.7171144],[-74.01304,40.7172417]]}},{"type":"Feature","properties":{"fclass":"trunk","name":"West Street","ref":"NY 9A","oneway":"F","bridge":"F","tunnel":"F"},"geometry":{"type":"LineString","coordinates":[[-74.01304,40.7172417],[-74.0132222,40.7165276],[-74.013414,40.7157999]]}},{"type":"Feature","properties":{"fclass":"footway","oneway":"B","bridge":"F","tunnel":"F"},"geometry":{"type":"LineString","coordinates":[[-74.0155584,40.7047824],[-74.0155498,40.7048308],[-74.0155404,40.7049333],[-74.0155303,40.7050312],[-74.015617,40.7050426],[-74.015757,40.7050526],[-74.0157592,40.704953],[-74.0157692,40.7048391],[-74.015765,40.7047669],[-74.0157006,40.704773]]}},{"type":"Feature","properties":{"fclass":"footway","oneway":"B","bridge":"F","tunnel":"F"},"geometry":{"type":"LineString","coordinates":[[-74.0144431,40.7062498],[-74.0143452,40.7063808],[-74.0141695,40.7064672],[-74.0141024,40.7065994],[-74.0137901,40.7067276],[-74.0137315,40.7068216],[-74.0137202,40.706879],[-74.0136865,40.7069182],[-74.0136515,40.7069585],[-74.0136044,40.7070041]]}},{"type":"Feature","properties":{"fclass":"footway","oneway":"B","bridge":"F","tunnel":"F"},"geometry":{"type":"LineString","coordinates":[[-74.0151581,40.705289],[-74.0150093,40.7056254],[-74.0147344,40.706212],[-74.0146794,40.7064103],[-74.0146861,40.7066126],[-74.0147304,40.7067915],[-74.0148202,40.7069603],[-74.014941,40.7070975],[-74.0150787,40.7071588],[-74.0152773,40.7072126],[-74.0155172,40.7072534],[-74.0156084,40.7072534]]}},{"type":"Feature","properties":{"fclass":"footway","oneway":"B","bridge":"F","tunnel":"F"},"geometry":{"type":"LineString","coordinates":[[-74.0133895,40.7058801],[-74.0142832,40.7061851],[-74.0142203,40.7062176],[-74.0140671,40.706297],[-74.0137718,40.7064935],[-74.0135654,40.7067304],[-74.0132985,40.7071138],[-74.0128959,40.7076993],[-74.0128636,40.7077461],[-74.012824,40.7077973],[-74.0129273,40.7078224],[-74.0130361,40.7078518],[-74.013062,40.70781],[-74.0130924,40.7077652],[-74.0129877,40.7077318],[-74.0128959,40.7076993]]}},{"type":"Feature","properties":{"fclass":"footway","oneway":"B","bridge":"F","tunnel":"F"},"geometry":{"type":"LineString","coordinates":[[-74.0162573,40.7046998],[-74.0157394,40.7047115],[-74.0156752,40.704713],[-74.0155604,40.7046994],[-74.0153653,40.7046763],[-74.0150944,40.7046112],[-74.0150876,40.7046805],[-74.0150808,40.7047496],[-74.0150406,40.7048395],[-74.015006,40.7049064],[-74.0149952,40.7049274],[-74.01494,40.7049116],[-74.0148101,40.7048757],[-74.014847,40.7048003],[-74.0148855,40.7047072],[-74.0149094,40.7046458],[-74.0150876,40.7046805]]}},{"type":"Feature","properties":{"fclass":"footway","oneway":"B","bridge":"F","tunnel":"F"},"geometry":{"type":"LineString","coordinates":[[-74.0140811,40.7046275],[-74.0137343,40.7046771]]}},{"type":"Feature","properties":{"fclass":"footway","oneway":"B","bridge":"F","tunnel":"F"},"geometry":{"type":"LineString","coordinates":[[-74.0172583,40.7043032],[-74.0171643,40.7044585],[-74.0171747,40.7046161],[-74.017227,40.7047746]]}},{"type":"Feature","properties":{"fclass":"footway","oneway":"B","bridge":"F","tunnel":"F"},"geometry":{"type":"LineString","coordinates":[[-74.0150534,40.7064346],[-74.0150992,40.7064386]]}},{"type":"Feature","properties":{"fclass":"footway","oneway":"B","bridge":"F","tunnel":"F"},"geometry":{"type":"LineString","coordinates":[[-74.0137343,40.7046771],[-74.0137336,40.7046098]]}},{"type":"Feature","properties":{"fclass":"footway","oneway":"B","bridge":"F","tunnel":"F"},"geometry":{"type":"LineString","coordinates":[[-74.0144427,40.7045208],[-74.0144161,40.7044617]]}},{"type":"Feature","properties":{"fclass":"footway","oneway":"B","bridge":"F","tunnel":"F"},"geometry":{"type":"LineString","coordinates":[[-74.0130924,40.7077652],[-74.013111,40.7077801],[-74.013571,40.7070505]]}},{"type":"Feature","properties":{"fclass":"footway","oneway":"B","bridge":"F","tunnel":"F"},"geometry":{"type":"LineString","coordinates":[[-74.0173672,40.7050384],[-74.0170874,40.7057458],[-74.0178265,40.7060567]]}},{"type":"Feature","properties":{"fclass":"footway","oneway":"B","bridge":"F","tunnel":"F"},"geometry":{"type":"LineString","coordinates":[[-74.0156456,40.7070278],[-74.0157829,40.7067067],[-74.0158103,40.7066422]]}},{"type":"Feature","properties":{"fclass":"footway","oneway":"B","bridge":"F","tunnel":"F"},"geometry":{"type":"LineString","coordinates":[[-74.0135345,40.7079086],[-74.0135105,40.7079118],[-74.013111,40.7077801]]}},{"type":"Feature","properties":{"fclass":"footway","oneway":"B","bridge":"F","tunnel":"F"},"geometry":{"type":"LineString","coordinates":[[-74.0138663,40.7071537],[-74.013571,40.7070505],[-74.0136044,40.7070041]]}},{"type":"Feature","properties":{"fclass":"footway","oneway":"B","bridge":"F","tunnel":"F"},"geometry":{"type":"LineString","coordinates":[[-74.014333,40.7081774],[-74.014592,40.7075289],[-74.0146885,40.7072574]]}},{"type":"Feature","properties":{"fclass":"footway","oneway":"B","bridge":"F","tunnel":"F"},"geometry":{"type":"LineString","coordinates":[[-74.0157829,40.7067067],[-74.0150895,40.7065517],[-74.015069,40.7065471]]}},{"type":"Feature","properties":{"fclass":"footway","oneway":"B","bridge":"F","tunnel":"F"},"geometry":{"type":"LineString","coordinates":[[-74.0144635,40.7082175],[-74.0147234,40.7075492],[-74.0146492,40.7075359],[-74.014592,40.7075289]]}},{"type":"Feature","properties":{"fclass":"footway","oneway":"B","bridge":"F","tunnel":"F"},"geometry":{"type":"LineString","coordinates":[[-74.0136865,40.7069182],[-74.0139254,40.7070091],[-74.0140193,40.7067855],[-74.0137202,40.706879]]}},{"type":"Feature","properties":{"fclass":"service","oneway":"B","bridge":"F","tunnel":"F"},"geometry":{"type":"LineString","coordinates":[[-74.0151189,40.7064654],[-74.0150895,40.7065517],[-74.0150892,40.7066882],[-74.0151,40.706705]]}},{"type":"Feature","properties":{"fclass":"footway","oneway":"B","bridge":"F","tunnel":"F"},"geometry":{"type":"LineString","coordinates":[[-74.018636,40.7055855],[-74.0181937,40.7060885],[-74.0180811,40.7060672],[-74.0181173,40.7058791]]}},{"type":"Feature","properties":{"fclass":"footway","oneway":"B","bridge":"F","tunnel":"F"},"geometry":{"type":"LineString","coordinates":[[-74.0157394,40.7047115],[-74.0157006,40.704773],[-74.0155584,40.7047824],[-74.0153506,40.7047547]]}},{"type":"Feature","properties":{"fclass":"footway","oneway":"B","bridge":"F","tunnel":"F"},"geometry":{"type":"LineString","coordinates":[[-74.0162899,40.7071964],[-74.0164862,40.7072826],[-74.0169816,40.7074728],[-74.0170786,40.7075102]]}},{"type":"Feature","properties":{"fclass":"service","oneway":"B","bridge":"F","tunnel":"F"},"geometry":{"type":"LineString","coordinates":[[-74.0140528,40.7008504],[-74.0141145,40.7006835],[-74.0149326,40.7010333],[-74.0140528,40.7008504],[-74.0139632,40.7011231]]}},{"type":"Feature","properties":{"fclass":"footway","oneway":"B","bridge":"F","tunnel":"F"},"geometry":{"type":"LineString","coordinates":[[-74.0142684,40.7047434],[-74.0142205,40.7047139],[-74.0140811,40.7046275],[-74.0137336,40.7046098],[-74.0133672,40.7045913]]}},{"type":"Feature","properties":{"fclass":"footway","oneway":"B","bridge":"F","tunnel":"F"},"geometry":{"type":"LineString","coordinates":[[-74.0175015,40.7067318],[-74.0176909,40.7064312],[-74.0177732,40.7062496],[-74.0177927,40.7062064],[-74.017814,40.7061248]]}},{"type":"Feature","properties":{"fclass":"footway","oneway":"B","bridge":"F","tunnel":"F"},"geometry":{"type":"LineString","coordinates":[[-74.0142832,40.7061851],[-74.014367,40.7062248],[-74.0144431,40.7062498],[-74.0144877,40.7061158],[-74.0149952,40.7049274]]}},{"type":"Feature","properties":{"fclass":"footway","oneway":"B","bridge":"F","tunnel":"F"},"geometry":{"type":"LineString","coordinates":[[-74.0158103,40.7066422],[-74.0159957,40.7061433],[-74.0163846,40.7051542],[-74.0163001,40.7050272],[-74.015757,40.7050526]]}},{"type":"Feature","properties":{"fclass":"footway","oneway":"B","bridge":"F","tunnel":"F"},"geometry":{"type":"LineString","coordinates":[[-74.0139254,40.7070091],[-74.0139074,40.7070619],[-74.0138848,40.70712],[-74.0138663,40.7071537],[-74.0138531,40.7071779]]}},{"type":"Feature","properties":{"fclass":"footway","oneway":"B","bridge":"F","tunnel":"F"},"geometry":{"type":"LineString","coordinates":[[-74.0178296,40.7060388],[-74.0179693,40.706047],[-74.0180811,40.7060672],[-74.0180464,40.7062176],[-74.0180291,40.7062902]]}},{"type":"Feature","properties":{"fclass":"footway","oneway":"B","bridge":"F","tunnel":"F"},"geometry":{"type":"LineString","coordinates":[[-74.0142205,40.7047139],[-74.014149,40.7048228],[-74.0139451,40.7051766],[-74.0136152,40.7055721],[-74.0133895,40.7058801],[-74.0133643,40.7059144]]}},{"type":"Feature","properties":{"fclass":"footway","oneway":"B","bridge":"F","tunnel":"F"},"geometry":{"type":"LineString","coordinates":[[-74.015069,40.7065471],[-74.0150516,40.7064443],[-74.0150534,40.7064346],[-74.0150882,40.7062574],[-74.0155303,40.7050312],[-74.015006,40.7049064]]}},{"type":"Feature","properties":{"fclass":"footway","oneway":"B","bridge":"F","tunnel":"F"},"geometry":{"type":"LineString","coordinates":[[-74.0152166,40.7084436],[-74.0144635,40.7082175],[-74.0143919,40.708196],[-74.014333,40.7081774],[-74.0136987,40.7079772],[-74.0136957,40.7079488]]}},{"type":"Feature","properties":{"fclass":"footway","oneway":"B","bridge":"F","tunnel":"F"},"geometry":{"type":"LineString","coordinates":[[-74.0168206,40.706444],[-74.0175015,40.7067318],[-74.0175207,40.70674],[-74.0174796,40.7067959],[-74.0170605,40.7073654],[-74.0170218,40.7074181],[-74.0169816,40.7074728]]}},{"type":"Feature","properties":{"fclass":"footway","oneway":"B","bridge":"F","tunnel":"F"},"geometry":{"type":"LineString","coordinates":[[-74.0135105,40.7079118],[-74.013494,40.707949],[-74.0134756,40.707983],[-74.0135825,40.708022],[-74.0136507,40.7080445],[-74.0136833,40.7080099],[-74.0136987,40.7079772]]}},{"type":"Feature","properties":{"fclass":"footway","oneway":"B","bridge":"F","tunnel":"F"},"geometry":{"type":"LineString","coordinates":[[-74.0171552,40.7074047],[-74.0170605,40.7073654],[-74.016559,40.707157],[-74.0167914,40.7065182],[-74.0168206,40.706444],[-74.0170471,40.7058801],[-74.0177927,40.7062064]]}},{"type":"Feature","properties":{"fclass":"footway","oneway":"B","bridge":"F","tunnel":"F"},"geometry":{"type":"LineString","coordinates":[[-74.0177732,40.7062496],[-74.0178913,40.7062669],[-74.0180291,40.7062902],[-74.018057,40.7062948],[-74.0177082,40.7068063],[-74.0177218,40.7068367],[-74.0180155,40.7069578],[-74.0179822,40.7070067]]}},{"type":"Feature","properties":{"fclass":"footway","oneway":"B","bridge":"F","tunnel":"F"},"geometry":{"type":"LineString","coordinates":[[-74.0142832,40.7061851],[-74.014431,40.7057993],[-74.01484,40.7049311],[-74.0148101,40.7048757],[-74.0142684,40.7047434],[-74.0143304,40.7046674],[-74.0143964,40.7045756],[-74.0144427,40.7045208],[-74.0149094,40.7046458]]}},{"type":"Feature","properties":{"fclass":"footway","oneway":"B","bridge":"F","tunnel":"F"},"geometry":{"type":"LineString","coordinates":[[-74.0142873,40.7067511],[-74.0141719,40.7068447],[-74.0140598,40.7071222],[-74.0140331,40.7071813],[-74.0136957,40.7079488],[-74.0136216,40.7079302],[-74.0136092,40.7079271],[-74.0135345,40.7079086],[-74.0138531,40.7071779]]}},{"type":"Feature","properties":{"fclass":"footway","oneway":"B","bridge":"F","tunnel":"F"},"geometry":{"type":"LineString","coordinates":[[-74.0152436,40.7053505],[-74.0153137,40.7053651],[-74.0151917,40.7058349],[-74.0150596,40.706215],[-74.0150442,40.706301],[-74.01501,40.7065038],[-74.0150181,40.7066197],[-74.0150703,40.7067691],[-74.0150507,40.7067903]]}},{"type":"Feature","properties":{"fclass":"primary","name":"Canal Street","oneway":"F","bridge":"F","tunnel":"F"},"geometry":{"type":"LineString","coordinates":[[-74.0097925,40.7251113],[-74.0100907,40.7253004]]}},{"type":"Feature","properties":{"fclass":"primary","name":"Canal Street","oneway":"F","bridge":"F","tunnel":"F"},"geometry":{"type":"LineString","coordinates":[[-74.0089482,40.7245185],[-74.0092993,40.7247725]]}},{"type":"Feature","properties":{"fclass":"primary","name":"Canal Street","oneway":"F","bridge":"F","tunnel":"F"},"geometry":{"type":"LineString","coordinates":[[-74.0112852,40.7252103],[-74.0110506,40.7251812]]}},{"type":"Feature","properties":{"fclass":"primary","name":"Canal Street","oneway":"F","bridge":"F","tunnel":"F"},"geometry":{"type":"LineString","coordinates":[[-74.0086476,40.7241763],[-74.0084405,40.7240218],[-74.0079472,40.7236541]]}},{"type":"Feature","properties":{"fclass":"primary","name":"Canal Street","oneway":"F","bridge":"F","tunnel":"F"},"geometry":{"type":"LineString","coordinates":[[-74.0100907,40.7253004],[-74.0101748,40.7253554],[-74.0102092,40.7253801],[-74.0104575,40.725558]]}},{"type":"Feature","properties":{"fclass":"primary","name":"Canal Street","oneway":"F","bridge":"F","tunnel":"F"},"geometry":{"type":"LineString","coordinates":[[-74.0092993,40.7247725],[-74.009589,40.7249786],[-74.0096582,40.7250255],[-74.0097274,40.72507],[-74.0097925,40.7251113]]}},{"type":"Feature","properties":{"fclass":"primary","name":"Canal Street","oneway":"F","bridge":"F","tunnel":"F"},"geometry":{"type":"LineString","coordinates":[[-74.0079472,40.7236541],[-74.0072764,40.7231821],[-74.0071979,40.7231317],[-74.0071202,40.7230845],[-74.0067676,40.7228854]]}},{"type":"Feature","properties":{"fclass":"primary","name":"Canal Street","oneway":"F","bridge":"F","tunnel":"F"},"geometry":{"type":"LineString","coordinates":[[-74.0110506,40.7251812],[-74.0109182,40.7251653],[-74.0102367,40.725091],[-74.01016,40.7250809],[-74.0100723,40.7250652]]}},{"type":"Feature","properties":{"fclass":"primary","name":"Canal Street","oneway":"F","bridge":"F","tunnel":"F"},"geometry":{"type":"LineString","coordinates":[[-74.01093,40.7258067],[-74.0109692,40.7258074],[-74.0110173,40.7258036],[-74.0110628,40.7257942],[-74.0111018,40.725781],[-74.0111379,40.725765],[-74.0111677,40.7257466],[-74.0112014,40.7257225]]}},{"type":"Feature","properties":{"fclass":"primary","name":"Canal Street","oneway":"F","bridge":"F","tunnel":"F"},"geometry":{"type":"LineString","coordinates":[[-74.0079297,40.7237578],[-74.0080817,40.7238784],[-74.0081702,40.7239447],[-74.0084958,40.7241741],[-74.0085571,40.7242199],[-74.0086755,40.7243115],[-74.0088134,40.7244196],[-74.0088834,40.7244717],[-74.0089482,40.7245185]]}},{"type":"Feature","properties":{"fclass":"secondary","name":"Hudson Street","oneway":"F","bridge":"F","tunnel":"F"},"geometry":{"type":"LineString","coordinates":[[-74.0069033,40.7299345],[-74.006857,40.730228]]}},{"type":"Feature","properties":{"fclass":"secondary","name":"Hudson Street","oneway":"F","bridge":"F","tunnel":"F"},"geometry":{"type":"LineString","coordinates":[[-74.007669,40.725192],[-74.0075546,40.7258537],[-74.007434,40.726601],[-74.00732,40.727328],[-74.007203,40.72805],[-74.0070905,40.7287681]]}},{"type":"Feature","properties":{"fclass":"trunk","name":"West Street","ref":"NY 9A","oneway":"F","bridge":"F","tunnel":"F"},"geometry":{"type":"LineString","coordinates":[[-74.0105553,40.7291111],[-74.0104845,40.7297312],[-74.0104776,40.729823],[-74.0104026,40.7305689],[-74.010345,40.7311877],[-74.010338,40.7312869],[-74.0103317,40.7313756],[-74.0102717,40.7320065],[-74.010246,40.7322863],[-74.0102358,40.7324182]]}},{"type":"Feature","properties":{"fclass":"trunk","name":"West Street","ref":"NY 9A","oneway":"F","bridge":"F","tunnel":"F"},"geometry":{"type":"LineString","coordinates":[[-74.0128492,40.7179785],[-74.01304,40.7172417]]}},{"type":"Feature","properties":{"fclass":"trunk","name":"West Street","ref":"NY 9A","oneway":"F","bridge":"F","tunnel":"F"},"geometry":{"type":"LineString","coordinates":[[-74.013414,40.7157999],[-74.0135527,40.715273]]}},{"type":"Feature","properties":{"fclass":"trunk","name":"West Street","ref":"NY 9A","oneway":"F","bridge":"F","tunnel":"F"},"geometry":{"type":"LineString","coordinates":[[-74.0106214,40.7304282],[-74.0106786,40.7298427]]}},{"type":"Feature","properties":{"fclass":"trunk","name":"West Street","ref":"NY 9A","oneway":"F","bridge":"F","tunnel":"F"},"geometry":{"type":"LineString","coordinates":[[-74.0107243,40.7294675],[-74.0107671,40.7291341]]}},{"type":"Feature","properties":{"fclass":"trunk","name":"West Street","ref":"NY 9A","oneway":"F","bridge":"F","tunnel":"F"},"geometry":{"type":"LineString","coordinates":[[-74.0112014,40.7257225],[-74.0112852,40.7252103]]}},{"type":"Feature","properties":{"fclass":"trunk","name":"West Street","ref":"NY 9A","oneway":"F","bridge":"F","tunnel":"F"},"geometry":{"type":"LineString","coordinates":[[-74.0133347,40.7147251],[-74.0132135,40.7152192]]}},{"type":"Feature","properties":{"fclass":"trunk","name":"West Street","ref":"NY 9A","oneway":"F","bridge":"F","tunnel":"F"},"geometry":{"type":"LineString","coordinates":[[-74.010625,40.7283922],[-74.0105553,40.7291111]]}},{"type":"Feature","properties":{"fclass":"trunk","name":"West Street","ref":"NY 9A","oneway":"F","bridge":"F","tunnel":"F"},"geometry":{"type":"LineString","coordinates":[[-74.0116038,40.7235721],[-74.0117187,40.7229993]]}},{"type":"Feature","properties":{"fclass":"trunk","name":"West Street","ref":"NY 9A","oneway":"F","bridge":"F","tunnel":"F"},"geometry":{"type":"LineString","coordinates":[[-74.011087,40.7264727],[-74.0111585,40.7259771],[-74.0112014,40.7257225]]}},{"type":"Feature","properties":{"fclass":"trunk","name":"West Street","ref":"NY 9A","oneway":"F","bridge":"F","tunnel":"F"},"geometry":{"type":"LineString","coordinates":[[-74.0106786,40.7298427],[-74.0106884,40.7297476],[-74.0107243,40.7294675]]}},{"type":"Feature","properties":{"fclass":"trunk","name":"West Street","ref":"NY 9A","oneway":"F","bridge":"F","tunnel":"F"},"geometry":{"type":"LineString","coordinates":[[-74.0112852,40.7252103],[-74.0112854,40.7252093],[-74.0113076,40.7250951],[-74.01144,40.7243991],[-74.0114745,40.7242167],[-74.0116038,40.7235721]]}},{"type":"Feature","properties":{"fclass":"trunk","name":"West Street","ref":"NY 9A","oneway":"F","bridge":"F","tunnel":"F"},"geometry":{"type":"LineString","coordinates":[[-74.0107671,40.7291341],[-74.0109642,40.7273528],[-74.0109768,40.7272443],[-74.0109912,40.7271336],[-74.0110075,40.7270219],[-74.011087,40.7264727]]}},{"type":"Feature","properties":{"fclass":"secondary","name":"Broadway","oneway":"F","maxspeed":40,"bridge":"F","tunnel":"F"},"geometry":{"type":"LineString","coordinates":[[-74.0060126,40.7145278],[-74.006304,40.7141733]]}},{"type":"Feature","properties":{"fclass":"secondary","name":"Broadway","oneway":"F","bridge":"F","tunnel":"F"},"geometry":{"type":"LineString","coordinates":[[-74.0040876,40.7167983],[-74.0042174,40.7166456],[-74.0045302,40.7162869]]}},{"type":"Feature","properties":{"fclass":"secondary","name":"Varick Street","oneway":"F","bridge":"F","tunnel":"F"},"geometry":{"type":"LineString","coordinates":[[-74.0069346,40.7191184],[-74.0070433,40.7185721]]}},{"type":"Feature","properties":{"fclass":"secondary","name":"Varick Street","oneway":"F","bridge":"F","tunnel":"F"},"geometry":{"type":"LineString","coordinates":[[-74.006671,40.7204501],[-74.0068,40.719782],[-74.006858,40.7194943]]}},{"type":"Feature","properties":{"fclass":"secondary","name":"Varick Street","oneway":"F","bridge":"F","tunnel":"F"},"geometry":{"type":"LineString","coordinates":[[-74.0070433,40.7185721],[-74.0070771,40.7184012],[-74.007052,40.718269]]}},{"type":"Feature","properties":{"fclass":"primary","name":"Battery Place","oneway":"F","maxspeed":40,"bridge":"F","tunnel":"F"},"geometry":{"type":"LineString","coordinates":[[-74.0152441,40.7047836],[-74.0151586,40.7047666],[-74.0150808,40.7047496],[-74.0150061,40.7047334]]}},{"type":"Feature","properties":{"fclass":"primary","name":"Battery Place","oneway":"F","maxspeed":40,"bridge":"F","tunnel":"F"},"geometry":{"type":"LineString","coordinates":[[-74.0169086,40.7048317],[-74.01681,40.7048146],[-74.0167272,40.7048045],[-74.0166606,40.7048005]]}},{"type":"Feature","properties":{"fclass":"primary","name":"Battery Place","oneway":"F","maxspeed":40,"bridge":"F","tunnel":"F"},"geometry":{"type":"LineString","coordinates":[[-74.0166606,40.7048005],[-74.0166422,40.7047995],[-74.0165556,40.7047977],[-74.0164816,40.7047969],[-74.0164045,40.7047995]]}},{"type":"Feature","properties":{"fclass":"primary","name":"Battery Place","oneway":"F","maxspeed":40,"bridge":"F","tunnel":"F"},"geometry":{"type":"LineString","coordinates":[[-74.0160733,40.7049345],[-74.0161568,40.7049273],[-74.0162241,40.7049207],[-74.0162897,40.7049096],[-74.0164163,40.7048817]]}},{"type":"Feature","properties":{"fclass":"primary","name":"Battery Place","oneway":"F","maxspeed":40,"bridge":"F","tunnel":"F"},"geometry":{"type":"LineString","coordinates":[[-74.0164163,40.7048817],[-74.0164574,40.704873],[-74.0165118,40.7048644],[-74.0165728,40.7048579],[-74.0166472,40.7048527],[-74.0169086,40.7048317]]}},{"type":"Feature","properties":{"fclass":"primary","name":"Battery Place","oneway":"F","maxspeed":40,"bridge":"F","tunnel":"F"},"geometry":{"type":"LineString","coordinates":[[-74.0150061,40.7047334],[-74.0148855,40.7047072],[-74.0147706,40.7046822],[-74.0146715,40.7046595],[-74.0145708,40.7046325],[-74.014487,40.7046062],[-74.0143964,40.7045756],[-74.0143143,40.7045433],[-74.0142414,40.7045149]]}},{"type":"Feature","properties":{"fclass":"secondary","name":"Park Row","oneway":"F","maxspeed":40,"bridge":"F","tunnel":"F"},"geometry":{"type":"LineString","coordinates":[[-74.0056925,40.7121301],[-74.0057575,40.7121132]]}},{"type":"Feature","properties":{"fclass":"secondary","name":"Park Row","oneway":"F","maxspeed":40,"bridge":"F","tunnel":"F"},"geometry":{"type":"LineString","coordinates":[[-74.0057575,40.7121132],[-74.0060875,40.7120267]]}},{"type":"Feature","properties":{"fclass":"secondary","name":"Park Row","oneway":"F","bridge":"F","tunnel":"F"},"geometry":{"type":"LineString","coordinates":[[-74.0077178,40.7116829],[-74.0077861,40.7117132],[-74.007837,40.7117408],[-74.0078826,40.7117727]]}},{"type":"Feature","properties":{"fclass":"secondary","name":"Park Row","oneway":"F","bridge":"F","tunnel":"F"},"geometry":{"type":"LineString","coordinates":[[-74.0051846,40.7121568],[-74.0052543,40.7121649],[-74.0053317,40.7121687],[-74.0053994,40.7121685],[-74.0054721,40.7121635],[-74.00554,40.7121552],[-74.005616,40.7121442],[-74.0056925,40.7121301]]}},{"type":"Feature","properties":{"fclass":"trunk","name":"West Street","oneway":"F","maxspeed":56,"bridge":"F","tunnel":"F"},"geometry":{"type":"LineString","coordinates":[[-74.0158875,40.7068435],[-74.0158047,40.7070531]]}},{"type":"Feature","properties":{"fclass":"trunk","name":"West Street","oneway":"F","maxspeed":56,"bridge":"F","tunnel":"F"},"geometry":{"type":"LineString","coordinates":[[-74.0159533,40.706677],[-74.0158875,40.7068435]]}},{"type":"Feature","properties":{"fclass":"motorway_link","oneway":"F","bridge":"F","tunnel":"F"},"geometry":{"type":"LineString","coordinates":[[-74.0153597,40.7073384],[-74.0154431,40.707342],[-74.0155134,40.7073412],[-74.0155783,40.7073342],[-74.0156395,40.7073224],[-74.0156972,40.7073071]]}},{"type":"Feature","properties":{"fclass":"motorway_link","oneway":"F","bridge":"F","tunnel":"F"},"geometry":{"type":"LineString","coordinates":[[-74.0146368,40.7061126],[-74.0144174,40.7065124],[-74.0143925,40.7065544],[-74.014364,40.7065888],[-74.0143232,40.7066241],[-74.0142776,40.7066531],[-74.0142358,40.706675]]}},{"type":"Feature","properties":{"fclass":"motorway","name":"FDR Drive","oneway":"F","layer":1,"bridge":"T","tunnel":"F"},"geometry":{"type":"LineString","coordinates":[[-73.9947073,40.709326],[-73.9968491,40.7090266]]}},{"type":"Feature","properties":{"fclass":"primary","name":"Pearl Street","oneway":"B","bridge":"F","tunnel":"F"},"geometry":{"type":"LineString","coordinates":[[-74.0008578,40.710545],[-74.0010366,40.710298],[-74.0011122,40.7101928]]}},{"type":"Feature","properties":{"fclass":"primary","name":"Pearl Street","oneway":"B","bridge":"F","tunnel":"F"},"geometry":{"type":"LineString","coordinates":[[-74.0004595,40.7110335],[-74.0006082,40.7108827],[-74.000653,40.7108281],[-74.0008578,40.710545]]}},{"type":"Feature","properties":{"fclass":"primary","name":"Pike Slip","oneway":"F","bridge":"F","tunnel":"F"},"geometry":{"type":"LineString","coordinates":[[-73.991777,40.7098319],[-73.9917942,40.7099246],[-73.991895,40.7106095]]}},{"type":"Feature","properties":{"fclass":"primary","name":"Pike Slip","oneway":"F","bridge":"F","tunnel":"F"},"geometry":{"type":"LineString","coordinates":[[-73.99209,40.7104485],[-73.9919718,40.709913],[-73.9919574,40.7098056]]}},{"type":"Feature","properties":{"fclass":"primary","name":"Pike Street","oneway":"F","bridge":"F","tunnel":"F"},"geometry":{"type":"LineString","coordinates":[[-73.9922303,40.7121474],[-73.9922712,40.7124675]]}},{"type":"Feature","properties":{"fclass":"primary","name":"Pike Street","oneway":"F","bridge":"F","tunnel":"F"},"geometry":{"type":"LineString","coordinates":[[-73.9927506,40.7138471],[-73.9927008,40.7134309]]}},{"type":"Feature","properties":{"fclass":"primary","name":"Pike Street","oneway":"F","bridge":"F","tunnel":"F"},"geometry":{"type":"LineString","coordinates":[[-73.9926692,40.7131741],[-73.9926566,40.7131095],[-73.992566,40.712453]]}},{"type":"Feature","properties":{"fclass":"primary","name":"Pike Street","oneway":"F","bridge":"F","tunnel":"F"},"geometry":{"type":"LineString","coordinates":[[-73.9923285,40.7111374],[-73.9923014,40.7110548],[-73.9922488,40.7109708],[-73.992197,40.7108884]]}},{"type":"Feature","properties":{"fclass":"motorway_link","oneway":"F","layer":1,"bridge":"T","tunnel":"F"},"geometry":{"type":"LineString","coordinates":[[-73.9968491,40.7090266],[-73.9972145,40.708985],[-73.9972814,40.708977],[-73.997349,40.7089688],[-73.9974206,40.7089583],[-73.9974942,40.7089468],[-73.9975622,40.708935],[-73.9976342,40.7089211],[-73.9977054,40.7089069],[-73.9977786,40.7088902],[-73.9978288,40.7088777]]}},{"type":"Feature","properties":{"fclass":"motorway_link","oneway":"F","layer":1,"bridge":"T","tunnel":"F"},"geometry":{"type":"LineString","coordinates":[[-73.9993088,40.708495],[-73.9993778,40.7085104],[-73.9994508,40.7085325],[-73.9995094,40.7085578],[-73.9995635,40.708589],[-73.9996059,40.7086219],[-73.9996456,40.7086633],[-73.9996783,40.7087075],[-73.9998568,40.7089798]]}},{"type":"Feature","properties":{"fclass":"secondary","name":"East Broadway","oneway":"B","bridge":"F","tunnel":"F"},"geometry":{"type":"LineString","coordinates":[[-73.997981,40.7136728],[-73.9979475,40.713639],[-73.9979059,40.7136013],[-73.9977831,40.7135026]]}},{"type":"Feature","properties":{"fclass":"primary","name":"Pike Street","oneway":"F","bridge":"F","tunnel":"F"},"geometry":{"type":"LineString","coordinates":[[-73.992434,40.7135286],[-73.992495,40.7138684]]}},{"type":"Feature","properties":{"fclass":"secondary","name":"Broadway","oneway":"F","bridge":"F","tunnel":"F"},"geometry":{"type":"LineString","coordinates":[[-73.9907524,40.734816],[-73.9907842,40.73469],[-73.990945,40.733978],[-73.991114,40.733214],[-73.991281,40.732446],[-73.99146,40.731738],[-73.991921,40.731166],[-73.9923997,40.730601],[-73.992841,40.730079],[-73.993262,40.72958],[-73.993747,40.729008],[-73.994252,40.728412],[-73.9947584,40.7278217],[-73.99527,40.727211],[-73.9958473,40.7265272],[-73.996372,40.7259081]]}},{"type":"Feature","properties":{"fclass":"secondary","name":"Broadway","oneway":"F","bridge":"F","tunnel":"F"},"geometry":{"type":"LineString","coordinates":[[-73.996372,40.7259081],[-73.9967161,40.725502]]}},{"type":"Feature","properties":{"fclass":"secondary","name":"Centre Street","oneway":"F","bridge":"F","tunnel":"F"},"geometry":{"type":"LineString","coordinates":[[-74.002299,40.7148571],[-74.0021356,40.7151766]]}},{"type":"Feature","properties":{"fclass":"secondary","name":"Canal Street","oneway":"F","bridge":"F","tunnel":"F"},"geometry":{"type":"LineString","coordinates":[[-73.9949282,40.7158469],[-73.99459,40.7157183]]}},{"type":"Feature","properties":{"fclass":"secondary","name":"Canal Street","oneway":"B","bridge":"F","tunnel":"F"},"geometry":{"type":"LineString","coordinates":[[-73.9938025,40.7154721],[-73.9942712,40.7156084]]}},{"type":"Feature","properties":{"fclass":"primary","name":"Essex Street","oneway":"B","bridge":"F","tunnel":"F"},"geometry":{"type":"LineString","coordinates":[[-73.9881682,40.7186193],[-73.9881117,40.7187288],[-73.987954,40.7190346]]}},{"type":"Feature","properties":{"fclass":"primary","name":"Manhattan Bridge","oneway":"F","bridge":"F","tunnel":"F"},"geometry":{"type":"LineString","coordinates":[[-73.9948653,40.7156035],[-73.9949282,40.7158469]]}},{"type":"Feature","properties":{"fclass":"primary","name":"Delancey Street","oneway":"F","bridge":"F","tunnel":"F"},"geometry":{"type":"LineString","coordinates":[[-73.9935176,40.7200895],[-73.9929057,40.7199016]]}},{"type":"Feature","properties":{"fclass":"primary","name":"Delancey Street","oneway":"F","bridge":"F","tunnel":"F"},"geometry":{"type":"LineString","coordinates":[[-73.9913135,40.7194292],[-73.9905492,40.7191935]]}},{"type":"Feature","properties":{"fclass":"primary","name":"Delancey Street","oneway":"F","bridge":"F","tunnel":"F"},"geometry":{"type":"LineString","coordinates":[[-73.9929057,40.7199016],[-73.9921757,40.7196783]]}},{"type":"Feature","properties":{"fclass":"primary","name":"Delancey Street","oneway":"F","bridge":"F","tunnel":"F"},"geometry":{"type":"LineString","coordinates":[[-73.9890603,40.7187095],[-73.9889957,40.7186884],[-73.9885606,40.7185558]]}},{"type":"Feature","properties":{"fclass":"primary","name":"Delancey Street","oneway":"F","bridge":"F","tunnel":"F"},"geometry":{"type":"LineString","coordinates":[[-73.9893102,40.7187887],[-73.9891297,40.7187304],[-73.9890603,40.7187095]]}},{"type":"Feature","properties":{"fclass":"primary","name":"Delancey Street","oneway":"F","bridge":"F","tunnel":"F"},"geometry":{"type":"LineString","coordinates":[[-73.9885606,40.7185558],[-73.9883702,40.7184979],[-73.98825,40.7184613]]}},{"type":"Feature","properties":{"fclass":"primary","name":"Delancey Street","oneway":"F","bridge":"F","tunnel":"F"},"geometry":{"type":"LineString","coordinates":[[-73.9941172,40.7203456],[-73.994002,40.720262],[-73.9938678,40.720197],[-73.9935176,40.7200895]]}},{"type":"Feature","properties":{"fclass":"primary","name":"Canal Street","oneway":"F","bridge":"F","tunnel":"F"},"geometry":{"type":"LineString","coordinates":[[-73.9949282,40.7158469],[-73.9954538,40.7160164]]}},{"type":"Feature","properties":{"fclass":"primary","name":"State Street","oneway":"B","bridge":"F","tunnel":"F"},"geometry":{"type":"LineString","coordinates":[[-74.0141521,40.7026853],[-74.0140403,40.7025949],[-74.0139773,40.7025477],[-74.0138632,40.7024623],[-74.0137607,40.7024036]]}},{"type":"Feature","properties":{"fclass":"primary","name":"Canal Street","oneway":"F","bridge":"F","tunnel":"F"},"geometry":{"type":"LineString","coordinates":[[-74.0067676,40.7228854],[-74.0070321,40.7230893]]}},{"type":"Feature","properties":{"fclass":"primary","name":"Canal Street","oneway":"F","bridge":"F","tunnel":"F"},"geometry":{"type":"LineString","coordinates":[[-74.0075182,40.7234375],[-74.007598,40.7234986],[-74.0079297,40.7237578]]}},{"type":"Feature","properties":{"fclass":"secondary","name":"Chambers Street","oneway":"B","bridge":"F","tunnel":"F"},"geometry":{"type":"LineString","coordinates":[[-74.0109453,40.7162912],[-74.0122034,40.7168623]]}},{"type":"Feature","properties":{"fclass":"secondary","name":"Varick Street","oneway":"F","bridge":"F","tunnel":"F"},"geometry":{"type":"LineString","coordinates":[[-74.0062383,40.722986],[-74.0063044,40.7225635]]}},{"type":"Feature","properties":{"fclass":"secondary","name":"Varick Street","oneway":"F","bridge":"F","tunnel":"F"},"geometry":{"type":"LineString","coordinates":[[-74.006111,40.7238002],[-74.0062153,40.7231321],[-74.0062383,40.722986]]}},{"type":"Feature","properties":{"fclass":"trunk","name":"West Street","ref":"NY 9A","oneway":"F","bridge":"F","tunnel":"F"},"geometry":{"type":"LineString","coordinates":[[-74.0130407,40.715966],[-74.012933,40.7164233]]}},{"type":"Feature","properties":{"fclass":"motorway_link","oneway":"F","bridge":"F","tunnel":"F"},"geometry":{"type":"LineString","coordinates":[[-74.0069007,40.7210021],[-74.0068611,40.7210551],[-74.0068317,40.7210838],[-74.0068033,40.7211061],[-74.0067755,40.7211219],[-74.0067473,40.7211321],[-74.0067154,40.7211383],[-74.0066783,40.7211395],[-74.0066436,40.7211363],[-74.0066104,40.7211285],[-74.0065813,40.7211152],[-74.0065526,40.7210963]]}},{"type":"Feature","properties":{"fclass":"motorway_link","oneway":"F","bridge":"F","tunnel":"F"},"geometry":{"type":"LineString","coordinates":[[-74.0079994,40.7211998],[-74.0079847,40.720871],[-74.0079876,40.7208455],[-74.0079942,40.7208176],[-74.0080072,40.7207941],[-74.0080301,40.72077]]}},{"type":"Feature","properties":{"fclass":"motorway_link","oneway":"F","bridge":"F","tunnel":"F"},"geometry":{"type":"LineString","coordinates":[[-74.0078145,40.7209099],[-74.0077693,40.7208617],[-74.0077303,40.7208269],[-74.0076732,40.720786],[-74.00762,40.7207545],[-74.0075592,40.7207244],[-74.0073701,40.7206384]]}},{"type":"Feature","properties":{"fclass":"footway","oneway":"B","bridge":"F","tunnel":"F"},"geometry":{"type":"LineString","coordinates":[[-73.9889555,40.7298534],[-73.9890296,40.7298978],[-73.9890976,40.7299383]]}},{"type":"Feature","properties":{"fclass":"footway","oneway":"B","bridge":"F","tunnel":"F"},"geometry":{"type":"LineString","coordinates":[[-73.9904412,40.7304628],[-73.9905753,40.7299006]]}},{"type":"Feature","properties":{"fclass":"footway","oneway":"B","bridge":"F","tunnel":"F"},"geometry":{"type":"LineString","coordinates":[[-73.9899881,40.7296924],[-73.9899713,40.7297145],[-73.9898183,40.7299243],[-73.9896562,40.7301403]]}},{"type":"Feature","properties":{"fclass":"footway","oneway":"B","bridge":"F","tunnel":"F"},"geometry":{"type":"LineString","coordinates":[[-73.9894835,40.7299018],[-73.9894735,40.7299154],[-73.9893858,40.730035]]}},{"type":"Feature","properties":{"fclass":"footway","oneway":"B","bridge":"F","tunnel":"F"},"geometry":{"type":"LineString","coordinates":[[-73.9895292,40.7298375],[-73.9895056,40.7298718],[-73.9894835,40.7299018]]}},{"type":"Feature","properties":{"fclass":"footway","oneway":"B","bridge":"F","tunnel":"F"},"geometry":{"type":"LineString","coordinates":[[-73.9890976,40.7299383],[-73.989374,40.7300518]]}},{"type":"Feature","properties":{"fclass":"residential","name":"Stuyvesant Street","oneway":"F","bridge":"F","tunnel":"F"},"geometry":{"type":"LineString","coordinates":[[-73.9886316,40.729786],[-73.9886579,40.7298401],[-73.9886592,40.7298666],[-73.9886404,40.7298961],[-73.9885803,40.7299275]]}},{"type":"Feature","properties":{"fclass":"footway","oneway":"B","bridge":"F","tunnel":"F"},"geometry":{"type":"LineString","coordinates":[[-73.9888944,40.7299672],[-73.9888027,40.7299285],[-73.9886592,40.7298666]]}},{"type":"Feature","properties":{"fclass":"footway","oneway":"B","bridge":"F","tunnel":"F"},"geometry":{"type":"LineString","coordinates":[[-73.9893103,40.7301423],[-73.9888944,40.7299672]]}},{"type":"Feature","properties":{"fclass":"footway","oneway":"B","bridge":"F","tunnel":"F"},"geometry":{"type":"LineString","coordinates":[[-73.9886592,40.7298666],[-73.9873236,40.729313],[-73.9872867,40.7292976]]}},{"type":"Feature","properties":{"fclass":"footway","oneway":"B","bridge":"F","tunnel":"F"},"geometry":{"type":"LineString","coordinates":[[-73.9889555,40.7298534],[-73.9874091,40.7291937],[-73.9873687,40.7291764]]}},{"type":"Feature","properties":{"fclass":"footway","oneway":"B","bridge":"F","tunnel":"F"},"geometry":{"type":"LineString","coordinates":[[-73.9908415,40.7300275],[-73.9908548,40.7299554],[-73.9908785,40.7298756],[-73.9908867,40.7298475],[-73.9909044,40.7297871],[-73.9909324,40.729704]]}},{"type":"Feature","properties":{"fclass":"footway","oneway":"B","bridge":"F","tunnel":"F"},"geometry":{"type":"LineString","coordinates":[[-73.9895438,40.7298166],[-73.9889555,40.7298534]]}},{"type":"Feature","properties":{"fclass":"footway","oneway":"B","bridge":"F","tunnel":"F"},"geometry":{"type":"LineString","coordinates":[[-73.9873236,40.729313],[-73.9873694,40.7292476],[-73.9874091,40.7291937]]}},{"type":"Feature","properties":{"fclass":"footway","oneway":"B","bridge":"F","tunnel":"F"},"geometry":{"type":"LineString","coordinates":[[-73.9873687,40.7291764],[-73.9872782,40.7291379]]}},{"type":"Feature","properties":{"fclass":"footway","oneway":"B","bridge":"F","tunnel":"F"},"geometry":{"type":"LineString","coordinates":[[-73.9872867,40.7292976],[-73.987191,40.729258]]}},{"type":"Feature","properties":{"fclass":"footway","oneway":"B","bridge":"F","tunnel":"F"},"geometry":{"type":"LineString","coordinates":[[-73.9915125,40.7299586],[-73.9913156,40.730063]]}},{"type":"Feature","properties":{"fclass":"footway","oneway":"B","bridge":"F","tunnel":"F"},"geometry":{"type":"LineString","coordinates":[[-73.9894735,40.7299154],[-73.9891251,40.7299343],[-73.9890976,40.7299383]]}},{"type":"Feature","properties":{"fclass":"footway","oneway":"B","bridge":"F","tunnel":"F"},"geometry":{"type":"LineString","coordinates":[[-73.9899422,40.7297039],[-73.9898457,40.7296351],[-73.9897246,40.7295542]]}},{"type":"Feature","properties":{"fclass":"footway","oneway":"B","bridge":"F","tunnel":"F"},"geometry":{"type":"LineString","coordinates":[[-73.9905753,40.7299006],[-73.9903708,40.7298325]]}},{"type":"Feature","properties":{"fclass":"service","oneway":"B","bridge":"F","tunnel":"F"},"geometry":{"type":"LineString","coordinates":[[-73.9909717,40.7292206],[-73.991328,40.729394]]}},{"type":"Feature","properties":{"fclass":"footway","name":"East Houston Street","oneway":"B","bridge":"F","tunnel":"F"},"geometry":{"type":"LineString","coordinates":[[-73.9888238,40.7228181],[-73.9889363,40.7228492]]}},{"type":"Feature","properties":{"fclass":"footway","name":"East 1st Street","oneway":"B","bridge":"F","tunnel":"F"},"geometry":{"type":"LineString","coordinates":[[-73.98834,40.7231624],[-73.98847,40.7232177],[-73.98855,40.723252],[-73.988628,40.7232852]]}},{"type":"Feature","properties":{"fclass":"footway","name":"Allen Street","oneway":"B","bridge":"F","tunnel":"F"},"geometry":{"type":"LineString","coordinates":[[-73.9884842,40.7227241],[-73.9884612,40.7228134],[-73.98843,40.7229461],[-73.9884057,40.7230318]]}},{"type":"Feature","properties":{"fclass":"footway","name":"Allen Street","oneway":"B","bridge":"F","tunnel":"F"},"geometry":{"type":"LineString","coordinates":[[-73.9889363,40.7228492],[-73.9888762,40.722934],[-73.9887913,40.7230541],[-73.9887383,40.7231292]]}},{"type":"Feature","properties":{"fclass":"footway","name":"East 1st Street","oneway":"B","bridge":"F","tunnel":"F"},"geometry":{"type":"LineString","coordinates":[[-73.9882723,40.723282],[-73.9884068,40.7233377],[-73.988464,40.7233614],[-73.9885492,40.7233967]]}},{"type":"Feature","properties":{"fclass":"footway","name":"East Houston Street","oneway":"B","bridge":"F","tunnel":"F"},"geometry":{"type":"LineString","coordinates":[[-73.9886071,40.722758],[-73.9886785,40.7227777],[-73.9887611,40.7228006],[-73.9888238,40.7228181]]}},{"type":"Feature","properties":{"fclass":"footway","name":"1st Avenue","oneway":"B","bridge":"F","tunnel":"F"},"geometry":{"type":"LineString","coordinates":[[-73.98834,40.7231624],[-73.9883118,40.7232181],[-73.9882723,40.723282]]}},{"type":"Feature","properties":{"fclass":"footway","name":"1st Avenue","oneway":"B","bridge":"F","tunnel":"F"},"geometry":{"type":"LineString","coordinates":[[-73.988628,40.7232852],[-73.9885918,40.7233364],[-73.9885492,40.7233967]]}},{"type":"Feature","properties":{"fclass":"footway","name":"1st Avenue","oneway":"B","bridge":"F","tunnel":"F"},"geometry":{"type":"LineString","coordinates":[[-73.9884057,40.7230318],[-73.98834,40.7231624]]}},{"type":"Feature","properties":{"fclass":"footway","name":"Allen Street","oneway":"B","bridge":"F","tunnel":"F"},"geometry":{"type":"LineString","coordinates":[[-73.9887383,40.7231292],[-73.988628,40.7232852]]}},{"type":"Feature","properties":{"fclass":"service","oneway":"B","bridge":"F","tunnel":"F"},"geometry":{"type":"LineString","coordinates":[[-74.0174378,40.7110701],[-74.0175066,40.7108782],[-74.0174343,40.7108605],[-74.01687,40.7107224],[-74.0166527,40.7112469],[-74.0159875,40.7110975]]}},{"type":"Feature","properties":{"fclass":"service","oneway":"B","bridge":"F","tunnel":"F"},"geometry":{"type":"LineString","coordinates":[[-74.0166527,40.7112469],[-74.0165984,40.7113313],[-74.0166942,40.711435],[-74.017104,40.7115026],[-74.0171857,40.711465],[-74.0172373,40.7113588],[-74.0174343,40.7108605]]}},{"type":"Feature","properties":{"fclass":"steps","oneway":"B","bridge":"F","tunnel":"F"},"geometry":{"type":"LineString","coordinates":[[-74.0107571,40.7041117],[-74.010706,40.70414]]}},{"type":"Feature","properties":{"fclass":"service","oneway":"B","bridge":"F","tunnel":"F"},"geometry":{"type":"LineString","coordinates":[[-74.0108703,40.7044573],[-74.0107512,40.7042401]]}},{"type":"Feature","properties":{"fclass":"footway","name":"Allen Street","oneway":"B","bridge":"F","tunnel":"F"},"geometry":{"type":"LineString","coordinates":[[-73.990596,40.7183138],[-73.9906316,40.7182437],[-73.9906601,40.7181875]]}},{"type":"Feature","properties":{"fclass":"footway","name":"Allen Street","oneway":"B","bridge":"F","tunnel":"F"},"geometry":{"type":"LineString","coordinates":[[-73.9910235,40.7184406],[-73.9910601,40.7183742],[-73.9910906,40.7183185]]}},{"type":"Feature","properties":{"fclass":"pedestrian","name":"Hester Street","oneway":"B","bridge":"F","tunnel":"F"},"geometry":{"type":"LineString","coordinates":[[-73.9937,40.716748],[-73.9944557,40.7169745]]}},{"type":"Feature","properties":{"fclass":"footway","name":"Allen Street","oneway":"B","bridge":"F","tunnel":"F"},"geometry":{"type":"LineString","coordinates":[[-73.992696,40.7143811],[-73.9927068,40.7145684],[-73.9927078,40.7146268],[-73.9926231,40.7148342],[-73.9925577,40.7149687],[-73.9924965,40.7150936],[-73.991916,40.7162056],[-73.9913193,40.717389],[-73.9908771,40.7182536],[-73.9908157,40.718379],[-73.990468,40.7190467]]}},{"type":"Feature","properties":{"fclass":"footway","name":"East Houston Street","oneway":"B","bridge":"F","tunnel":"F"},"geometry":{"type":"LineString","coordinates":[[-73.9884057,40.7230318],[-73.9885211,40.7230656],[-73.988669,40.723109],[-73.9887383,40.7231292]]}},{"type":"Feature","properties":{"fclass":"footway","name":"Cherry Street","oneway":"B","bridge":"F","tunnel":"F"},"geometry":{"type":"LineString","coordinates":[[-73.9922488,40.7109708],[-73.9921527,40.7109891],[-73.9921283,40.7109937],[-73.9921057,40.710998],[-73.9920103,40.711016]]}},{"type":"Feature","properties":{"fclass":"footway","name":"Schwartz Plaza / Washington Square East","oneway":"B","bridge":"F","tunnel":"F"},"geometry":{"type":"LineString","coordinates":[[-73.9966828,40.7295402],[-73.9966375,40.729596],[-73.996591,40.7296528]]}},{"type":"Feature","properties":{"fclass":"footway","name":"Washington Square South / West 4th Street","oneway":"B","bridge":"F","tunnel":"F"},"geometry":{"type":"LineString","coordinates":[[-73.996591,40.7296528],[-73.9965217,40.7296183],[-73.9964611,40.7295871]]}},{"type":"Feature","properties":{"fclass":"footway","name":"Washington Square South","oneway":"B","bridge":"F","tunnel":"F"},"geometry":{"type":"LineString","coordinates":[[-73.997296,40.7298405],[-73.997401,40.7298917],[-73.9975133,40.7299466]]}},{"type":"Feature","properties":{"fclass":"footway","name":"Washington Square South","oneway":"B","bridge":"F","tunnel":"F"},"geometry":{"type":"LineString","coordinates":[[-73.9975133,40.7299466],[-73.9980452,40.730207]]}},{"type":"Feature","properties":{"fclass":"footway","name":"Washington Square South","oneway":"B","bridge":"F","tunnel":"F"},"geometry":{"type":"LineString","coordinates":[[-73.9966828,40.7295402],[-73.997296,40.7298405]]}},{"type":"Feature","properties":{"fclass":"footway","name":"Washington Square South","oneway":"B","bridge":"F","tunnel":"F"},"geometry":{"type":"LineString","coordinates":[[-73.996591,40.7296528],[-73.9968723,40.7297908],[-73.9972024,40.7299524],[-73.9973135,40.7300069],[-73.9974194,40.7300587],[-73.9976076,40.730151],[-73.9979521,40.7303197],[-73.9980144,40.7303504],[-73.9980902,40.7303874],[-73.9982373,40.7304596],[-73.9984092,40.7305437],[-73.9985797,40.7306273],[-73.9987373,40.7307045],[-73.9988328,40.7307513],[-73.998866,40.7307676],[-73.999497,40.7310768]]}},{"type":"Feature","properties":{"fclass":"footway","name":"Laguardia Place","oneway":"B","bridge":"F","tunnel":"F"},"geometry":{"type":"LineString","coordinates":[[-73.9972024,40.7299524],[-73.9972522,40.7298929],[-73.997296,40.7298405]]}},{"type":"Feature","properties":{"fclass":"footway","name":"Washington Square South / West 4th Street","oneway":"B","bridge":"F","tunnel":"F"},"geometry":{"type":"LineString","coordinates":[[-73.9965488,40.7294788],[-73.9966145,40.7295094],[-73.9966828,40.7295402]]}},{"type":"Feature","properties":{"fclass":"footway","name":"Schwartz Plaza / Washington Square East","oneway":"B","bridge":"F","tunnel":"F"},"geometry":{"type":"LineString","coordinates":[[-73.9964611,40.7295871],[-73.9965062,40.7295311],[-73.9965488,40.7294788]]}},{"type":"Feature","properties":{"fclass":"cycleway","name":"Hudson River Greenway","oneway":"B","bridge":"F","tunnel":"F"},"geometry":{"type":"LineString","coordinates":[[-74.0152163,40.7098422],[-74.014855,40.7108299],[-74.0147708,40.7111771],[-74.0143976,40.7127705],[-74.0140936,40.7138571]]}},{"type":"Feature","properties":{"fclass":"motorway","name":"Brooklyn Bridge","oneway":"F","maxspeed":40,"layer":4,"bridge":"T","tunnel":"F"},"geometry":{"type":"LineString","coordinates":[[-73.9919675,40.7023019],[-74.000595,40.7091641]]}},{"type":"Feature","properties":{"fclass":"motorway","name":"Brooklyn Bridge","oneway":"F","maxspeed":40,"layer":4,"bridge":"T","tunnel":"F"},"geometry":{"type":"LineString","coordinates":[[-74.0034825,40.7112711],[-74.0007273,40.7090734]]}},{"type":"Feature","properties":{"fclass":"cycleway","name":"Brooklyn Bridge","oneway":"B","layer":4,"bridge":"T","tunnel":"F"},"geometry":{"type":"LineString","coordinates":[[-74.0042638,40.7119776],[-74.0012934,40.7096091],[-74.0006151,40.7090905]]}},{"type":"Feature","properties":{"fclass":"motorway","name":"Brooklyn Bridge","oneway":"F","maxspeed":40,"layer":4,"bridge":"T","tunnel":"F"},"geometry":{"type":"LineString","coordinates":[[-74.000595,40.7091641],[-74.001725,40.7100678],[-74.0031027,40.711156]]}},{"type":"Feature","properties":{"fclass":"footway","name":"6th Avenue","oneway":"B","bridge":"F","tunnel":"F"},"geometry":{"type":"LineString","coordinates":[[-74.0023025,40.7297579],[-74.0022656,40.7298286]]}},{"type":"Feature","properties":{"fclass":"secondary","name":"6th Avenue","oneway":"F","bridge":"F","tunnel":"F"},"geometry":{"type":"LineString","coordinates":[[-74.002094,40.7298798],[-74.0017486,40.7304702],[-74.001684,40.730581],[-74.001413,40.731065],[-74.0012162,40.7313396],[-74.0009985,40.7316428],[-74.000954,40.731706],[-74.0009085,40.7317684],[-74.0008454,40.731855],[-74.000511,40.732315],[-74.000066,40.732929],[-73.9995901,40.7335729],[-73.9995233,40.7336633]]}},{"type":"Feature","properties":{"fclass":"footway","name":"6th Avenue","oneway":"B","bridge":"F","tunnel":"F"},"geometry":{"type":"LineString","coordinates":[[-74.0022656,40.7298286],[-74.00223,40.7298969],[-74.0021695,40.7299986]]}},{"type":"Feature","properties":{"fclass":"footway","name":"Downing Street / Bleecker Street","oneway":"B","bridge":"F","tunnel":"F"},"geometry":{"type":"LineString","coordinates":[[-74.0021264,40.7295514],[-74.0022411,40.7296026],[-74.0023541,40.729653]]}},{"type":"Feature","properties":{"fclass":"footway","name":"Bleecker Street","oneway":"B","bridge":"F","tunnel":"F"},"geometry":{"type":"LineString","coordinates":[[-74.0023431,40.7302966],[-74.0021695,40.7299986]]}},{"type":"Feature","properties":{"fclass":"footway","name":"6th Avenue","oneway":"B","bridge":"F","tunnel":"F"},"geometry":{"type":"LineString","coordinates":[[-74.0023541,40.729653],[-74.002323,40.7297187],[-74.0023025,40.7297579]]}},{"type":"Feature","properties":{"fclass":"footway","name":"6th Avenue","oneway":"B","bridge":"F","tunnel":"F"},"geometry":{"type":"LineString","coordinates":[[-74.0021695,40.7299986],[-74.0019245,40.730432]]}},{"type":"Feature","properties":{"fclass":"footway","name":"6th Avenue","oneway":"B","bridge":"F","tunnel":"F"},"geometry":{"type":"LineString","coordinates":[[-74.0028615,40.7285745],[-74.0023541,40.729653]]}},{"type":"Feature","properties":{"fclass":"footway","name":"West Houston Street","oneway":"B","bridge":"F","tunnel":"F"},"geometry":{"type":"LineString","coordinates":[[-74.002984,40.7284513],[-74.003274,40.7284802]]}},{"type":"Feature","properties":{"fclass":"footway","name":"6th Avenue","oneway":"B","bridge":"F","tunnel":"F"},"geometry":{"type":"LineString","coordinates":[[-74.00263,40.7284563],[-74.0024383,40.7288832],[-74.0020772,40.7295295]]}},{"type":"Feature","properties":{"fclass":"unclassified","name":"Bleecker Street","oneway":"F","bridge":"F","tunnel":"F"},"geometry":{"type":"LineString","coordinates":[[-74.0024762,40.7303374],[-74.0024331,40.7302665],[-74.00223,40.7298969],[-74.0022124,40.7298258],[-74.0021985,40.7296932]]}},{"type":"Feature","properties":{"fclass":"footway","name":"Bleecker Street","oneway":"B","bridge":"F","tunnel":"F"},"geometry":{"type":"LineString","coordinates":[[-74.0021695,40.7299986],[-74.002094,40.7298798],[-74.0020098,40.7297467]]}},{"type":"Feature","properties":{"fclass":"footway","name":"6th Avenue","oneway":"B","bridge":"F","tunnel":"F"},"geometry":{"type":"LineString","coordinates":[[-74.0020098,40.7297467],[-74.0015832,40.7304893]]}},{"type":"Feature","properties":{"fclass":"primary","name":"West Houston Street","oneway":"F","bridge":"F","tunnel":"F"},"geometry":{"type":"LineString","coordinates":[[-74.0023984,40.7282488],[-74.0026627,40.7283838],[-74.0027912,40.7284511]]}},{"type":"Feature","properties":{"fclass":"primary","name":"6th Avenue","oneway":"F","bridge":"F","tunnel":"F"},"geometry":{"type":"LineString","coordinates":[[-74.0028881,40.7282397],[-74.0028315,40.7283615]]}},{"type":"Feature","properties":{"fclass":"primary","name":"West Houston Street","oneway":"F","bridge":"F","tunnel":"F"},"geometry":{"type":"LineString","coordinates":[[-74.0020997,40.7281031],[-74.0023984,40.7282488]]}},{"type":"Feature","properties":{"fclass":"primary","name":"6th Avenue","oneway":"F","bridge":"F","tunnel":"F"},"geometry":{"type":"LineString","coordinates":[[-74.0030703,40.7278481],[-74.0028881,40.7282397]]}},{"type":"Feature","properties":{"fclass":"footway","oneway":"B","bridge":"F","tunnel":"F"},"geometry":{"type":"LineString","coordinates":[[-74.0108711,40.7081534],[-74.010882,40.7080907]]}},{"type":"Feature","properties":{"fclass":"footway","oneway":"B","bridge":"F","tunnel":"T"},"geometry":{"type":"LineString","coordinates":[[-74.0096993,40.7080431],[-74.0096865,40.7080428],[-74.0096292,40.7080045],[-74.0096273,40.7079946]]}},{"type":"Feature","properties":{"fclass":"trunk","name":"West Street","oneway":"F","maxspeed":56,"bridge":"F","tunnel":"F"},"geometry":{"type":"LineString","coordinates":[[-74.016012,40.70716],[-74.0162324,40.7066286]]}},{"type":"Feature","properties":{"fclass":"trunk","name":"West Street","oneway":"F","maxspeed":56,"bridge":"F","tunnel":"F"},"geometry":{"type":"LineString","coordinates":[[-74.0156972,40.7073071],[-74.0155957,40.7075211],[-74.0155121,40.7077007]]}},{"type":"Feature","properties":{"fclass":"residential","name":"Albany Street","oneway":"B","bridge":"F","tunnel":"F"},"geometry":{"type":"LineString","coordinates":[[-74.014729,40.7098267],[-74.0150378,40.7098348]]}},{"type":"Feature","properties":{"fclass":"trunk","name":"West Street","ref":"NY 9A","oneway":"F","maxspeed":56,"bridge":"F","tunnel":"F"},"geometry":{"type":"LineString","coordinates":[[-74.0155121,40.7077007],[-74.015476,40.7077844],[-74.0154423,40.707859],[-74.0153628,40.7080651],[-74.0152166,40.7084436],[-74.0151971,40.7084945],[-74.0148642,40.7094457],[-74.0147603,40.709725],[-74.0147441,40.7097766],[-74.014729,40.7098267]]}},{"type":"Feature","properties":{"fclass":"primary","name":"Pearl Street","oneway":"B","bridge":"F","tunnel":"F"},"geometry":{"type":"LineString","coordinates":[[-74.002503,40.708846],[-74.0025812,40.7087842],[-74.0028048,40.7086071],[-74.0031963,40.7082842],[-74.0034468,40.7080774],[-74.004067,40.7074501]]}},{"type":"Feature","properties":{"fclass":"residential","name":"North Moore Street","oneway":"F","bridge":"F","tunnel":"F"},"geometry":{"type":"LineString","coordinates":[[-74.0120425,40.7203103],[-74.0122754,40.7203352]]}},{"type":"Feature","properties":{"fclass":"trunk","name":"West Street","ref":"NY 9A","oneway":"F","bridge":"F","tunnel":"F"},"geometry":{"type":"LineString","coordinates":[[-74.0122754,40.7203352],[-74.012302,40.7202207],[-74.0125435,40.7191925],[-74.0125981,40.7189571],[-74.0126388,40.7187915],[-74.0128492,40.7179785]]}},{"type":"Feature","properties":{"fclass":"trunk","name":"West Street","ref":"NY 9A","oneway":"F","bridge":"F","tunnel":"F"},"geometry":{"type":"LineString","coordinates":[[-74.01093,40.7258067],[-74.0108722,40.726176],[-74.010784,40.7267742],[-74.0107715,40.7268826],[-74.0107609,40.7269928],[-74.010625,40.7283922]]}},{"type":"Feature","properties":{"fclass":"pedestrian","oneway":"B","bridge":"F","tunnel":"F"},"geometry":{"type":"LineString","coordinates":[[-74.0102092,40.7253801],[-74.0103052,40.7253389],[-74.0103744,40.725319],[-74.0104344,40.7253156],[-74.0104675,40.725315],[-74.0104668,40.7253254],[-74.0105077,40.7253275],[-74.0105528,40.725336],[-74.0106127,40.7253576],[-74.0106637,40.7253847],[-74.0107045,40.7254142],[-74.0107377,40.725447],[-74.010783,40.725487],[-74.0108186,40.7255093],[-74.0108524,40.725522],[-74.0109778,40.7255461]]}},{"type":"Feature","properties":{"fclass":"primary","name":"3rd Avenue","oneway":"B","bridge":"F","tunnel":"F"},"geometry":{"type":"LineString","coordinates":[[-73.989902,40.729558],[-73.9898457,40.7296351],[-73.9896775,40.7298638],[-73.9895165,40.7300868],[-73.9894828,40.7301334],[-73.9894381,40.7301963],[-73.9890528,40.7307238],[-73.9886567,40.7312679],[-73.9886146,40.7313257],[-73.988565,40.7313938],[-73.9881863,40.7319135],[-73.9881497,40.7319637],[-73.9881035,40.732027],[-73.9877241,40.732548],[-73.9876832,40.7326041],[-73.9876157,40.7327077],[-73.987246,40.7332044],[-73.987191,40.7332799],[-73.9871817,40.7332926]]}},{"type":"Feature","properties":{"fclass":"unclassified","name":"Liberty Street","oneway":"B","bridge":"F","tunnel":"F"},"geometry":{"type":"LineString","coordinates":[[-74.0146456,40.7111301],[-74.0145717,40.7110998],[-74.0145066,40.7110691],[-74.0144343,40.7110326]]}},{"type":"Feature","properties":{"fclass":"trunk","name":"West Street","ref":"NY 9A","oneway":"F","maxspeed":56,"bridge":"F","tunnel":"F"},"geometry":{"type":"LineString","coordinates":[[-74.0136812,40.7137088],[-74.0134663,40.7143066],[-74.0134177,40.7144375],[-74.0133839,40.714539],[-74.0133582,40.7146293],[-74.0133347,40.7147251]]}},{"type":"Feature","properties":{"fclass":"primary","name":"Canal Street","oneway":"B","bridge":"F","tunnel":"F"},"geometry":{"type":"LineString","coordinates":[[-73.998586,40.7171185],[-73.9987308,40.7171635],[-73.9988054,40.7171951],[-73.998855,40.7172261],[-73.998918,40.7172701],[-73.999313,40.71755],[-73.999956,40.718017],[-74.000532,40.71843],[-74.000846,40.7186551],[-74.001273,40.718961],[-74.0015171,40.7191435],[-74.0018768,40.7194057],[-74.0025889,40.719916],[-74.0032495,40.7203895],[-74.0034833,40.720557],[-74.0039183,40.7208687],[-74.0039781,40.7209116],[-74.0045402,40.7213143],[-74.0046174,40.7213697],[-74.0047068,40.7214315],[-74.0051763,40.721757],[-74.0052899,40.7218355]]}},{"type":"Feature","properties":{"fclass":"primary","name":"6th Avenue","oneway":"F","bridge":"F","tunnel":"F"},"geometry":{"type":"LineString","coordinates":[[-74.0052899,40.7218355],[-74.0053301,40.7218956],[-74.0053653,40.7219615],[-74.0053871,40.7220204],[-74.0053996,40.7220793],[-74.0053933,40.7221492],[-74.0053828,40.7221934],[-74.0053683,40.7222366],[-74.0050635,40.7230027],[-74.0049681,40.7233318],[-74.004786,40.723625]]}},{"type":"Feature","properties":{"fclass":"primary","name":"Canal Street","oneway":"B","bridge":"F","tunnel":"F"},"geometry":{"type":"LineString","coordinates":[[-74.0052899,40.7218355],[-74.0055143,40.7219944],[-74.005915,40.7222808],[-74.0063044,40.7225635],[-74.0067676,40.7228854]]}},{"type":"Feature","properties":{"fclass":"primary","name":"Oliver Street","oneway":"B","bridge":"F","tunnel":"F"},"geometry":{"type":"LineString","coordinates":[[-73.9985204,40.713443],[-73.998681,40.7135191]]}},{"type":"Feature","properties":{"fclass":"primary","name":"Bowery","oneway":"F","bridge":"F","tunnel":"F"},"geometry":{"type":"LineString","coordinates":[[-73.9930316,40.7228016],[-73.992832,40.7233341]]}},{"type":"Feature","properties":{"fclass":"primary","name":"Bowery","oneway":"F","bridge":"F","tunnel":"F"},"geometry":{"type":"LineString","coordinates":[[-73.9937177,40.7209376],[-73.9934649,40.7216123]]}},{"type":"Feature","properties":{"fclass":"primary","name":"Bowery","oneway":"F","bridge":"F","tunnel":"F"},"geometry":{"type":"LineString","coordinates":[[-73.9921427,40.7252143],[-73.9919973,40.7256194]]}},{"type":"Feature","properties":{"fclass":"primary","name":"Bowery","oneway":"F","bridge":"F","tunnel":"F"},"geometry":{"type":"LineString","coordinates":[[-73.99251,40.724192],[-73.9922644,40.7248794],[-73.9921427,40.7252143]]}},{"type":"Feature","properties":{"fclass":"cycleway","name":"Brooklyn Bridge","oneway":"B","bridge":"F","tunnel":"F"},"geometry":{"type":"LineString","coordinates":[[-74.0048445,40.7124759],[-74.0047897,40.7124277]]}},{"type":"Feature","properties":{"fclass":"cycleway","name":"Brooklyn Bridge","oneway":"B","bridge":"F","tunnel":"F"},"geometry":{"type":"LineString","coordinates":[[-74.0044306,40.7121108],[-74.0042638,40.7119776]]}},{"type":"Feature","properties":{"fclass":"cycleway","name":"Brooklyn Bridge","oneway":"B","layer":4,"bridge":"T","tunnel":"F"},"geometry":{"type":"LineString","coordinates":[[-74.0006151,40.7090905],[-73.9998931,40.7085157],[-73.9991305,40.7079084],[-73.9986176,40.7075001],[-73.9984486,40.7073655]]}},{"type":"Feature","properties":{"fclass":"secondary","name":"Canal Street","oneway":"B","bridge":"F","tunnel":"F"},"geometry":{"type":"LineString","coordinates":[[-73.9934,40.715355],[-73.9938025,40.7154721]]}},{"type":"Feature","properties":{"fclass":"residential","name":"East 2nd Street","oneway":"F","bridge":"F","tunnel":"F"},"geometry":{"type":"LineString","coordinates":[[-73.9880825,40.7239895],[-73.987968,40.723942]]}},{"type":"Feature","properties":{"fclass":"residential","name":"East 2nd Street","oneway":"F","bridge":"F","tunnel":"F"},"geometry":{"type":"LineString","coordinates":[[-73.9921418,40.7256763],[-73.992072,40.7256488],[-73.9919973,40.7256194]]}},{"type":"Feature","properties":{"fclass":"secondary","name":"Grand Street","oneway":"F","bridge":"F","tunnel":"F"},"geometry":{"type":"LineString","coordinates":[[-73.998524,40.719786],[-73.9980646,40.7195803]]}},{"type":"Feature","properties":{"fclass":"secondary","name":"Grand Street","oneway":"F","bridge":"F","tunnel":"F"},"geometry":{"type":"LineString","coordinates":[[-73.9980646,40.7195803],[-73.997303,40.719324],[-73.9964742,40.7190525],[-73.9956862,40.718771],[-73.9948123,40.7184578],[-73.993828,40.718145]]}},{"type":"Feature","properties":{"fclass":"residential","name":"Rivington Street","oneway":"F","bridge":"F","tunnel":"F"},"geometry":{"type":"LineString","coordinates":[[-73.9934649,40.7216123],[-73.993586,40.72165]]}},{"type":"Feature","properties":{"fclass":"residential","name":"Spring Street","oneway":"F","bridge":"F","tunnel":"F"},"geometry":{"type":"LineString","coordinates":[[-73.998812,40.723021],[-73.9987152,40.7229794],[-73.99798,40.722663],[-73.9971275,40.7223037]]}},{"type":"Feature","properties":{"fclass":"residential","name":"Spring Street","oneway":"F","bridge":"F","tunnel":"F"},"geometry":{"type":"LineString","coordinates":[[-74.001127,40.724166],[-74.000367,40.723795],[-73.999609,40.723423],[-73.9989199,40.7230754],[-73.998812,40.723021]]}},{"type":"Feature","properties":{"fclass":"residential","name":"Spring Street","oneway":"F","bridge":"F","tunnel":"F"},"geometry":{"type":"LineString","coordinates":[[-74.004031,40.725513],[-74.003901,40.725503],[-74.003376,40.725252],[-74.002619,40.72488],[-74.001933,40.724552],[-74.001127,40.724166]]}},{"type":"Feature","properties":{"fclass":"residential","name":"Stanton Street","oneway":"F","bridge":"F","tunnel":"F"},"geometry":{"type":"LineString","coordinates":[[-73.990041,40.721921],[-73.9893617,40.7217166],[-73.98923,40.721677]]}},{"type":"Feature","properties":{"fclass":"unclassified","name":"Vesey Street","oneway":"B","bridge":"F","tunnel":"F"},"geometry":{"type":"LineString","coordinates":[[-74.0139334,40.7138012],[-74.0140936,40.7138571]]}},{"type":"Feature","properties":{"fclass":"secondary","name":"6th Avenue","oneway":"F","bridge":"F","tunnel":"F"},"geometry":{"type":"LineString","coordinates":[[-74.0051933,40.7198568],[-74.005214,40.7204686],[-74.0052198,40.7206388]]}},{"type":"Feature","properties":{"fclass":"primary","name":"Allen Street","oneway":"F","bridge":"F","tunnel":"F"},"geometry":{"type":"LineString","coordinates":[[-73.9886785,40.722535],[-73.9886071,40.722758],[-73.9885782,40.7228496],[-73.9885488,40.7229822]]}},{"type":"Feature","properties":{"fclass":"secondary","name":"Hudson Street","oneway":"F","bridge":"F","tunnel":"F"},"geometry":{"type":"LineString","coordinates":[[-74.0070905,40.7287681],[-74.0069727,40.7294967],[-74.0069033,40.7299345]]}},{"type":"Feature","properties":{"fclass":"secondary","name":"Lafayette Street","oneway":"F","bridge":"F","tunnel":"F"},"geometry":{"type":"LineString","coordinates":[[-73.994129,40.72664],[-73.9938433,40.727019]]}},{"type":"Feature","properties":{"fclass":"unclassified","name":"MacDougal Street","oneway":"F","bridge":"F","tunnel":"F"},"geometry":{"type":"LineString","coordinates":[[-74.0011906,40.729171],[-74.0020997,40.7281031],[-74.002194,40.7279821],[-74.0023522,40.7277828],[-74.002513,40.727601],[-74.003122,40.726878]]}},{"type":"Feature","properties":{"fclass":"residential","name":"Thompson Street","oneway":"F","bridge":"F","tunnel":"F"},"geometry":{"type":"LineString","coordinates":[[-74.0044354,40.7227417],[-74.0046875,40.7224245],[-74.004992,40.7220988],[-74.0050504,40.7220398]]}},{"type":"Feature","properties":{"fclass":"secondary","name":"West Broadway","oneway":"F","bridge":"F","tunnel":"F"},"geometry":{"type":"LineString","coordinates":[[-74.0092213,40.7155224],[-74.0096776,40.7149502]]}},{"type":"Feature","properties":{"fclass":"cycleway","name":"Battery Park Greenway","oneway":"B","bridge":"F","tunnel":"F"},"geometry":{"type":"LineString","coordinates":[[-74.0147749,40.7032831],[-74.0147749,40.7031449],[-74.0147587,40.7029884],[-74.0147131,40.7028399],[-74.0146179,40.7026934],[-74.0144824,40.7025308],[-74.0143174,40.7023834],[-74.0142504,40.7023245],[-74.0141793,40.7022837],[-74.014111,40.7022513],[-74.014029,40.7022354]]}},{"type":"Feature","properties":{"fclass":"cycleway","name":"Battery Park Greenway","oneway":"B","bridge":"F","tunnel":"F"},"geometry":{"type":"LineString","coordinates":[[-74.0166264,40.7046281],[-74.016389,40.7046263],[-74.0162848,40.7046156],[-74.0161884,40.7046104],[-74.0160314,40.7046307],[-74.0158745,40.7046603],[-74.0157564,40.7046705],[-74.0156331,40.7046613],[-74.0154602,40.7046398],[-74.015267,40.7045993],[-74.0150954,40.7045535],[-74.014964,40.7045017],[-74.0148566,40.7044346],[-74.0148098,40.7044054],[-74.0147708,40.7043522],[-74.0147202,40.7042598],[-74.014693,40.7042098],[-74.0146675,40.7040898],[-74.0146634,40.7039873],[-74.014705,40.703881],[-74.0147749,40.7038119],[-74.0148043,40.7037426],[-74.0148204,40.7036512],[-74.0148767,40.7035618],[-74.014882,40.7034641],[-74.0148284,40.7033544],[-74.0147749,40.7032831],[-74.0147077,40.7033807],[-74.0146648,40.7034803],[-74.0146621,40.7035943],[-74.0146703,40.7037102],[-74.0146782,40.70382],[-74.014705,40.703881]]}},{"type":"Feature","properties":{"fclass":"cycleway","name":"Battery Park Greenway","oneway":"B","bridge":"F","tunnel":"F"},"geometry":{"type":"LineString","coordinates":[[-74.0170707,40.7047356],[-74.0170829,40.7046984],[-74.0170506,40.7046557],[-74.0170157,40.7046363],[-74.016863,40.7046323],[-74.0166264,40.7046281]]}},{"type":"Feature","properties":{"fclass":"cycleway","name":"Hudson River Greenway","oneway":"B","bridge":"F","tunnel":"F"},"geometry":{"type":"LineString","coordinates":[[-74.0098955,40.7400454],[-74.0099325,40.7399767],[-74.0099416,40.7399403],[-74.0099448,40.7398527],[-74.0099533,40.7398217],[-74.0099685,40.7397884],[-74.0100455,40.739656],[-74.0100881,40.7395696],[-74.0101418,40.739444],[-74.0101766,40.7393461],[-74.0102064,40.7392505],[-74.0102508,40.7390331],[-74.0102633,40.7389164],[-74.0102695,40.7387808],[-74.0102688,40.7386815],[-74.0102538,40.7385091],[-74.010193,40.7379475],[-74.0101781,40.7378233],[-74.0101655,40.7376425],[-74.0101586,40.7374805],[-74.0101681,40.7372798],[-74.0102366,40.7363304],[-74.0102796,40.7358816],[-74.0102872,40.7358225],[-74.0103538,40.7354248],[-74.0103715,40.7352502],[-74.0103911,40.7348411],[-74.0104055,40.7343663],[-74.0104201,40.7341461],[-74.0104366,40.733975],[-74.0104529,40.7338255],[-74.01052,40.7330541],[-74.0105424,40.7329406],[-74.0105595,40.7328619],[-74.0105788,40.7327845],[-74.010596,40.7326914],[-74.0106032,40.7326],[-74.010637,40.7323134],[-74.0106686,40.7318699],[-74.0106686,40.7315576],[-74.0106858,40.7313968],[-74.0107002,40.7312066],[-74.0107437,40.7306993],[-74.010753,40.730596],[-74.0108394,40.7297645],[-74.0108422,40.7297517],[-74.0108568,40.7296259],[-74.0108998,40.729513],[-74.010916,40.7294302],[-74.010942,40.7291525],[-74.0109665,40.7288714],[-74.0109613,40.7288228],[-74.0109486,40.7287687],[-74.010943,40.7287149],[-74.011059,40.7276805],[-74.0110743,40.7275487],[-74.011312,40.7258786],[-74.0113866,40.7254237],[-74.011408,40.7252983],[-74.0114381,40.7251107],[-74.011565,40.7244148],[-74.0116011,40.7242334],[-74.0118716,40.722918],[-74.0119652,40.7224546],[-74.0120011,40.7222623],[-74.0122445,40.7211271],[-74.0122644,40.7210778],[-74.012301,40.7210314],[-74.012315,40.720999],[-74.0124775,40.7202458],[-74.0125995,40.7197176],[-74.0126086,40.7196671],[-74.0126168,40.7196085],[-74.012639,40.7193951],[-74.0126525,40.7193052],[-74.012673,40.7192114],[-74.0127276,40.718977],[-74.0127748,40.7187633],[-74.0128092,40.7186721],[-74.0128552,40.7185875],[-74.0128896,40.7184899],[-74.0129545,40.718229]]}},{"type":"Feature","properties":{"fclass":"service","oneway":"F","bridge":"F","tunnel":"F"},"geometry":{"type":"LineString","coordinates":[[-74.0111236,40.7291998],[-74.011098,40.7294338],[-74.011082,40.7294684],[-74.0109974,40.7295527],[-74.01098,40.7295801],[-74.010976,40.7296715],[-74.0109922,40.7297061],[-74.0110257,40.7297235],[-74.0110793,40.7297255],[-74.0111115,40.7297113],[-74.0111262,40.7296767],[-74.011141,40.7294918],[-74.0111477,40.7294664],[-74.0111651,40.7294318],[-74.0111884,40.7291684]]}},{"type":"Feature","properties":{"fclass":"cycleway","name":"Old Slip","oneway":"F","bridge":"F","tunnel":"F"},"geometry":{"type":"LineString","coordinates":[[-74.0076856,40.7032318],[-74.0077786,40.7033242]]}},{"type":"Feature","properties":{"fclass":"primary","name":"South Street","oneway":"F","bridge":"F","tunnel":"F"},"geometry":{"type":"LineString","coordinates":[[-74.0078704,40.703268],[-74.0080502,40.7031645]]}},{"type":"Feature","properties":{"fclass":"primary","name":"South Street","oneway":"F","bridge":"F","tunnel":"F"},"geometry":{"type":"LineString","coordinates":[[-74.0077786,40.7033242],[-74.0078704,40.703268]]}},{"type":"Feature","properties":{"fclass":"footway","oneway":"B","bridge":"F","tunnel":"F"},"geometry":{"type":"LineString","coordinates":[[-74.0076663,40.7033218],[-74.0077078,40.703368]]}},{"type":"Feature","properties":{"fclass":"footway","oneway":"B","bridge":"F","tunnel":"F"},"geometry":{"type":"LineString","coordinates":[[-73.9963687,40.7102856],[-73.9966418,40.7113308]]}},{"type":"Feature","properties":{"fclass":"footway","oneway":"B","bridge":"F","tunnel":"F"},"geometry":{"type":"LineString","coordinates":[[-73.9982063,40.7099364],[-73.9981347,40.7099595]]}},{"type":"Feature","properties":{"fclass":"footway","oneway":"B","bridge":"F","tunnel":"F"},"geometry":{"type":"LineString","coordinates":[[-73.996842,40.7120313],[-73.996703,40.7114848],[-73.9966696,40.7114709]]}},{"type":"Feature","properties":{"fclass":"footway","oneway":"B","bridge":"F","tunnel":"F"},"geometry":{"type":"LineString","coordinates":[[-73.9964802,40.7096782],[-73.9965882,40.7101301],[-73.9966167,40.7102488]]}},{"type":"Feature","properties":{"fclass":"footway","oneway":"B","bridge":"F","tunnel":"F"},"geometry":{"type":"LineString","coordinates":[[-73.9963524,40.7101562],[-73.996259,40.7098287],[-73.996244,40.7097696],[-73.9962295,40.7097119]]}},{"type":"Feature","properties":{"fclass":"footway","oneway":"B","bridge":"F","tunnel":"F"},"geometry":{"type":"LineString","coordinates":[[-73.9963565,40.7092888],[-73.9963783,40.7092981],[-73.9964802,40.7096782],[-73.996367,40.7096935],[-73.9962295,40.7097119],[-73.9961114,40.7093049]]}},{"type":"Feature","properties":{"fclass":"footway","oneway":"B","bridge":"F","tunnel":"F"},"geometry":{"type":"LineString","coordinates":[[-73.9989086,40.7098677],[-73.9982666,40.7099344],[-73.9982063,40.7099364],[-73.9981647,40.7098968],[-73.9981231,40.7097383],[-73.9980924,40.7096284],[-73.9980587,40.7095888],[-73.9980024,40.7095482],[-73.9979746,40.7095237]]}},{"type":"Feature","properties":{"fclass":"cycleway","name":"East River Esplanade","oneway":"B","bridge":"F","tunnel":"F"},"geometry":{"type":"LineString","coordinates":[[-73.9745583,40.7349157],[-73.9745553,40.7349029],[-73.9745546,40.7348882],[-73.9745675,40.7348645],[-73.9745721,40.7348313],[-73.974474,40.7344293],[-73.9744564,40.7342116],[-73.9744318,40.7341162],[-73.974279,40.7335237],[-73.9741093,40.7328566],[-73.9739457,40.7322119],[-73.973848,40.7318325],[-73.9737615,40.7316529],[-73.973684,40.7315426],[-73.9736673,40.7315199],[-73.9735082,40.7313027],[-73.973468,40.7312647],[-73.973387,40.7311875],[-73.9731926,40.7309727],[-73.9730111,40.7307997],[-73.9728656,40.7306616],[-73.9726916,40.7305245],[-73.9721796,40.7301533],[-73.9720626,40.7300653],[-73.9719382,40.7299258],[-73.9718201,40.7297814],[-73.9717045,40.7296116],[-73.9715675,40.7293789],[-73.9714861,40.7291738],[-73.971457,40.729003],[-73.9714485,40.7287706],[-73.9714447,40.7287396],[-73.9714631,40.7285936],[-73.9715031,40.7283522],[-73.9715987,40.7278423],[-73.9716248,40.7278123],[-73.971652,40.7276924],[-73.9716968,40.7273972],[-73.9717612,40.7269134],[-73.9718256,40.7265557],[-73.9719382,40.7262264],[-73.9720812,40.7259184],[-73.9721421,40.7257874],[-73.9724371,40.7252913],[-73.9728823,40.7245254],[-73.9730708,40.7241793],[-73.973101,40.7241012],[-73.9732012,40.7239451],[-73.9732816,40.7238197],[-73.973695,40.7231024],[-73.9739401,40.7226231],[-73.9740455,40.722375],[-73.974163,40.722116],[-73.9743197,40.7214772],[-73.9743337,40.7208106],[-73.974524,40.7197459],[-73.9745491,40.7195391],[-73.9745878,40.7189832],[-73.9746078,40.7186958],[-73.9746204,40.7185383],[-73.9746767,40.7182008],[-73.9746903,40.7181196],[-73.974776,40.7178065],[-73.9749805,40.7173683],[-73.975064,40.7171891],[-73.9750871,40.7171397],[-73.9753381,40.7166452],[-73.9755163,40.716294],[-73.9755673,40.7161933],[-73.9756397,40.7160502],[-73.9763912,40.714565],[-73.9764968,40.714359],[-73.976666,40.7140293],[-73.9769808,40.7134153],[-73.9770725,40.7132507],[-73.9772245,40.7129785],[-73.9772758,40.7128866],[-73.9774636,40.7125167],[-73.9776352,40.7122239],[-73.9778575,40.7118792],[-73.9781287,40.711679],[-73.9783755,40.7114594],[-73.9786437,40.7112643],[-73.978987,40.7110812],[-73.9794162,40.7109308],[-73.979883,40.7108006],[-73.9803998,40.7107112],[-73.9805321,40.7106868],[-73.9817014,40.710581],[-73.983182,40.7104713],[-73.9846358,40.7103493],[-73.9848343,40.7103941],[-73.9850167,40.7104998],[-73.9851454,40.71052],[-73.986563,40.7103606],[-73.9877954,40.7102233],[-73.9886806,40.7101216],[-73.9888326,40.7100055],[-73.9894513,40.7099242],[-73.9902363,40.7098084],[-73.9913681,40.7096499],[-73.9925752,40.709471],[-73.9935784,40.7093286],[-73.9940004,40.7092995],[-73.994383,40.7092758],[-73.9954378,40.7091355],[-73.9960165,40.7090376],[-73.9965072,40.7089708],[-73.9971778,40.7088488],[-73.9977411,40.7087553],[-73.9981852,40.7086289],[-73.9985898,40.7084367],[-73.9987356,40.7083493],[-73.9990664,40.7081757],[-73.9992998,40.7080596],[-73.9997566,40.7078048],[-73.9999078,40.7077033],[-74.0000076,40.7076526],[-74.0001129,40.7075668],[-74.0002026,40.7074773],[-74.0009722,40.7070774],[-74.0010524,40.7070605],[-74.0014557,40.706869],[-74.0013485,40.706758],[-74.0013437,40.7067463],[-74.0013485,40.706734],[-74.0018031,40.7064808],[-74.0018225,40.7064789],[-74.001839,40.7064877],[-74.0019072,40.70656],[-74.0019218,40.7065696],[-74.0019409,40.7065745],[-74.0020245,40.7065771]]}},{"type":"Feature","properties":{"fclass":"footway","oneway":"B","bridge":"F","tunnel":"F"},"geometry":{"type":"LineString","coordinates":[[-74.0115674,40.7127454],[-74.0116107,40.7125258],[-74.0118803,40.7120484]]}},{"type":"Feature","properties":{"fclass":"residential","name":"Washington Street","oneway":"B","bridge":"F","tunnel":"T"},"geometry":{"type":"LineString","coordinates":[[-74.0146923,40.707428],[-74.0147223,40.7073541]]}}]}